byte offset: 0
first index: 16233
index count: 37512
topology: trianglelist
format: DXGI_FORMAT_R16_UINT

4683 4684 4685
4684 4683 4686
4687 4684 4686
4684 4687 4688
4689 4688 4687
4688 4689 4690
4691 4690 4689
4690 4691 4692
4693 4692 4691
4693 4691 4694
4694 4695 4693
4696 4695 4694
4696 4697 4695
4698 4697 4696
4699 4698 4696
4700 4698 4699
4701 4698 4700
4701 4697 4698
4700 4702 4701
4703 4702 4700
4704 4702 4703
4703 4700 4705
4705 4700 4699
4703 4705 4706
4703 4706 4707
4704 4703 4707
4706 4708 4707
4709 4707 4708
4704 4707 4709
4709 4708 4710
4710 4708 4711
4712 4704 4709
4709 4713 4712
4714 4713 4709
4709 4715 4714
4709 4710 4715
4714 4715 4716
4714 4716 4717
4717 4716 4718
4712 4713 4719
4719 4720 4712
4721 4720 4719
4719 4722 4721
4722 4723 4721
4722 4724 4723
4722 4725 4724
4726 4712 4720
4712 4726 4704
4726 4720 4727
4721 4727 4720
4728 4726 4727
4728 4727 4729
4729 4727 4730
4730 4731 4729
4731 4730 4732
4732 4733 4731
4733 4732 4734
4704 4726 4702
4735 4726 4728
4726 4735 4702
4736 4735 4728
4701 4702 4735
4737 4735 4736
4737 4701 4735
4738 4737 4736
4738 4736 4739
4739 4736 4740
4740 4741 4739
4742 4738 4739
4697 4701 4737
4738 4742 4743
4744 4743 4742
4745 4737 4738
4745 4697 4737
4743 4745 4738
4695 4697 4745
4746 4743 4744
4747 4746 4744
4748 4745 4743
4745 4748 4695
4746 4748 4743
4693 4695 4748
4749 4748 4746
4748 4749 4693
4747 4750 4746
4746 4750 4749
4751 4749 4750
4749 4751 4693
4751 4692 4693
4752 4741 4740
4740 4753 4752
4753 4740 4736
4754 4752 4753
4736 4754 4753
4752 4754 4755
4754 4736 4728
4752 4755 4756
4752 4756 4757
4757 4756 4758
4741 4752 4757
4757 4759 4741
4759 4757 4760
4760 4757 4758
4760 4761 4759
4762 4759 4761
4762 4761 4763
4759 4762 4764
4761 4760 4765
4765 4766 4761
4766 4765 4767
4761 4766 4768
4761 4768 4763
4767 4769 4766
4766 4769 4768
4768 4769 4770
4769 4771 4770
4771 4772 4770
4772 4771 4773
4774 4773 4771
4773 4774 4775
4776 4771 4769
4771 4776 4774
4769 4767 4776
4777 4775 4774
4778 4777 4774
4778 4774 4776
4779 4778 4776
4779 4776 4767
4780 4779 4767
4765 4780 4767
4781 4780 4765
4780 4781 4782
4765 4760 4781
4758 4781 4760
4777 4783 4775
4784 4785 4786
4784 4787 4785
4788 4787 4784
4788 4789 4787
4790 4789 4788
4786 4785 4791
4785 4792 4791
4792 4793 4791
4794 4795 4796
4796 4795 4797
4797 4795 4798
4799 4798 4795
4798 4799 4800
4800 4801 4798
4801 4800 4802
4803 4798 4801
4798 4803 4804
4797 4798 4804
4804 4805 4797
4806 4797 4805
4797 4806 4807
4805 4804 4808
4803 4808 4804
4802 4809 4801
4809 4802 4810
4811 4801 4809
4811 4812 4801
4812 4803 4801
4812 4813 4803
4808 4803 4813
4813 4812 4814
4811 4814 4812
4810 4815 4809
4815 4810 4816
4816 4817 4815
4817 4816 4818
4819 4815 4817
4818 4820 4817
4820 4818 4821
4822 4819 4817
4822 4817 4820
4822 4823 4819
4823 4822 4824
4820 4821 4825
4820 4825 4826
4826 4824 4822
4822 4820 4826
4824 4826 4827
4825 4828 4826
4828 4827 4826
4829 4819 4823
4819 4829 4830
4819 4830 4815
4831 4830 4829
4830 4831 4811
4814 4811 4831
4811 4809 4830
4809 4815 4830
4832 4833 4834
4832 4835 4833
4833 4836 4834
4836 4837 4834
4837 4836 4838
4838 4839 4837
4839 4838 4840
4840 4841 4839
4841 4840 4842
4842 4843 4841
4843 4842 4844
4843 4844 4845
4835 4832 4846
4832 4847 4846
4847 4848 4846
4847 4849 4848
4849 4850 4848
4851 4852 4853
4852 4851 4854
4853 4855 4851
4855 4853 4856
4857 4855 4856
4855 4857 4858
4859 4858 4857
4858 4859 4860
4861 4860 4859
4860 4861 4862
4863 4862 4861
4862 4863 4864
4865 4864 4863
4864 4865 4866
4865 4867 4866
4865 4868 4867
4868 4869 4867
4870 4869 4868
4870 4871 4869
4872 4871 4870
4872 4873 4871
4874 4873 4872
4874 4875 4873
4874 4876 4875
4877 4878 4879
4878 4877 4880
4878 4881 4879
4881 4878 4882
4882 4883 4881
4883 4882 4884
4884 4885 4883
4885 4884 4886
4886 4887 4885
4887 4886 4888
4889 4887 4888
4887 4889 4890
4891 4892 4893
4892 4891 4894
4895 4896 4897
4896 4895 4898
4899 4900 4901
4902 4903 4904
4903 4902 4905
4903 4906 4904
4906 4903 4907
4907 4908 4906
4908 4907 4909
4909 4910 4908
4910 4909 4911
4912 4910 4911
4913 4912 4911
4913 4914 4912
4914 4913 4915
4914 4915 4916
4910 4912 4917
4914 4917 4912
4917 4914 4918
4914 4919 4918
4919 4914 4920
4916 4920 4914
4920 4921 4919
4921 4920 4922
4922 4923 4921
4923 4922 4924
4924 4925 4923
4925 4924 4926
4927 4925 4926
4922 4920 4928
4920 4929 4928
4920 4916 4929
4930 4931 4932
4931 4930 4933
4934 4931 4933
4931 4934 4935
4936 4935 4934
4935 4936 4937
4936 4938 4937
4938 4936 4939
4938 4939 4940
4941 4942 4943
4942 4941 4944
4943 4945 4941
4945 4943 4946
4946 4947 4945
4947 4948 4945
4947 4949 4948
4948 4949 4950
4944 4951 4942
4951 4944 4952
4953 4954 4955
4954 4953 4956
4955 4957 4953
4957 4955 4958
4958 4959 4957
4959 4958 4960
4960 4961 4959
4961 4960 4962
4962 4963 4961
4963 4962 4964
4964 4965 4963
4965 4964 4966
4966 4967 4965
4967 4966 4968
4968 4969 4967
4969 4968 4970
4969 4970 4971
4972 4954 4956
4954 4972 4973
4974 4975 4976
4977 4976 4975
4978 4979 4980
4981 4978 4980
4978 4981 4982
4983 4978 4982
4984 4978 4983
4978 4984 4979
4983 4982 4985
4985 4986 4983
4986 4987 4983
4984 4983 4988
4987 4988 4983
4980 4979 4989
4990 4986 4985
4986 4990 4991
4992 4991 4990
4991 4992 4993
4994 4993 4992
4993 4994 4995
4996 4995 4994
4995 4996 4997
4998 4997 4996
4999 4989 5000
5000 5001 4999
5002 4999 5001
5003 5002 5001
5002 5004 4999
5004 5005 4999
5005 4980 4999
4980 4989 4999
5005 4981 4980
5006 5007 5008
5007 5006 5009
5010 5008 5007
5008 5010 5011
5012 5011 5010
5011 5012 5013
5014 5013 5012
5013 5014 5015
5015 5014 5016
5016 5017 5015
5018 5017 5016
5019 5020 5021
5020 5019 5022
5019 5023 5022
5024 5021 5020
5021 5024 5025
5024 5026 5025
5026 5024 5027
5027 5028 5026
5028 5027 5029
5029 5030 5028
5030 5029 5031
5031 5032 5030
5032 5031 5033
5034 5035 5036
5035 5034 5037
5037 5038 5035
5038 5037 5039
5039 5040 5038
5040 5039 5041
5041 5042 5040
5042 5041 5043
5043 5044 5042
5044 5043 5045
5045 5046 5044
5046 5045 5047
5048 5049 5050
5050 5049 5051
5049 5052 5051
5052 5049 5053
5053 5054 5052
5054 5053 5055
5055 5056 5054
5056 5055 5057
5057 5058 5056
5058 5057 5059
5060 5061 5062
5061 5063 5062
5063 5064 5062
5064 5065 5062
5064 5066 5065
5066 5067 5065
5068 5067 5066
5067 5068 5069
5070 5069 5068
5069 5070 5071
5072 5073 5074
5075 5076 5077
5078 5079 5080
5079 5078 5081
5079 5082 5080
5082 5079 5083
5084 5081 5078
5081 5084 5085
5083 5086 5082
5086 5083 5087
5088 5085 5084
5085 5088 5089
5090 5091 5092
5091 5090 5093
5094 5093 5090
5093 5094 5095
5096 5092 5091
5092 5096 5097
5098 5095 5094
5095 5098 5099
5100 5101 5102
5101 5100 5103
5104 5105 5106
5105 5104 5107
5108 5107 5104
5107 5108 5109
5108 5110 5109
5110 5108 5111
5111 5112 5110
5112 5111 5113
5113 5114 5112
5114 5113 5115
5115 5116 5114
5116 5115 5117
5117 5118 5116
5118 5117 5119
5118 5119 5120
5118 5120 5121
5121 5120 5122
5123 5121 5122
5123 5122 5124
5125 5123 5124
5125 5124 5126
5127 5125 5126
5127 5126 5128
5127 5128 5129
5130 5131 5132
5131 5130 5133
5134 5130 5132
5130 5134 5135
5136 5135 5134
5135 5136 5137
5138 5137 5136
5137 5138 5139
5140 5139 5138
5139 5140 5141
5140 5142 5141
5142 5140 5143
5144 5145 5146
5145 5144 5147
5148 5149 5150
5149 5148 5151
5152 5153 5154
5155 5156 5157
5156 5155 5158
5159 5156 5158
5156 5159 5160
5161 5160 5159
5160 5161 5162
5163 5162 5161
5162 5163 5164
5163 5165 5164
5166 5164 5165
5167 5166 5165
5166 5167 5168
5167 5169 5168
5165 5163 5170
5170 5167 5165
5167 5170 5171
5172 5167 5171
5167 5172 5173
5173 5169 5167
5174 5173 5172
5173 5174 5175
5176 5175 5174
5175 5176 5177
5178 5177 5176
5177 5178 5179
5180 5179 5178
5175 5181 5173
5173 5181 5182
5169 5173 5182
5183 5184 5185
5184 5183 5186
5183 5187 5186
5187 5183 5188
5188 5189 5187
5189 5188 5190
5191 5189 5190
5189 5191 5192
5191 5193 5192
5194 5195 5196
5195 5194 5197
5198 5197 5194
5197 5198 5199
5199 5198 5200
5200 5198 5201
5200 5201 5202
5201 5203 5202
5204 5196 5195
5196 5204 5205
5206 5207 5208
5207 5206 5209
5210 5209 5206
5209 5210 5211
5212 5211 5210
5211 5212 5213
5214 5213 5212
5213 5214 5215
5216 5215 5214
5215 5216 5217
5218 5217 5216
5217 5218 5219
5220 5219 5218
5219 5220 5221
5222 5221 5220
5221 5222 5223
5222 5224 5223
5225 5226 5227
5228 5227 5226
5229 5230 5231
5232 5230 5229
5229 5233 5232
5234 5233 5229
5235 5234 5229
5229 5231 5235
5234 5236 5233
5236 5234 5237
5237 5234 5238
5235 5239 5234
5238 5234 5239
5230 5240 5231
5237 5241 5236
5241 5237 5242
5242 5243 5241
5243 5242 5244
5244 5245 5243
5245 5244 5246
5246 5247 5245
5247 5246 5248
5249 5247 5248
5250 5251 5240
5251 5250 5252
5253 5252 5250
5254 5252 5253
5253 5250 5255
5255 5250 5256
5256 5250 5230
5230 5250 5240
5256 5230 5232
5257 5258 5259
5258 5257 5260
5260 5261 5258
5261 5260 5262
5262 5263 5261
5263 5262 5264
5264 5265 5263
5265 5264 5266
5266 5267 5265
5267 5266 5268
5269 5267 5268
5270 5271 5272
5271 5270 5273
5270 5272 5274
5273 5275 5271
5275 5273 5276
5277 5275 5276
5275 5277 5278
5279 5278 5277
5278 5279 5280
5281 5280 5279
5280 5281 5282
5283 5282 5281
5282 5283 5284
5285 5286 5287
5286 5285 5288
5289 5288 5285
5288 5289 5290
5291 5290 5289
5290 5291 5292
5293 5292 5291
5292 5293 5294
5295 5294 5293
5294 5295 5296
5297 5296 5295
5296 5297 5298
5299 5207 5300
5207 5299 5208
5301 5302 5303
5302 5304 5303
5305 5303 5304
5303 5305 5306
5307 5306 5305
5306 5307 5308
5309 5308 5307
5308 5309 5310
5311 5310 5309
5310 5311 5312
5313 5314 5315
5315 5314 5316
5316 5314 5317
5317 5314 5318
5317 5318 5319
5319 5318 5320
5320 5321 5319
5321 5320 5322
5322 5323 5321
5323 5322 5324
5325 5326 5327
5328 5329 5330
5331 5332 5333
5332 5331 5334
5335 5331 5333
5331 5335 5336
5334 5337 5332
5337 5334 5338
5339 5336 5335
5336 5339 5340
5338 5341 5337
5341 5338 5342
5343 5344 5345
5344 5343 5346
5346 5347 5344
5347 5346 5348
5345 5349 5343
5349 5345 5350
5348 5351 5347
5351 5348 5352
5353 5354 5355
5354 5353 5356
5357 5358 5359
5357 5359 5360
5361 5358 5362
5363 5364 5365
5363 5366 5364
5367 5368 5369
5370 5371 5372
5373 5374 5375
5375 5376 5373
5373 5376 5377
5373 5377 5378
5379 5380 5381
5380 5379 5382
5383 5384 5385
5385 5384 5386
5386 5384 5387
5387 5384 5388
5389 5390 5391
5390 5389 5392
5390 5393 5391
5393 5390 5394
5395 5393 5394
5396 5397 5398
5397 5396 5399
5400 5401 5402
5403 5404 5405
5403 5405 5406
5407 5408 5403
5409 5410 5411
5412 5411 5410
5411 5412 5413
5409 5411 5414
5415 5409 5414
5409 5415 5416
5414 5417 5415
5417 5414 5418
5411 5418 5414
5418 5411 5419
5420 5416 5415
5417 5421 5415
5420 5415 5421
5421 5422 5420
5422 5421 5423
5421 5417 5424
5416 5425 5409
5425 5416 5426
5427 5426 5416
5425 5428 5409
5429 5420 5422
5420 5429 5430
5427 5416 5430
5430 5416 5420
5430 5431 5427
5431 5430 5429
5432 5427 5431
5427 5432 5433
5433 5426 5427
5425 5434 5428
5435 5428 5434
5428 5435 5436
5436 5437 5428
5409 5428 5437
5437 5436 5438
5438 5410 5437
5409 5437 5410
5410 5438 5439
5440 5435 5434
5435 5440 5441
5432 5442 5433
5442 5432 5443
5443 5444 5442
5444 5443 5445
5445 5446 5444
5446 5445 5447
5447 5448 5446
5448 5447 5449
5442 5444 5450
5444 5446 5450
5446 5451 5450
5446 5448 5451
5451 5452 5450
5452 5451 5453
5454 5453 5451
5448 5454 5451
5453 5454 5455
5455 5456 5453
5452 5453 5456
5452 5456 5457
5456 5455 5458
5454 5448 5459
5425 5450 5452
5450 5425 5426
5442 5450 5426
5425 5452 5440
5433 5442 5426
5456 5460 5457
5460 5456 5461
5425 5440 5434
5452 5462 5440
5457 5463 5462
5463 5457 5464
5441 5462 5463
5462 5441 5440
5452 5457 5462
5465 5466 5467
5465 5468 5466
5466 5468 5469
5469 5468 5470
5470 5468 5471
5470 5471 5472
5473 5472 5471
5473 5471 5474
5475 5473 5474
5476 5475 5474
5477 5476 5474
5477 5478 5476
5479 5477 5474
5471 5479 5474
5477 5479 5480
5479 5471 5481
5471 5482 5481
5482 5471 5468
5479 5483 5480
5483 5479 5484
5481 5484 5479
5484 5485 5483
5485 5484 5486
5487 5486 5484
5488 5487 5484
5484 5481 5488
5487 5488 5489
5487 5490 5486
5490 5487 5491
5488 5492 5489
5492 5488 5493
5481 5493 5488
5493 5481 5482
5494 5493 5482
5493 5494 5495
5496 5493 5495
5493 5496 5497
5492 5493 5497
5482 5465 5494
5465 5482 5468
5498 5499 5500
5501 5499 5498
5502 5499 5501
5499 5502 5503
5504 5501 5498
5501 5504 5505
5505 5502 5501
5502 5505 5506
5506 5507 5502
5507 5503 5502
5507 5508 5503
5509 5508 5507
5507 5506 5510
5498 5511 5504
5512 5507 5510
5507 5512 5509
5510 5513 5512
5514 5503 5508
5503 5515 5499
5515 5503 5514
5516 5508 5509
5513 5517 5512
5510 5518 5513
5510 5519 5518
5519 5510 5520
5521 5519 5520
5519 5521 5522
5523 5522 5521
5522 5523 5524
5525 5524 5523
5524 5525 5526
5499 5515 5500
5527 5528 5529
5528 5527 5530
5531 5527 5529
5527 5531 5532
5533 5527 5532
5527 5533 5534
5532 5535 5533
5535 5532 5536
5527 5537 5530
5537 5527 5534
5536 5538 5535
5538 5536 5539
5540 5532 5531
5532 5540 5536
5539 5541 5538
5539 5542 5541
5536 5543 5539
5543 5536 5544
5545 5544 5536
5540 5545 5536
5545 5540 5531
5531 5546 5545
5546 5531 5547
5548 5546 5547
5546 5548 5549
5546 5550 5545
5544 5545 5550
5550 5546 5551
5546 5552 5551
5552 5546 5549
5539 5543 5553
5539 5553 5554
5554 5555 5539
5554 5556 5555
5557 5555 5556
5555 5557 5558
5558 5539 5555
5556 5554 5559
5559 5557 5556
5557 5559 5560
5561 5560 5559
5560 5561 5562
5563 5562 5561
5563 5561 5564
5561 5565 5564
5559 5565 5561
5559 5554 5565
5564 5566 5563
5567 5563 5566
5566 5568 5567
5569 5567 5568
5567 5570 5563
5562 5563 5570
5570 5567 5571
5567 5569 5572
5573 5574 5558
5574 5573 5575
5542 5574 5575
5575 5576 5542
5573 5576 5575
5576 5573 5577
5577 5578 5576
5578 5577 5579
5579 5580 5578
5580 5581 5578
5578 5581 5582
5576 5578 5582
5576 5582 5542
5581 5580 5583
5584 5583 5580
5583 5584 5585
5586 5585 5584
5587 5584 5580
5580 5579 5587
5584 5587 5588
5584 5589 5586
5542 5539 5574
5574 5539 5558
5590 5591 5592
5593 5594 5595
5596 5594 5593
5593 5597 5596
5598 5596 5597
5597 5599 5598
5600 5598 5599
5601 5602 5603
5604 5605 5606
5605 5604 5607
5608 5609 5610
5609 5608 5611
5612 5610 5609
5613 5611 5608
5611 5613 5614
5615 5616 5617
5618 5619 5620
5621 5622 5623
5622 5621 5624
5625 5624 5621
5624 5625 5626
5627 5628 5629
5627 5630 5628
5630 5627 5631
5632 5631 5627
5631 5632 5633
5634 5635 5636
5635 5634 5637
5637 5638 5635
5638 5637 5639
5640 5634 5636
5641 5642 5643
5641 5643 5644
5645 5646 5647
5648 5649 5650
5651 5652 5653
5654 5655 5656
5655 5654 5657
5654 5658 5657
5654 5659 5658
5660 5661 5662
5661 5660 5663
5664 5665 5666
5665 5667 5666
5667 5668 5666
5668 5669 5666
5670 5671 5672
5671 5670 5673
5674 5671 5673
5671 5674 5675
5676 5677 5678
5677 5676 5679
5680 5681 5682
5683 5684 5685
5685 5686 5683
5686 5687 5683
5686 5688 5687
5689 5690 5691
5692 5689 5691
5691 5693 5692
5693 5691 5694
5692 5695 5689
5695 5692 5696
5693 5696 5692
5696 5693 5697
5698 5697 5693
5698 5693 5694
5698 5694 5699
5700 5698 5699
5697 5698 5701
5689 5695 5702
5703 5698 5700
5698 5703 5701
5701 5703 5704
5705 5699 5694
5706 5694 5691
5694 5706 5705
5707 5700 5699
5704 5703 5708
5701 5704 5709
5710 5701 5709
5701 5710 5711
5710 5712 5711
5712 5710 5713
5713 5714 5712
5714 5713 5715
5715 5716 5714
5716 5715 5717
5718 5708 5703
5719 5718 5703
5703 5720 5719
5720 5703 5700
5700 5707 5721
5721 5720 5700
5722 5719 5720
5723 5719 5722
5719 5723 5724
5724 5725 5719
5719 5725 5718
5723 5726 5724
5727 5724 5726
5726 5728 5727
5729 5727 5728
5728 5730 5729
5731 5729 5730
5730 5732 5731
5732 5733 5731
5732 5734 5733
5734 5735 5733
5733 5736 5731
5736 5733 5737
5735 5737 5733
5737 5735 5738
5730 5739 5732
5728 5740 5730
5741 5742 5743
5744 5745 5746
5745 5744 5747
5748 5744 5746
5744 5748 5749
5750 5749 5748
5749 5750 5751
5752 5751 5750
5753 5754 5755
5754 5753 5756
5757 5758 5759
5758 5757 5760
5761 5758 5760
5759 5762 5757
5762 5759 5763
5764 5765 5766
5767 5768 5769
5770 5771 5772
5771 5770 5773
5772 5774 5770
5774 5772 5775
5776 5777 5778
5779 5776 5778
5776 5779 5780
5780 5781 5776
5781 5780 5782
5783 5784 5785
5784 5783 5786
5787 5785 5784
5785 5787 5788
5789 5786 5783
5691 5690 5706
5790 5791 5792
5791 5790 5793
5794 5791 5793
5791 5794 5795
5794 5793 5796
5793 5797 5796
5797 5793 5798
5799 5798 5793
5798 5799 5800
5801 5802 5803
5802 5801 5804
5805 5806 5807
5806 5805 5808
5809 5810 5811
5810 5809 5812
5809 5813 5812
5813 5809 5814
5813 5815 5812
5816 5812 5815
5812 5816 5817
5812 5817 5818
5819 5812 5818
5819 5818 5820
5821 5822 5823
5822 5821 5824
5825 5826 5827
5826 5825 5828
5829 5830 5831
5830 5829 5832
5833 5834 5835
5836 5833 5835
5835 5837 5836
5838 5839 5840
5840 5839 5841
5841 5842 5840
5842 5841 5843
5843 5841 5844
5845 5843 5844
5843 5845 5846
5847 5846 5845
5846 5847 5848
5848 5847 5849
5848 5849 5850
5849 5847 5851
5852 5849 5851
5849 5852 5853
5854 5855 5856
5855 5854 5857
5858 5859 5860
5860 5861 5858
5862 5861 5860
5863 5861 5862
5859 5864 5860
5859 5865 5864
5865 5866 5864
5867 5868 5869
5870 5871 5872
5870 5873 5871
5870 5874 5873
5871 5875 5872
5875 5871 5876
5876 5877 5875
5877 5878 5875
5877 5879 5878
5879 5877 5880
5880 5881 5879
5881 5880 5882
5882 5883 5881
5882 5884 5883
5883 5885 5881
5883 5886 5885
5886 5883 5887
5888 5872 5875
5872 5888 5889
5890 5872 5889
5872 5890 5891
5892 5891 5890
5891 5892 5893
5874 5891 5893
5894 5887 5883
5884 5894 5883
5887 5894 5895
5886 5896 5885
5896 5886 5897
5898 5886 5887
5886 5898 5899
5900 5893 5892
5893 5900 5901
5902 5901 5900
5901 5902 5903
5903 5904 5901
5904 5903 5905
5906 5901 5904
5901 5906 5893
5906 5874 5893
5907 5906 5904
5908 5907 5904
5905 5909 5904
5909 5905 5910
5903 5911 5905
5911 5903 5912
5913 5904 5909
5904 5913 5908
5914 5871 5915
5871 5914 5876
5916 5876 5917
5876 5916 5877
5918 5877 5916
5877 5918 5880
5919 5880 5918
5880 5919 5882
5919 5884 5882
5884 5919 5920
5894 5884 5921
5922 5875 5878
5875 5922 5888
5878 5923 5922
5923 5878 5879
5879 5924 5923
5924 5879 5881
5885 5924 5881
5924 5885 5896
5925 5926 5927
5925 5928 5926
5927 5926 5929
5930 5928 5925
5928 5930 5931
5925 5932 5930
5933 5931 5930
5931 5933 5934
5935 5934 5933
5934 5935 5936
5937 5936 5935
5938 5936 5937
5936 5938 5939
5940 5939 5938
5939 5940 5941
5930 5942 5933
5943 5944 5945
5946 5944 5943
5947 5944 5946
5947 5946 5948
5949 5947 5948
5949 5948 5950
5950 5951 5949
5951 5950 5952
5951 5952 5953
5954 5943 5945
5954 5945 5955
5955 5956 5954
5956 5955 5957
5956 5958 5954
5956 5959 5958
5959 5956 5960
5959 5960 5961
5961 5960 5962
5951 5953 5963
5953 5964 5963
5953 5965 5964
5964 5965 5966
5967 5968 5969
5970 5967 5969
5971 5970 5969
5970 5971 5972
5972 5973 5970
5972 5974 5973
5974 5972 5975
5975 5976 5974
5976 5975 5720
5976 5720 5977
5978 5969 5968
5969 5978 5979
5980 5975 5972
5971 5980 5972
5975 5980 5981
5980 5971 5982
5982 5969 5979
5969 5982 5971
5720 5975 5983
5981 5983 5975
5983 5981 5984
5985 5983 5984
5983 5985 5722
5720 5983 5722
5720 5721 5977
5986 5987 5988
5986 5988 5989
5987 5990 5988
5991 5987 5986
5987 5991 5992
5993 5986 5989
5994 5993 5989
5995 5994 5989
5989 5996 5995
5995 5968 5994
5968 5967 5994
5997 5986 5993
5986 5997 5998
5999 6000 6001
6000 5999 6002
6003 6004 6005
6004 6003 6006
6007 6008 6009
6008 6007 6010
6008 6011 6009
6011 6008 6012
6012 6013 6011
6013 6012 6014
6014 6015 6013
6015 6014 6016
6007 6017 6010
6017 6007 6018
6019 6020 6021
6020 6022 6021
6023 6024 6025
6024 6023 6026
6027 6026 6023
6026 6027 6028
6029 6028 6027
6028 6029 6030
6031 6032 6033
6032 6031 6034
6035 6036 6037
6036 6035 6038
6039 6040 6041
6040 6039 6042
6043 6041 6040
6041 6043 6044
6045 6044 6043
6044 6045 6046
6045 6047 6046
6047 6045 6048
6048 6049 6047
6049 6048 6050
6050 6051 6049
6051 6050 6052
6053 6054 6055
6054 6053 6056
6055 6057 6053
6057 6055 6058
6059 6060 6061
6060 6059 6062
6063 6064 6065
6064 6063 6066
6067 6068 6069
6068 6067 6070
6071 6072 6073
6072 6071 6074
6075 6076 6077
6076 6075 6078
6079 6080 6081
6082 6083 6084
6085 6086 6087
6085 6088 6086
6088 6085 6089
6090 6091 6087
6090 6092 6091
6093 6091 6092
6092 6094 6093
6087 6091 6095
6096 6087 6095
6097 6098 6099
6097 6100 6098
6097 6101 6100
6102 6100 6101
6102 6101 6103
6103 6104 6102
6103 6105 6104
6105 6106 6104
6107 6097 6099
6108 6109 6110
6108 6110 6111
6112 6113 6114
6115 6112 6114
6112 6115 6116
6113 6117 6114
6117 6115 6114
6117 6113 6118
6115 6119 6116
6119 6115 6120
6115 6117 6121
6122 6118 6113
6123 6122 6113
6118 6122 6124
6123 6125 6122
6125 6123 6126
6127 6123 6113
6127 6113 6128
6129 6123 6127
6127 6130 6129
6130 6127 6131
6131 6127 6128
6132 6131 6128
6131 6132 6133
6133 6134 6131
6134 6130 6131
6135 6134 6133
6130 6134 6136
6134 6137 6136
6137 6134 6138
6135 6139 6134
6139 6135 6140
6139 6140 6141
6142 6141 6140
6142 6143 6141
6144 6143 6142
6144 6145 6143
6145 6144 6146
6145 6146 6147
6144 6148 6146
6147 6149 6145
6145 6149 6150
6145 6150 6143
6151 6152 6153
6152 6151 6154
6155 6156 6153
6156 6155 6157
6158 6159 6160
6159 6158 6161
6162 6159 6161
6159 6162 6163
6164 6163 6162
6160 6165 6158
6165 6160 6166
6166 6167 6165
6167 6166 6168
6169 6167 6168
6167 6169 6170
6171 6172 6173
6172 6171 6174
6172 6175 6173
6175 6172 6176
6177 6178 6179
6179 6180 6177
6180 6179 6181
6182 6183 6184
6183 6182 6185
6184 6186 6182
6186 6184 6187
6187 6188 6186
6188 6187 6189
6123 6129 6190
6112 6191 6113
6191 6128 6113
6192 6193 6194
6193 6192 6195
6196 6194 6193
6193 6197 6196
6194 6196 6198
6199 6195 6192
6195 6199 6200
6201 6200 6199
6200 6201 6202
6200 6203 6195
6193 6195 6203
6193 6203 6197
6203 6204 6197
6204 6203 6205
6205 6206 6204
6206 6205 6207
6208 6207 6205
6207 6208 6209
6206 6207 6210
6211 6206 6210
6212 6211 6210
6211 6212 6213
6214 6213 6212
6213 6214 6215
6210 6207 6216
6207 6209 6216
6212 6210 6216
6216 6209 6217
6218 6212 6216
6218 6214 6212
6218 6219 6214
6220 6215 6214
6219 6220 6214
6215 6220 6221
6216 6217 6222
6218 6216 6222
6223 6219 6218
6224 6223 6218
6218 6222 6224
6223 6225 6219
6225 6226 6219
6219 6226 6220
6225 6227 6226
6228 6213 6215
6213 6228 6229
6230 6215 6221
6215 6230 6228
6231 6228 6230
6232 6228 6231
6232 6229 6228
6232 6233 6229
6234 6232 6231
6235 6232 6234
6234 6231 6236
6236 6231 6237
6231 6230 6237
6232 6235 6238
6232 6238 6233
6233 6238 6239
6233 6239 6240
6241 6233 6240
6242 6241 6240
6241 6242 6243
6243 6206 6241
6206 6243 6204
6206 6244 6241
6244 6233 6241
6211 6244 6206
6211 6229 6244
6229 6233 6244
6229 6211 6213
6236 6237 6245
6246 6243 6242
6243 6246 6247
6247 6204 6243
6204 6247 6197
6248 6197 6247
6248 6196 6197
6249 6196 6248
6248 6250 6249
6250 6248 6251
6248 6247 6251
6196 6249 6198
6252 6251 6247
6252 6247 6246
6253 6251 6252
6251 6253 6250
6252 6254 6253
6254 6252 6255
6252 6246 6255
6256 6257 6258
6256 6258 6259
6258 6260 6259
6260 6258 6261
6262 6259 6260
6259 6262 6263
6264 6259 6263
6259 6264 6256
6265 6264 6263
6260 6266 6262
6266 6260 6267
6261 6267 6260
6268 6266 6267
6267 6269 6268
6269 6267 6270
6267 6261 6270
6266 6268 6271
6265 6272 6264
6272 6265 6273
6273 6274 6272
6274 6273 6275
6276 6272 6274
6272 6276 6277
6277 6264 6272
6278 6277 6276
6277 6278 6279
6264 6277 6256
6279 6256 6277
6256 6279 6257
6273 6280 6275
6280 6273 6281
6281 6282 6280
6282 6281 6283
6283 6284 6282
6284 6283 6285
6265 6281 6273
6281 6265 6286
6286 6283 6281
6265 6263 6286
6286 6263 6287
6262 6287 6263
6287 6262 6288
6288 6289 6287
6289 6288 6290
6287 6291 6286
6291 6287 6289
6283 6286 6291
6291 6285 6283
6291 6289 6292
6285 6291 6292
6266 6288 6262
6288 6266 6293
6293 6290 6288
6266 6294 6293
6295 6293 6294
6293 6295 6296
6290 6293 6296
6294 6266 6271
6297 6298 6299
6298 6297 6300
6301 6299 6298
6299 6301 6302
6303 6302 6301
6302 6303 6304
6305 6300 6297
6300 6305 6306
6307 6306 6305
6306 6307 6308
6309 6308 6307
6308 6309 6310
6303 6311 6312
6311 6303 6313
6313 6314 6311
6314 6313 6315
6315 6316 6314
6316 6315 6317
6317 6318 6316
6318 6317 6319
6319 6320 6318
6320 6319 6321
6321 6322 6320
6322 6321 6323
6324 6325 6326
6327 6328 6329
6328 6327 6330
6329 6331 6327
6331 6329 6332
6332 6333 6331
6333 6332 6334
6335 6328 6330
6328 6335 6336
6337 6338 6339
6338 6337 6340
6338 6340 6341
6341 6342 6338
6343 6344 6345
6346 6347 6348
6347 6346 6349
6350 6349 6346
6350 6351 6349
6352 6353 6354
6353 6352 6355
6352 6356 6355
6357 6352 6354
6352 6357 6358
6353 6355 6359
6355 6360 6359
6360 6355 6361
6360 6361 6362
6363 6361 6355
6356 6363 6355
6361 6363 6364
6365 6361 6364
6361 6365 6362
6365 6364 6366
6367 6357 6354
6367 6368 6357
6365 6369 6362
6362 6369 6370
6371 6370 6369
6369 6372 6371
6373 6369 6365
6365 6366 6373
6369 6373 6374
6372 6369 6374
6372 6374 6375
6368 6376 6377
6357 6368 6377
6357 6377 6358
6358 6378 6352
6352 6378 6356
6379 6380 6381
6380 6379 6382
6383 6382 6379
6382 6383 6384
6379 6385 6383
6385 6379 6386
6381 6386 6379
6387 6385 6386
6388 6387 6386
6389 6387 6388
6387 6389 6390
6388 6386 6391
6386 6381 6391
6392 6390 6389
6390 6392 6393
6394 6393 6392
6393 6394 6395
6396 6397 6398
6397 6396 6399
6398 6397 6400
6398 6400 6401
6396 6402 6399
6402 6396 6403
6403 6404 6402
6403 6405 6404
6406 6407 6408
6407 6406 6409
6407 6410 6408
6410 6407 6411
6412 6408 6410
6408 6412 6413
6413 6406 6408
6406 6413 6414
6410 6415 6412
6415 6410 6416
6411 6416 6410
6417 6415 6416
6418 6417 6416
6416 6411 6418
6417 6418 6419
6415 6417 6420
6414 6421 6406
6421 6409 6406
6421 6414 6422
6422 6423 6421
6423 6424 6421
6409 6421 6424
6424 6423 6425
6423 6422 6426
6427 6428 6429
6428 6427 6430
6431 6429 6428
6429 6431 6432
6433 6432 6431
6432 6433 6434
6433 6435 6434
6435 6433 6436
6437 6438 6431
6438 6437 6439
6431 6440 6437
6440 6431 6441
6441 6442 6440
6442 6441 6443
6444 6438 6439
6445 6446 6447
6446 6448 6447
6446 6449 6448
6446 6450 6449
6450 6451 6449
6445 6447 6452
6452 6453 6445
6453 6454 6445
6453 6455 6454
6456 6454 6455
6454 6456 6457
6458 6457 6456
6457 6458 6459
6458 6460 6459
6460 6461 6459
6460 6462 6461
6462 6463 6461
6463 6462 6464
6464 6465 6463
6465 6464 6466
6466 6467 6465
6467 6466 6468
6469 6470 6471
6470 6469 6472
6471 6473 6469
6473 6471 6474
6474 6475 6473
6472 6476 6470
6476 6472 6477
6477 6478 6476
6478 6477 6479
6479 6480 6478
6480 6479 6481
6481 6482 6480
6482 6481 6483
6484 6482 6483
6485 6486 6487
6486 6485 6488
6486 6489 6487
6489 6486 6490
6490 6486 6491
6486 6492 6491
6492 6486 6493
6486 6494 6493
6494 6486 6495
6495 6486 6496
6486 6497 6496
6497 6486 6498
6498 6486 6499
6486 6500 6499
6486 6501 6500
6502 6503 6504
6505 6503 6502
6506 6503 6505
6507 6504 6503
6508 6507 6503
6509 6508 6503
6510 6511 6512
6513 6511 6510
6511 6513 6514
6515 6514 6513
6510 6512 6516
6516 6512 6517
6516 6517 6518
6517 6519 6518
6519 6517 6520
6521 6519 6520
6519 6521 6522
6205 6523 6208
6523 6205 6203
6200 6523 6203
6200 6202 6523
6524 6525 6526
6525 6524 6527
6526 6528 6524
6528 6526 6529
6529 6530 6528
6530 6529 6531
6527 6532 6525
6532 6527 6533
6533 6534 6532
6534 6533 6535
6535 6536 6534
6536 6535 6537
6530 6538 6539
6538 6530 6540
6541 6539 6538
6539 6541 6542
6543 6542 6541
6542 6543 6544
6545 6544 6543
6544 6545 6546
6547 6546 6545
6546 6547 6548
6549 6548 6547
6548 6549 6550
6551 6552 6553
6554 6555 6556
6555 6554 6557
6558 6557 6554
6557 6558 6559
6560 6559 6558
6559 6560 6561
6555 6562 6556
6562 6555 6563
6564 6565 6566
6565 6564 6567
6565 6568 6566
6568 6565 6569
6570 6571 6572
6573 6574 6575
6574 6573 6576
6577 6573 6575
6577 6575 6578
6579 6580 6581
6581 6582 6579
6579 6582 6583
6584 6580 6579
6579 6585 6584
6581 6586 6582
6587 6582 6586
6582 6587 6588
6587 6589 6588
6588 6590 6582
6583 6582 6590
6590 6588 6591
6592 6591 6588
6588 6589 6592
6592 6593 6591
6594 6580 6584
6594 6584 6595
6592 6589 6596
6589 6597 6596
6598 6596 6597
6596 6598 6599
6600 6592 6596
6592 6600 6593
6596 6601 6600
6599 6601 6596
6599 6602 6601
6595 6603 6604
6584 6603 6595
6584 6585 6603
6585 6579 6605
6579 6583 6605
6606 6607 6608
6607 6606 6609
6609 6610 6607
6610 6609 6611
6612 6607 6610
6607 6612 6613
6613 6608 6607
6614 6613 6612
6615 6613 6614
6614 6616 6615
6616 6614 6617
6615 6618 6613
6608 6613 6618
6617 6619 6616
6619 6617 6620
6620 6621 6619
6621 6620 6622
6623 6624 6625
6624 6623 6626
6627 6623 6625
6623 6627 6628
6625 6629 6627
6629 6625 6630
6624 6630 6625
6630 6624 6631
6632 6627 6629
6627 6632 6633
6633 6628 6627
6632 6634 6633
6634 6635 6633
6628 6633 6635
6635 6634 6636
6634 6632 6637
6638 6631 6624
6626 6638 6624
6631 6638 6639
6640 6639 6638
6641 6640 6638
6638 6626 6641
6640 6641 6642
6639 6640 6643
6644 6645 6646
6645 6644 6647
6646 6648 6644
6648 6646 6649
6649 6650 6648
6650 6649 6651
6652 6650 6651
6650 6652 6653
6654 6655 6648
6655 6654 6656
6657 6648 6655
6648 6657 6658
6659 6658 6657
6658 6659 6660
6661 6656 6654
6662 6663 6664
6664 6663 6665
6664 6665 6666
6664 6666 6667
6667 6666 6668
6662 6669 6663
6669 6662 6670
6670 6662 6671
6670 6671 6672
6671 6673 6672
6673 6671 6674
6674 6675 6673
6675 6674 6676
6675 6676 6677
6677 6676 6678
6677 6678 6679
6680 6679 6678
6679 6680 6681
6682 6681 6680
6681 6682 6683
6684 6683 6682
6683 6684 6685
6686 6687 6688
6687 6686 6689
6690 6689 6686
6689 6690 6691
6691 6690 6692
6693 6688 6687
6688 6693 6694
6695 6694 6693
6694 6695 6696
6697 6696 6695
6696 6697 6698
6699 6698 6697
6698 6699 6700
6701 6700 6699
6702 6703 6704
6703 6702 6705
6706 6702 6704
6702 6706 6707
6707 6708 6702
6702 6708 6709
6709 6710 6702
6702 6710 6711
6711 6712 6702
6712 6713 6702
6702 6713 6714
6714 6715 6702
6715 6716 6702
6702 6716 6717
6702 6717 6718
6719 6720 6721
6721 6722 6719
6722 6721 6723
6724 6722 6723
6719 6725 6720
6725 6726 6720
6725 6727 6726
6728 6726 6727
6726 6728 6729
6728 6730 6729
6730 6728 6731
6732 6733 6734
6733 6732 6735
6733 6736 6734
6736 6733 6737
6738 6736 6737
6736 6738 6739
6738 6740 6739
6740 6738 6741
6741 6742 6740
6742 6741 6743
6744 6745 6746
6745 6744 6747
6748 6746 6745
6746 6748 6749
6750 6749 6748
6749 6750 6751
6750 6752 6751
6752 6750 6753
6754 6755 6756
6755 6754 6757
6758 6754 6756
6754 6758 6759
6758 6760 6759
6760 6758 6761
6761 6762 6760
6762 6761 6763
6764 6765 6766
6765 6764 6767
6765 6768 6766
6768 6765 6769
6769 6770 6768
6770 6769 6771
6772 6773 6774
6773 6772 6775
6776 6775 6772
6775 6776 6777
6778 6779 6780
6779 6778 6781
6782 6783 6784
6783 6782 6785
6783 6786 6784
6786 6783 6787
6788 6789 6790
6789 6788 6791
6792 6793 6794
6793 6792 6795
6796 6797 6798
6797 6796 6799
6800 6801 6802
6801 6800 6803
6804 6802 6801
6802 6804 6805
6806 6805 6804
6805 6806 6807
6806 6808 6807
6808 6806 6809
6810 6808 6809
6808 6810 6811
6812 6813 6814
6813 6812 6815
6816 6812 6814
6812 6816 6817
6816 6818 6817
6818 6816 6819
6819 6820 6818
6820 6819 6821
6821 6822 6820
6822 6821 6823
6824 6825 6826
6825 6824 6827
6828 6826 6825
6826 6828 6829
6828 6830 6829
6830 6828 6831
6832 6830 6831
6830 6832 6833
6834 6835 6836
6835 6834 6837
6836 6838 6834
6838 6836 6839
6839 6840 6838
6840 6839 6841
6841 6842 6840
6842 6841 6843
6843 6844 6842
6844 6843 6845
6845 6846 6844
6846 6845 6847
6847 6848 6846
6848 6847 6849
6849 6850 6848
6850 6849 6851
6851 6852 6850
6852 6851 6853
6852 6853 6854
6855 6856 6857
6856 6855 6858
6859 6857 6856
6857 6859 6860
6861 6860 6859
6860 6861 6862
6863 6862 6861
6862 6863 6864
6865 6864 6863
6864 6865 6866
6867 6866 6865
6866 6867 6868
6869 6870 6871
6870 6869 6872
6873 6869 6871
6869 6873 6874
6875 6874 6873
6874 6875 6876
6877 6876 6875
6876 6877 6878
6879 6878 6877
6878 6879 6880
6881 6880 6879
6880 6881 6882
6883 6882 6881
6882 6883 6884
6885 6884 6883
6884 6885 6886
6887 6886 6885
6886 6887 6888
6889 6890 6891
6890 6889 6892
6891 6893 6889
6893 6891 6894
6894 6895 6893
6895 6894 6896
6896 6897 6895
6897 6896 6898
6898 6899 6897
6899 6898 6900
6900 6901 6899
6901 6900 6902
6902 6903 6901
6903 6902 6904
6904 6905 6903
6905 6904 6906
6907 6908 6909
6908 6907 6910
6911 6909 6908
6909 6911 6912
6913 6912 6911
6912 6913 6914
6913 6915 6914
6915 6913 6916
6916 6917 6915
6917 6916 6918
6918 6919 6917
6919 6918 6920
6920 6921 6919
6921 6920 6922
6923 6910 6907
6910 6923 6924
6925 6926 6927
6928 6926 6925
6926 6928 6929
6930 6925 6927
6931 6930 6927
6930 6931 6932
6933 6930 6932
6933 6932 6934
6934 6935 6933
6935 6934 6936
6936 6937 6935
6937 6936 6938
6939 6937 6938
6937 6939 6940
6941 6940 6939
6940 6941 6942
6943 6942 6941
6942 6943 6944
6945 6944 6943
6944 6945 6946
6947 6946 6945
6946 6947 6948
6949 6948 6947
6948 6949 6950
6951 6952 6953
6952 6951 6954
6953 6955 6951
6955 6953 6956
6956 6957 6955
6957 6956 6958
6958 6959 6957
6959 6958 6960
6961 6959 6960
6959 6961 6962
6963 6962 6961
6962 6963 6964
6963 6965 6964
6965 6963 6966
6967 6965 6966
6968 6969 6970
6969 6968 6971
6972 6970 6969
6970 6972 6973
6972 6974 6973
6974 6972 6975
6976 6977 6978
6977 6976 6979
6977 6980 6978
6980 6977 6981
6981 6982 6980
6982 6981 6983
6983 6984 6982
6984 6983 6985
6985 6986 6984
6986 6985 6987
6987 6988 6986
6988 6987 6989
6989 6990 6988
6990 6989 6991
6991 6992 6990
6992 6991 6993
6994 6995 6996
6995 6994 6997
6998 6996 6995
6996 6998 6999
7000 6999 6998
6999 7000 7001
7002 7001 7000
7001 7002 7003
7004 7003 7002
7003 7004 7005
7006 7005 7004
7005 7006 7007
7008 7007 7006
7007 7008 7009
6994 7010 6997
7010 6994 7011
7012 7013 7014
7013 7012 7015
7014 7016 7012
7016 7014 7017
7018 7019 7020
7019 7018 7021
7020 7022 7018
7022 7020 7023
7024 7025 7026
7024 7026 7027
7028 7024 7027
7028 7027 7029
7029 7030 7028
7030 7029 7031
7031 7032 7030
7032 7031 7033
7027 7026 7034
7029 7027 7034
7035 7032 7033
7033 7036 7035
7037 7031 7029
7034 7037 7029
7038 7033 7031
7037 7038 7031
7033 7038 7039
7033 7039 7036
7039 7040 7036
7037 7034 7041
7037 7042 7038
7037 7041 7042
7034 7043 7041
7038 7042 7044
7038 7044 7039
7039 7044 7045
7039 7045 7040
7040 7045 7046
7047 7040 7046
7040 7047 7048
7040 7048 7036
7048 7047 7049
7047 7050 7049
7051 7049 7050
7049 7051 7052
7052 7051 7053
7054 7049 7052
7048 7049 7054
7054 7052 7055
7052 7053 7055
7056 7055 7053
7055 7056 7057
7053 7058 7056
7058 7053 7059
7051 7059 7053
7059 7060 7058
7060 7059 7061
7051 7061 7059
7061 7062 7060
7062 7061 7063
7061 7051 7064
7064 7063 7061
7063 7064 7065
7065 7066 7063
7066 7065 7067
7067 7068 7066
7069 7066 7068
7066 7069 7070
7068 7071 7069
7071 7068 7072
7068 7067 7073
7073 7072 7068
7074 7065 7064
7065 7074 7075
7075 7067 7065
7067 7075 7076
7072 7073 7077
7078 7075 7074
7074 7079 7078
7079 7074 7050
7050 7074 7051
7050 7047 7079
7046 7079 7047
7079 7046 7080
7080 7078 7079
7075 7078 7081
7076 7075 7081
7078 7080 7082
7082 7081 7078
7083 7077 7073
7067 7083 7073
7083 7067 7076
7077 7083 7084
7081 7082 7085
7086 7076 7081
7084 7083 7087
7088 7082 7080
7088 7080 7046
7082 7088 7089
7086 7090 7087
7090 7084 7087
7091 7086 7081
7085 7091 7081
7086 7092 7090
7086 7091 7093
7086 7093 7092
7091 7085 7094
7091 7095 7093
7091 7094 7095
7093 7096 7092
7096 7093 7097
7095 7097 7093
7098 7092 7096
7098 7099 7092
7099 7098 7100
7099 7100 7101
7102 7101 7100
7101 7102 7103
7104 7103 7102
7103 7104 7105
7105 7104 7106
7106 7107 7105
7104 7108 7106
7108 7104 7109
7102 7109 7104
7109 7102 7110
7100 7110 7102
7110 7100 7111
7098 7111 7100
7109 7112 7108
7112 7109 7113
7110 7113 7109
7113 7110 7114
7111 7114 7110
7114 7111 7115
7098 7115 7111
7115 7098 7116
7116 7098 7096
7096 7117 7116
7097 7117 7096
7117 7097 7118
7119 7118 7097
7097 7095 7119
7118 7119 7120
7116 7121 7115
7121 7116 7122
7117 7122 7116
7113 7123 7112
7123 7113 7124
7114 7124 7113
7125 7115 7121
7115 7125 7114
7124 7114 7125
7126 7119 7095
7095 7127 7126
7128 7126 7127
7127 7129 7128
7129 7127 7130
7129 7130 7089
7131 7129 7089
7131 7132 7129
7133 7132 7131
7133 7131 7045
7045 7044 7133
7131 7088 7045
7088 7131 7089
7044 7134 7133
7132 7133 7134
7042 7134 7044
7042 7135 7134
7135 7042 7041
7136 7135 7041
7043 7136 7041
7137 7135 7136
7134 7135 7138
7135 7137 7138
7139 7132 7134
7139 7134 7138
7140 7138 7137
7140 7139 7138
7141 7132 7139
7141 7142 7132
7142 7129 7132
7139 7140 7143
7139 7143 7141
7144 7142 7141
7142 7144 7129
7145 7143 7140
7144 7141 7146
7144 7146 7147
7148 7144 7147
7148 7128 7144
7128 7129 7144
7143 7149 7141
7149 7146 7141
7143 7145 7150
7143 7150 7149
7146 7151 7147
7151 7146 7152
7149 7152 7146
7145 7153 7150
7152 7149 7154
7150 7154 7149
7154 7150 7155
7153 7155 7150
7126 7128 7148
7148 7156 7126
7156 7148 7157
7147 7157 7148
7157 7147 7151
7152 7158 7151
7158 7152 7159
7154 7159 7152
7159 7154 7160
7155 7160 7154
7160 7155 7161
7162 7161 7155
7155 7153 7162
7157 7163 7156
7163 7157 7164
7164 7151 7158
7151 7164 7157
7119 7126 7156
7156 7120 7119
7120 7156 7163
7165 7166 7167
7165 7168 7166
7169 7168 7165
7169 7170 7168
7171 7170 7169
7170 7171 7172
7173 7172 7171
7172 7173 7174
7174 7173 7175
7173 7176 7175
7168 7177 7166
7170 7177 7168
7178 7170 7172
7177 7170 7178
7179 7172 7174
7178 7172 7179
7178 7180 7177
7178 7179 7181
7178 7181 7180
7177 7180 7182
7183 7181 7179
7183 7179 7184
7184 7179 7174
7184 7174 7185
7175 7185 7174
7183 7184 7186
7186 7184 7185
7187 7186 7185
7186 7187 7188
7188 7187 7189
7187 7190 7189
7190 7191 7189
7192 7191 7190
7191 7192 7193
7194 7193 7192
7194 7195 7193
7196 7193 7195
7193 7196 7197
7197 7191 7193
7198 7197 7196
7197 7198 7199
7191 7197 7200
7199 7200 7197
7200 7189 7191
7200 7199 7201
7202 7201 7199
7202 7199 7198
7203 7202 7198
7201 7202 7204
7189 7200 7205
7201 7205 7200
7206 7204 7202
7204 7206 7207
7205 7201 7208
7204 7208 7201
7208 7204 7209
7204 7210 7209
7210 7204 7207
7211 7205 7208
7188 7205 7211
7205 7188 7189
7212 7210 7207
7207 7213 7212
7206 7213 7207
7206 7214 7213
7206 7215 7214
7215 7206 7216
7217 7214 7215
7214 7217 7218
7214 7219 7213
7214 7218 7219
7188 7211 7220
7188 7220 7186
7221 7211 7208
7208 7209 7221
7210 7221 7209
7213 7222 7212
7213 7219 7222
7186 7220 7223
7223 7183 7186
7224 7221 7210
7212 7224 7210
7225 7212 7222
7225 7224 7212
7226 7223 7220
7221 7224 7227
7228 7226 7220
7220 7211 7228
7211 7221 7228
7228 7221 7229
7221 7227 7229
7224 7225 7230
7227 7224 7230
7229 7227 7230
7226 7228 7231
7229 7231 7228
7230 7232 7229
7229 7232 7231
7182 7180 7233
7233 7180 7181
7234 7235 7236
7235 7234 7237
7237 7238 7235
7238 7237 7239
7240 7237 7234
7237 7240 7241
7241 7239 7237
7239 7242 7238
7242 7239 7243
7244 7242 7243
7239 7241 7245
7245 7243 7239
7243 7245 7246
7244 7243 7247
7247 7243 7246
7247 7248 7244
7249 7241 7240
7241 7249 7250
7250 7245 7241
7245 7250 7251
7251 7246 7245
7246 7251 7252
7252 7247 7246
7247 7252 7253
7254 7253 7252
7253 7254 7255
7256 7253 7255
7253 7256 7257
7247 7253 7257
7247 7257 7248
7258 7250 7249
7250 7258 7259
7259 7251 7250
7252 7260 7254
7260 7252 7251
7251 7259 7260
7257 7256 7261
7261 7262 7257
7262 7248 7257
7262 7261 7263
7264 7265 7266
7265 7264 7267
7268 7267 7264
7267 7268 7269
7265 7270 7266
7270 7265 7271
7269 7272 7267
7272 7269 7273
7267 7274 7265
7274 7267 7272
7275 7265 7274
7265 7275 7271
7273 7276 7272
7276 7273 7277
7272 7278 7274
7278 7272 7276
7277 7279 7276
7279 7277 7280
7281 7274 7278
7274 7281 7275
7276 7282 7278
7282 7276 7279
7280 7283 7279
7283 7280 7284
7279 7285 7282
7285 7279 7283
7284 7286 7283
7286 7284 7287
7287 7288 7286
7289 7283 7286
7285 7283 7289
7287 7290 7288
7286 7288 7291
7289 7286 7291
7292 7290 7287
7292 7287 7293
7291 7294 7289
7295 7285 7289
7285 7295 7296
7289 7297 7295
7297 7289 7294
7298 7296 7295
7296 7298 7299
7295 7300 7298
7300 7295 7297
7298 7301 7299
7301 7298 7302
7300 7302 7298
7302 7300 7303
7302 7304 7301
7304 7302 7305
7303 7305 7302
7305 7303 7306
7305 7307 7304
7307 7305 7308
7306 7308 7305
7308 7306 7309
7308 7310 7307
7310 7308 7311
7309 7311 7308
7311 7309 7312
7311 7313 7310
7313 7311 7314
7312 7314 7311
7314 7312 7315
7314 7316 7313
7316 7314 7317
7315 7317 7314
7317 7315 7318
7319 7320 7321
7321 7322 7319
7321 7323 7322
7323 7321 7324
7325 7322 7323
7322 7325 7326
7327 7326 7325
7326 7327 7328
7325 7329 7327
7329 7325 7330
7323 7330 7325
7330 7331 7329
7331 7330 7332
7333 7332 7330
7330 7323 7333
7324 7333 7323
7332 7333 7334
7335 7334 7333
7333 7324 7335
7334 7335 7336
7336 7337 7334
7337 7336 7338
7338 7339 7337
7339 7338 7340
7334 7341 7332
7341 7334 7337
7340 7342 7339
7342 7340 7343
7337 7344 7341
7344 7337 7339
7343 7345 7342
7345 7343 7346
7332 7347 7331
7347 7332 7341
7339 7348 7344
7348 7339 7342
7346 7349 7345
7349 7346 7350
7341 7351 7347
7351 7341 7344
7342 7352 7348
7352 7342 7345
7344 7353 7351
7353 7344 7348
7345 7354 7352
7354 7345 7349
7348 7355 7353
7355 7348 7352
7352 7356 7355
7356 7352 7354
7357 7358 7359
7358 7357 7360
7359 7361 7357
7361 7359 7362
7362 7363 7361
7363 7362 7364
7364 7365 7363
7365 7364 7366
7366 7367 7365
7367 7366 7368
7369 7367 7368
7367 7369 7293
7369 7368 7370
7370 7368 7371
7366 7371 7368
7358 7372 7359
7372 7362 7359
7372 7358 7373
7374 7372 7373
7372 7374 7375
7375 7376 7372
7362 7372 7376
7376 7364 7362
7376 7375 7377
7378 7377 7375
7377 7378 7379
7380 7376 7377
7376 7380 7381
7382 7379 7378
7379 7382 7383
7384 7381 7380
7381 7384 7385
7386 7383 7382
7383 7386 7387
7388 7385 7384
7385 7388 7371
7389 7377 7379
7377 7389 7380
7390 7379 7383
7379 7390 7389
7390 7383 7387
7390 7387 7391
7384 7392 7388
7392 7384 7393
7380 7393 7384
7393 7380 7389
7393 7394 7392
7394 7393 7395
7394 7395 7391
7389 7395 7393
7395 7389 7390
7391 7395 7390
7386 7382 7396
7378 7396 7382
7396 7378 7397
7375 7397 7378
7397 7375 7374
7392 7398 7388
7388 7398 7370
7394 7391 7399
7399 7400 7394
7400 7392 7394
7401 7400 7399
7401 7399 7402
7401 7403 7400
7403 7404 7400
7400 7404 7392
7392 7404 7398
7405 7386 7396
7370 7371 7388
7371 7366 7385
7364 7385 7366
7385 7364 7381
7364 7376 7381
7406 7407 7408
7407 7406 7409
7410 7409 7406
7409 7410 7411
7412 7411 7410
7411 7412 7413
7408 7414 7406
7414 7408 7415
7416 7406 7414
7406 7416 7410
7417 7413 7412
7413 7417 7418
7419 7410 7416
7410 7419 7412
7415 7420 7414
7420 7415 7421
7422 7418 7417
7418 7422 7423
7424 7414 7420
7414 7424 7416
7425 7412 7419
7412 7425 7417
7426 7423 7422
7423 7426 7427
7428 7416 7424
7416 7428 7419
7429 7417 7425
7417 7429 7422
7430 7419 7428
7419 7430 7425
7431 7422 7429
7422 7431 7426
7432 7425 7430
7425 7432 7429
7433 7429 7432
7429 7433 7431
7275 7421 7415
7415 7271 7275
7271 7415 7408
7408 7270 7271
7270 7408 7407
7421 7275 7281
7434 7435 7436
7435 7434 7437
7434 7319 7437
7319 7434 7438
7437 7328 7435
7328 7437 7326
7437 7322 7326
7322 7437 7319
7319 7438 7320
7439 7440 7441
7440 7439 7442
7443 7440 7442
7440 7443 7444
7442 7445 7443
7445 7442 7446
7439 7446 7442
7446 7447 7445
7447 7446 7448
7448 7449 7447
7449 7448 7450
7451 7450 7448
7450 7451 7452
7452 7453 7450
7453 7452 7454
7454 7455 7453
7455 7454 7456
7457 7450 7453
7450 7457 7449
7455 7457 7453
7456 7458 7455
7458 7456 7459
7457 7455 7460
7458 7460 7455
7460 7458 7461
7459 7462 7458
7462 7461 7458
7462 7459 7463
7461 7462 7464
7465 7462 7463
7462 7465 7466
7466 7464 7462
7467 7466 7465
7466 7467 7468
7464 7466 7469
7468 7469 7466
7469 7468 7470
7471 7472 7473
7472 7471 7474
7473 7475 7471
7475 7473 7476
7477 7471 7475
7471 7477 7478
7478 7474 7471
7476 7479 7475
7479 7476 7480
7481 7475 7479
7475 7481 7477
7482 7479 7480
7479 7482 7483
7483 7481 7479
7481 7483 7484
7485 7483 7482
7483 7485 7486
7486 7484 7483
7484 7486 7487
7488 7486 7485
7486 7488 7489
7489 7487 7486
7487 7489 7490
7491 7489 7488
7489 7491 7492
7492 7490 7489
7490 7492 7493
7494 7492 7491
7492 7494 7495
7495 7493 7492
7493 7495 7496
7497 7495 7494
7495 7497 7498
7498 7496 7495
7496 7498 7499
7500 7501 7502
7501 7500 7503
7503 7504 7501
7504 7503 7505
7506 7502 7501
7502 7506 7507
7508 7507 7506
7507 7508 7509
7501 7510 7506
7510 7501 7504
7510 7508 7506
7511 7509 7508
7509 7511 7512
7508 7510 7513
7513 7511 7508
7514 7512 7511
7512 7514 7515
7511 7513 7516
7516 7514 7511
7514 7516 7517
7518 7515 7514
7517 7518 7514
7515 7518 7519
7518 7520 7519
7520 7518 7521
7518 7517 7522
7522 7521 7518
7521 7522 7523
7474 7524 7525
7524 7474 7526
7474 7478 7526
7525 7524 7527
7527 7528 7525
7529 7474 7525
7474 7529 7472
7448 7530 7451
7530 7448 7446
7446 7439 7530
7282 7505 7503
7505 7282 7285
7503 7278 7282
7278 7503 7500
7086 7087 7076
7083 7076 7087
7082 7130 7085
7130 7082 7089
7127 7085 7130
7085 7127 7094
7127 7095 7094
7360 7269 7268
7269 7360 7357
7357 7273 7269
7273 7357 7361
7361 7277 7273
7277 7361 7363
7363 7280 7277
7280 7363 7365
7365 7284 7280
7284 7365 7367
7367 7287 7284
7287 7367 7293
7369 7292 7293
7088 7046 7045
7035 7531 7032
7074 7064 7051
7532 7533 7534
7533 7532 7535
7536 7533 7535
7533 7536 7537
7536 7538 7537
7538 7536 7539
7540 7538 7539
7538 7540 7541
7542 7541 7540
7541 7542 7543
7544 7545 7546
7545 7544 7547
7547 7548 7545
7548 7547 7549
7549 7550 7548
7550 7549 7551
7552 7550 7551
7550 7552 7553
7554 7555 7556
7555 7554 7557
7555 7558 7556
7558 7555 7559
7560 7558 7559
7558 7560 7561
7562 7561 7560
7561 7562 7563
7564 7565 7566
7565 7564 7567
7568 7565 7567
7565 7568 7569
7570 7569 7568
7569 7570 7571
7572 7573 7574
7573 7572 7575
7574 7576 7572
7576 7574 7577
7578 7579 7580
7579 7578 7581
7582 7583 7584
7583 7582 7585
7586 7582 7584
7582 7586 7587
7588 7589 7590
7589 7588 7591
7592 7593 7594
7593 7592 7595
7596 7597 7598
7597 7596 7599
7600 7601 7602
7601 7600 7603
7603 7604 7601
7604 7603 7605
7605 7606 7604
7606 7605 7607
7608 7606 7607
7606 7608 7609
7608 7610 7609
7610 7608 7611
7612 7613 7614
7613 7612 7615
7612 7616 7615
7616 7612 7617
7618 7616 7617
7616 7618 7619
7620 7619 7618
7619 7620 7621
7622 7621 7620
7621 7622 7623
7624 7625 7626
7625 7624 7627
7627 7628 7625
7628 7627 7629
7630 7628 7629
7628 7630 7631
7630 7632 7631
7632 7630 7633
7634 7635 7636
7635 7634 7637
7638 7637 7639
7637 7638 7640
7641 7640 7638
7640 7641 7642
7643 7642 7641
7642 7643 7644
7645 7644 7643
7644 7645 7646
7647 7646 7645
7646 7647 7648
7649 7648 7647
7648 7649 7650
7651 7650 7649
7650 7651 7652
7653 7652 7651
7652 7653 7654
7653 7655 7654
7656 7657 7658
7657 7656 7659
7659 7660 7657
7660 7659 7661
7661 7662 7660
7662 7661 7663
7663 7664 7662
7664 7663 7665
7665 7666 7664
7666 7665 7667
7667 7668 7666
7668 7667 7669
7670 7671 7672
7671 7670 7673
7670 7674 7673
7674 7670 7675
7675 7676 7674
7676 7675 7677
7677 7678 7676
7678 7677 7679
7679 7680 7678
7680 7679 7681
7681 7682 7680
7682 7681 7683
7683 7684 7682
7684 7683 7685
7685 7686 7684
7686 7685 7687
7687 7688 7686
7688 7687 7689
7690 7691 7692
7691 7690 7693
7694 7693 7690
7693 7694 7695
7696 7695 7694
7695 7696 7697
7698 7697 7696
7697 7698 7699
7700 7699 7698
7699 7700 7701
7702 7701 7700
7701 7702 7703
7704 7703 7702
7703 7704 7705
7706 7705 7704
7705 7706 7707
7708 7709 7710
7709 7708 7711
7711 7712 7709
7712 7711 7713
7713 7714 7712
7714 7713 7715
7716 7714 7715
7714 7716 7717
7718 7717 7716
7717 7718 7719
7720 7719 7718
7719 7720 7721
7722 7721 7720
7721 7722 7723
7710 7724 7708
7724 7710 7725
7726 7727 7728
7728 7729 7726
7729 7728 7730
7731 7727 7726
7732 7727 7731
7731 7733 7732
7734 7733 7731
7734 7735 7733
7736 7735 7734
7735 7736 7737
7738 7737 7736
7737 7738 7739
7738 7740 7739
7740 7738 7741
7741 7742 7740
7742 7741 7743
7743 7744 7742
7744 7743 7745
7745 7746 7744
7746 7745 7747
7747 7748 7746
7748 7747 7749
7749 7750 7748
7750 7749 7751
7752 7753 7754
7753 7752 7755
7756 7755 7752
7755 7756 7757
7758 7757 7756
7757 7758 7759
7760 7759 7758
7759 7760 7761
7760 7762 7761
7762 7760 7763
7763 7764 7762
7764 7763 7765
7766 7764 7765
7764 7766 7767
7768 7767 7766
7769 7770 7771
7770 7769 7772
7772 7773 7770
7773 7772 7774
7775 7773 7774
7773 7775 7776
7777 7778 7779
7778 7777 7780
7781 7778 7780
7778 7781 7782
7783 7782 7781
7782 7783 7784
7785 7784 7783
7784 7785 7786
7787 7786 7785
7786 7787 7788
7789 7788 7787
7788 7789 7790
7791 7790 7789
7790 7791 7792
7793 7792 7791
7792 7793 7794
7795 7796 7797
7796 7795 7798
7797 7799 7795
7799 7797 7800
7800 7801 7799
7801 7800 7802
7802 7803 7801
7803 7802 7804
7804 7805 7803
7805 7804 7806
7806 7807 7805
7807 7806 7808
7808 7809 7807
7809 7808 7810
7811 7796 7798
7796 7811 7812
7813 7814 7815
7814 7813 7816
7817 7816 7813
7816 7817 7818
7819 7820 7821
7820 7819 7822
7823 7822 7819
7822 7823 7824
7825 7826 7827
7825 7828 7826
7829 7828 7825
7829 7830 7828
7831 7830 7829
7830 7831 7832
7833 7832 7831
7832 7833 7834
7828 7835 7826
7830 7835 7828
7836 7834 7833
7834 7836 7837
7838 7830 7832
7835 7830 7838
7839 7832 7834
7838 7832 7839
7834 7840 7839
7834 7837 7840
7840 7837 7841
7838 7842 7835
7838 7839 7843
7838 7843 7842
7835 7842 7844
7839 7845 7843
7839 7840 7845
7840 7846 7845
7840 7841 7846
7841 7847 7846
7841 7848 7847
7848 7841 7849
7841 7837 7849
7849 7850 7848
7851 7848 7850
7850 7852 7851
7852 7850 7853
7853 7854 7852
7855 7853 7850
7849 7855 7850
7855 7856 7853
7853 7856 7854
7856 7857 7854
7857 7856 7858
7859 7854 7857
7854 7859 7860
7852 7854 7860
7861 7860 7859
7860 7861 7862
7862 7852 7860
7863 7862 7861
7862 7863 7864
7852 7862 7865
7864 7865 7862
7865 7864 7866
7867 7866 7864
7866 7867 7868
7869 7868 7867
7867 7870 7869
7870 7867 7871
7872 7869 7870
7869 7872 7873
7868 7869 7874
7873 7874 7869
7866 7875 7865
7875 7866 7876
7868 7876 7866
7876 7868 7877
7874 7873 7878
7876 7879 7875
7880 7875 7879
7875 7880 7851
7851 7852 7875
7848 7851 7880
7880 7847 7848
7847 7880 7881
7879 7881 7880
7879 7876 7882
7877 7882 7876
7881 7879 7883
7882 7883 7879
7878 7884 7874
7868 7884 7877
7884 7868 7874
7884 7878 7885
7883 7882 7886
7887 7882 7877
7885 7888 7884
7883 7889 7881
7889 7847 7881
7889 7883 7890
7887 7888 7891
7891 7888 7885
7892 7882 7887
7886 7882 7892
7887 7891 7893
7887 7894 7892
7887 7893 7894
7892 7895 7886
7892 7894 7896
7892 7896 7895
7897 7894 7893
7894 7897 7898
7898 7896 7894
7899 7897 7893
7899 7893 7900
7900 7901 7899
7900 7902 7901
7902 7903 7901
7903 7902 7904
7904 7905 7903
7905 7904 7906
7906 7907 7905
7907 7906 7908
7909 7905 7907
7905 7909 7910
7910 7903 7905
7903 7910 7911
7911 7901 7903
7901 7911 7912
7899 7901 7912
7913 7910 7909
7910 7913 7914
7914 7911 7910
7911 7914 7915
7915 7912 7911
7912 7915 7916
7916 7899 7912
7899 7916 7917
7917 7897 7899
7897 7917 7918
7918 7898 7897
7898 7918 7919
7919 7920 7898
7896 7898 7920
7920 7919 7921
7922 7917 7916
7917 7922 7923
7918 7917 7923
7924 7914 7913
7914 7924 7925
7925 7915 7914
7926 7916 7915
7916 7926 7922
7915 7925 7926
7920 7927 7896
7928 7896 7927
7927 7929 7928
7930 7928 7929
7928 7930 7931
7930 7890 7931
7932 7890 7930
7932 7930 7933
7933 7934 7932
7934 7846 7932
7846 7934 7845
7932 7846 7889
7889 7890 7932
7845 7934 7935
7934 7933 7935
7843 7845 7935
7843 7935 7936
7936 7842 7843
7937 7842 7936
7844 7842 7937
7938 7937 7936
7935 7939 7936
7936 7939 7938
7940 7935 7933
7940 7939 7935
7941 7938 7939
7941 7939 7940
7942 7940 7933
7942 7933 7943
7940 7944 7941
7940 7942 7944
7945 7942 7943
7946 7941 7944
7945 7947 7942
7945 7948 7947
7949 7948 7945
7949 7945 7929
7944 7942 7950
7950 7942 7947
7944 7951 7946
7944 7950 7951
7952 7947 7948
7947 7952 7953
7953 7950 7947
7946 7951 7954
7950 7953 7955
7955 7951 7950
7951 7955 7956
7954 7951 7956
7929 7927 7949
7957 7949 7927
7949 7957 7958
7958 7948 7949
7948 7958 7952
7929 7945 7930
7959 7953 7952
7953 7959 7960
7960 7955 7953
7955 7960 7961
7961 7956 7955
7956 7961 7962
7963 7956 7962
7956 7963 7954
7964 7958 7957
7958 7964 7965
7952 7965 7959
7965 7952 7958
7927 7920 7957
7921 7957 7920
7957 7921 7964
7943 7933 7930
7943 7930 7945
7966 7967 7968
7966 7968 7969
7970 7966 7969
7970 7969 7971
7971 7972 7970
7972 7971 7973
7973 7974 7972
7974 7973 7975
7975 7976 7974
7974 7976 7977
7969 7968 7978
7971 7969 7978
7979 7973 7971
7978 7979 7971
7980 7975 7973
7979 7980 7973
7979 7978 7981
7979 7982 7980
7979 7981 7982
7978 7983 7981
7984 7980 7982
7984 7985 7980
7985 7975 7980
7985 7986 7975
7976 7975 7986
7984 7987 7985
7987 7986 7985
7988 7986 7987
7987 7989 7988
7989 7990 7988
7988 7990 7991
7991 7990 7992
7992 7993 7991
7993 7992 7994
7995 7993 7994
7995 7994 7996
7994 7997 7996
7997 7994 7998
7992 7998 7994
7998 7999 7997
7999 7998 8000
7998 7992 8001
8001 8000 7998
7990 8001 7992
8000 8001 8002
8002 8003 8000
8003 7999 8000
8004 7999 8003
8003 8002 8005
8001 7990 8006
8006 8002 8001
8005 8007 8003
8007 8005 8008
8002 8006 8009
8009 8005 8002
8007 8008 8010
8005 8009 8011
8005 8012 8008
8012 8005 8011
8013 8009 8006
8006 7989 8013
7989 8006 7990
8008 8014 8010
8014 8008 8012
7989 8015 8013
7989 7987 8015
8016 8009 8013
8009 8016 8011
8012 8011 8016
7987 8017 8015
8017 7987 7984
8014 8012 8018
8018 8012 8016
8015 8019 8013
8013 8019 8016
8020 8014 8018
8020 8021 8014
8010 8014 8021
8010 8021 8022
8023 8015 8017
8019 8015 8023
8016 8024 8018
8019 8025 8016
8016 8025 8024
8018 8026 8020
8024 8026 8018
8025 8026 8024
8023 8027 8019
8025 8019 8027
8026 8025 8028
8025 8027 8028
8029 8022 8030
8031 8029 8030
8029 8031 8032
8032 8007 8029
8007 8032 8033
8029 8010 8022
8007 8010 8029
7983 8034 7981
8034 7982 7981
8035 8036 8037
8037 8038 8035
8039 8038 8037
8038 8039 8040
8038 8041 8035
8041 8038 8042
8040 8042 8038
8043 8040 8039
8040 8043 8044
8045 8044 8043
8042 8040 8046
8044 8046 8040
8046 8044 8047
8045 8048 8044
8048 8047 8044
8048 8045 8049
8042 8050 8041
8050 8042 8051
8046 8051 8042
8051 8046 8052
8047 8052 8046
8052 8047 8053
8048 8053 8047
8053 8048 8054
8054 8055 8053
8055 8054 8056
8057 8056 8054
8054 8058 8057
8048 8058 8054
8048 8049 8058
8051 8059 8050
8059 8051 8060
8052 8060 8051
8053 8061 8052
8061 8053 8055
8060 8052 8061
8058 8062 8057
8062 8058 8063
8063 8058 8049
8063 8064 8062
8065 8066 8067
8066 8065 8068
8068 8069 8066
8069 8068 8070
8071 8065 8067
8065 8071 8072
8073 8070 8068
8070 8073 8074
8075 8068 8065
8068 8075 8073
8076 8065 8072
8065 8076 8075
8077 8074 8073
8074 8077 8078
8079 8073 8075
8073 8079 8077
8080 8078 8077
8078 8080 8081
8082 8075 8076
8075 8082 8079
8083 8077 8079
8077 8083 8080
8084 8081 8080
8081 8084 8085
8080 8086 8084
8086 8080 8083
8087 8085 8084
8085 8087 8088
8088 8087 8089
8090 8087 8084
8086 8090 8084
8088 8089 8091
8087 8092 8089
8090 8092 8087
8093 8088 8091
8093 8094 8088
8092 8090 8095
8086 8096 8090
8096 8086 8097
8090 8098 8095
8098 8090 8096
8097 8099 8096
8099 8097 8100
8096 8101 8098
8101 8096 8099
8102 8099 8100
8099 8102 8103
8103 8101 8099
8101 8103 8104
8105 8103 8102
8103 8105 8106
8106 8104 8103
8104 8106 8107
8108 8106 8105
8106 8108 8109
8109 8107 8106
8107 8109 8110
8111 8109 8108
8109 8111 8112
8112 8110 8109
8110 8112 8113
8114 8112 8111
8112 8114 8115
8115 8113 8112
8113 8115 8116
8117 8115 8114
8115 8117 8118
8118 8116 8115
8116 8118 8119
8120 8121 8122
8121 8120 8123
8124 8121 8123
8121 8124 8125
8123 8126 8124
8126 8123 8127
8127 8128 8126
8128 8127 8129
8130 8126 8128
8126 8130 8131
8131 8124 8126
8132 8131 8130
8131 8132 8133
8133 8134 8131
8124 8131 8134
8134 8125 8124
8134 8133 8135
8135 8136 8134
8125 8134 8136
8136 8135 8137
8138 8137 8135
8137 8138 8139
8140 8139 8138
8139 8140 8141
8135 8142 8138
8142 8135 8133
8143 8141 8140
8141 8143 8144
8138 8145 8140
8145 8138 8142
8143 8140 8145
8146 8144 8143
8144 8146 8147
8133 8148 8142
8148 8133 8132
8149 8147 8146
8147 8149 8150
8142 8151 8145
8151 8142 8148
8146 8143 8152
8152 8143 8145
8145 8153 8152
8153 8145 8151
8146 8154 8149
8154 8146 8155
8155 8146 8152
8152 8156 8155
8156 8152 8153
8155 8157 8154
8157 8155 8156
8158 8159 8160
8159 8158 8161
8162 8161 8158
8161 8162 8163
8164 8163 8162
8163 8164 8165
8166 8165 8164
8165 8166 8167
8168 8167 8166
8167 8168 8169
8168 8170 8169
8170 8168 8094
8170 8171 8169
8171 8172 8169
8172 8167 8169
8173 8159 8161
8163 8173 8161
8159 8173 8174
8173 8175 8174
8175 8173 8176
8177 8176 8173
8173 8163 8177
8165 8177 8163
8176 8177 8178
8178 8179 8176
8179 8178 8180
8177 8181 8178
8181 8177 8182
8180 8183 8179
8183 8180 8184
8182 8185 8181
8185 8182 8186
8184 8187 8183
8187 8184 8188
8186 8189 8185
8189 8186 8172
8178 8190 8180
8190 8178 8181
8180 8191 8184
8191 8180 8190
8191 8188 8184
8192 8185 8189
8185 8192 8193
8181 8193 8190
8193 8181 8185
8194 8193 8192
8193 8194 8195
8190 8195 8191
8195 8190 8193
8194 8196 8195
8196 8191 8195
8191 8196 8188
8187 8197 8183
8197 8179 8183
8179 8197 8198
8198 8176 8179
8176 8198 8175
8192 8189 8199
8189 8171 8199
8200 8196 8194
8194 8201 8200
8201 8194 8192
8202 8200 8201
8202 8203 8200
8202 8201 8204
8204 8201 8205
8201 8192 8205
8192 8199 8205
8206 8197 8187
8171 8189 8172
8167 8172 8186
8186 8165 8167
8165 8186 8182
8177 8165 8182
8207 8208 8209
8208 8207 8210
8209 8211 8207
8211 8209 8212
8212 8213 8211
8213 8212 8214
8215 8210 8207
8210 8215 8216
8217 8207 8211
8207 8217 8215
8214 8218 8213
8218 8214 8219
8220 8211 8213
8211 8220 8217
8221 8216 8215
8216 8221 8222
8219 8223 8218
8223 8219 8224
8225 8215 8217
8215 8225 8221
8226 8213 8218
8213 8226 8220
8224 8227 8223
8227 8224 8228
8229 8217 8220
8217 8229 8225
8230 8218 8223
8218 8230 8226
8231 8220 8226
8220 8231 8229
8232 8223 8227
8223 8232 8230
8233 8226 8230
8226 8233 8231
8234 8230 8232
8230 8234 8233
8222 8076 8216
8072 8216 8076
8216 8072 8210
8071 8210 8072
8210 8071 8208
8076 8222 8082
8235 8236 8237
8236 8235 8238
8120 8235 8237
8235 8120 8239
8129 8237 8236
8237 8129 8127
8237 8123 8120
8123 8237 8127
8120 8122 8239
8240 8241 8242
8241 8240 8243
8240 8244 8243
8244 8240 8245
8246 8243 8244
8243 8246 8247
8247 8241 8243
8248 8247 8246
8247 8248 8249
8250 8249 8248
8249 8250 8251
8251 8252 8249
8252 8251 8253
8254 8253 8251
8249 8255 8247
8255 8249 8252
8241 8247 8255
8256 8251 8250
8251 8256 8254
8254 8256 8257
8250 8258 8256
8256 8259 8257
8259 8256 8258
8257 8259 8260
8259 8258 8261
8259 8262 8260
8262 8259 8261
8262 8261 8263
8260 8262 8264
8262 8265 8264
8265 8262 8263
8265 8263 8266
8265 8267 8264
8267 8265 8268
8266 8268 8265
8268 8269 8267
8269 8268 8270
8268 8266 8271
8271 8270 8268
8270 8271 8272
8273 8274 8275
8274 8273 8276
8277 8275 8274
8275 8277 8278
8274 8279 8277
8279 8274 8280
8276 8280 8274
8281 8278 8277
8278 8281 8282
8283 8277 8279
8277 8283 8281
8281 8284 8282
8284 8281 8285
8283 8285 8281
8285 8283 8286
8285 8287 8284
8287 8285 8288
8286 8288 8285
8288 8286 8289
8288 8290 8287
8290 8288 8291
8289 8291 8288
8291 8289 8292
8291 8293 8290
8293 8291 8294
8292 8294 8291
8294 8292 8295
8294 8296 8293
8296 8294 8297
8295 8297 8294
8297 8295 8298
8297 8299 8296
8299 8297 8300
8298 8300 8297
8300 8298 8301
8302 8303 8304
8303 8302 8305
8306 8304 8303
8304 8306 8307
8305 8308 8303
8308 8305 8309
8309 8310 8308
8310 8309 8311
8303 8312 8306
8312 8303 8308
8310 8312 8308
8311 8313 8310
8313 8311 8314
8312 8310 8315
8313 8315 8310
8314 8316 8313
8316 8314 8317
8315 8313 8318
8316 8318 8313
8318 8316 8319
8317 8320 8316
8320 8319 8316
8320 8317 8321
8322 8320 8321
8320 8322 8323
8319 8320 8324
8323 8324 8320
8324 8323 8325
8326 8276 8327
8276 8326 8328
8280 8276 8328
8327 8329 8326
8329 8327 8330
8276 8331 8327
8331 8276 8273
8307 8083 8304
8083 8307 8086
8079 8304 8083
8304 8079 8302
7887 7877 7888
7884 7888 7877
7883 7931 7890
7931 7883 7886
7886 7928 7931
7928 7886 7895
7896 7928 7895
8070 8160 8069
8160 8070 8158
8074 8158 8070
8158 8074 8162
8078 8162 8074
8162 8078 8164
8081 8164 8078
8164 8081 8166
8085 8166 8081
8166 8085 8168
8088 8168 8085
8168 8088 8094
8170 8094 8093
7889 7846 7847
7836 7833 8332
7875 7852 7865
8333 8334 8335
8334 8333 8336
8335 8337 8333
8333 8337 8338
8337 8335 8339
8336 8340 8334
8340 8336 8341
8341 8342 8340
8342 8341 8343
8341 8336 8344
8333 8344 8336
8333 8338 8344
8345 8344 8338
8344 8345 8346
8347 8346 8345
8346 8347 8348
8348 8349 8346
8349 8348 8350
8347 8351 8348
8352 8351 8347
8352 8353 8351
8353 8352 8354
8354 8355 8353
8355 8354 8356
8351 8357 8348
8348 8357 8350
8353 8357 8351
8357 8358 8350
8359 8357 8353
8359 8353 8355
8359 8355 8360
8356 8361 8355
8360 8355 8361
8361 8356 8362
8357 8363 8358
8359 8363 8357
8364 8359 8360
8365 8359 8364
8359 8365 8363
8364 8360 8366
8366 8360 8367
8360 8361 8367
8366 8367 8368
8354 8369 8356
8369 8354 8370
8356 8371 8362
8371 8356 8369
8372 8371 8369
8373 8372 8369
8373 8369 8370
8373 8370 8374
8375 8372 8373
8376 8375 8373
8375 8377 8372
8377 8378 8372
8372 8378 8371
8373 8379 8376
8373 8374 8379
8374 8380 8379
8374 8381 8380
8382 8381 8374
8382 8383 8381
8383 8382 8384
8347 8384 8382
8384 8347 8345
8347 8382 8385
8385 8382 8374
8352 8347 8385
8370 8352 8385
8370 8385 8374
8352 8370 8354
8377 8386 8378
8384 8387 8383
8387 8384 8388
8345 8388 8384
8388 8345 8338
8389 8388 8338
8389 8338 8337
8337 8390 8389
8391 8389 8390
8389 8391 8392
8389 8392 8388
8390 8337 8339
8393 8388 8392
8393 8387 8388
8392 8394 8393
8394 8392 8391
8395 8393 8394
8393 8395 8396
8393 8396 8387
8397 8398 8399
8397 8400 8398
8401 8398 8400
8398 8401 8402
8400 8403 8401
8403 8400 8404
8405 8404 8400
8400 8397 8405
8406 8404 8405
8407 8401 8403
8401 8407 8408
8408 8402 8401
8407 8409 8408
8410 8408 8409
8408 8410 8411
8402 8408 8411
8409 8407 8412
8413 8406 8405
8406 8413 8414
8415 8414 8413
8414 8415 8416
8413 8417 8415
8417 8413 8418
8405 8418 8413
8418 8419 8417
8419 8418 8420
8418 8405 8397
8397 8420 8418
8420 8397 8399
8421 8414 8416
8414 8421 8422
8423 8422 8421
8422 8423 8424
8425 8424 8423
8424 8425 8426
8422 8406 8414
8406 8422 8427
8424 8427 8422
8406 8427 8404
8427 8428 8404
8428 8403 8404
8403 8428 8429
8430 8429 8428
8429 8430 8431
8428 8427 8432
8432 8430 8428
8427 8424 8432
8426 8432 8424
8432 8433 8430
8432 8426 8433
8429 8407 8403
8407 8429 8434
8431 8434 8429
8435 8407 8434
8434 8436 8435
8436 8434 8437
8434 8431 8437
8407 8435 8412
8438 8439 8440
8439 8438 8441
8440 8442 8438
8442 8440 8443
8443 8444 8442
8444 8443 8445
8441 8446 8439
8446 8441 8447
8447 8448 8446
8448 8447 8449
8449 8450 8448
8450 8449 8451
8444 8452 8453
8452 8444 8454
8455 8453 8452
8453 8455 8456
8457 8456 8455
8456 8457 8458
8459 8458 8457
8458 8459 8460
8461 8460 8459
8460 8461 8462
8463 8462 8461
8462 8463 8464
8465 8466 8467
8468 8469 8470
8469 8468 8471
8472 8471 8468
8471 8472 8473
8474 8473 8472
8473 8474 8475
8469 8476 8470
8476 8469 8477
8478 8479 8480
8479 8478 8481
8479 8482 8480
8482 8479 8483
8484 8485 8486
8487 8488 8489
8488 8487 8490
8491 8487 8489
8491 8489 8492
8493 8494 8495
8495 8496 8493
8493 8496 8497
8498 8494 8493
8493 8499 8498
8495 8500 8496
8501 8496 8500
8496 8501 8502
8501 8503 8502
8502 8504 8496
8497 8496 8504
8504 8502 8505
8506 8505 8502
8502 8503 8506
8506 8507 8505
8508 8494 8498
8508 8498 8509
8506 8503 8510
8503 8511 8510
8512 8510 8511
8510 8512 8513
8514 8506 8510
8506 8514 8507
8510 8515 8514
8513 8515 8510
8513 8516 8515
8509 8517 8518
8498 8517 8509
8498 8499 8517
8499 8493 8519
8493 8497 8519
8520 8521 8522
8521 8520 8523
8523 8524 8521
8524 8523 8525
8526 8521 8524
8521 8526 8527
8527 8522 8521
8528 8527 8526
8529 8527 8528
8528 8530 8529
8530 8528 8531
8529 8532 8527
8522 8527 8532
8531 8533 8530
8533 8531 8534
8534 8535 8533
8535 8534 8536
8537 8538 8539
8538 8537 8540
8539 8541 8537
8539 8542 8541
8543 8538 8540
8538 8543 8544
8544 8543 8545
8544 8545 8546
8547 8548 8549
8548 8547 8550
8551 8547 8549
8547 8551 8552
8549 8553 8551
8553 8549 8554
8548 8554 8549
8554 8548 8555
8556 8551 8553
8551 8556 8557
8557 8552 8551
8556 8558 8557
8558 8559 8557
8552 8557 8559
8559 8558 8560
8558 8556 8561
8562 8555 8548
8550 8562 8548
8555 8562 8563
8564 8563 8562
8565 8564 8562
8562 8550 8565
8564 8565 8566
8563 8564 8567
8568 8569 8570
8569 8568 8571
8570 8572 8568
8572 8570 8573
8573 8574 8572
8574 8573 8575
8576 8574 8575
8574 8576 8577
8578 8579 8572
8579 8578 8580
8581 8572 8579
8572 8581 8582
8583 8582 8581
8582 8583 8584
8585 8580 8578
8586 8587 8588
8588 8587 8589
8588 8589 8590
8588 8590 8591
8591 8590 8592
8586 8593 8587
8593 8586 8594
8594 8586 8595
8594 8595 8596
8595 8597 8596
8597 8595 8598
8598 8599 8597
8599 8598 8600
8599 8600 8601
8601 8600 8602
8601 8602 8603
8604 8603 8602
8603 8604 8605
8606 8605 8604
8605 8606 8607
8608 8607 8606
8607 8608 8609
8610 8611 8612
8611 8610 8613
8614 8613 8610
8613 8614 8615
8615 8614 8616
8617 8612 8611
8612 8617 8618
8619 8618 8617
8618 8619 8620
8621 8620 8619
8620 8621 8622
8623 8622 8621
8622 8623 8624
8625 8624 8623
8626 8627 8628
8627 8626 8629
8630 8626 8628
8626 8630 8631
8631 8632 8626
8626 8632 8633
8633 8634 8626
8626 8634 8635
8635 8636 8626
8636 8637 8626
8626 8637 8638
8638 8639 8626
8639 8640 8626
8626 8640 8641
8626 8641 8642
8643 8644 8645
8646 8643 8645
8647 8646 8645
8648 8645 8644
8649 8645 8648
8650 8645 8649
8651 8652 8653
8653 8654 8651
8654 8653 8655
8656 8654 8655
8651 8657 8652
8657 8658 8652
8657 8659 8658
8660 8658 8659
8658 8660 8661
8660 8662 8661
8662 8660 8663
8664 8346 8349
8346 8664 8344
8341 8344 8664
8341 8664 8343
8665 8666 8667
8666 8665 8668
8669 8667 8666
8667 8669 8670
8671 8670 8669
8670 8671 8672
8673 8668 8665
8668 8673 8674
8675 8674 8673
8674 8675 8676
8677 8676 8675
8676 8677 8678
8671 8679 8680
8679 8671 8681
8681 8682 8679
8682 8681 8683
8683 8684 8682
8684 8683 8685
8685 8686 8684
8686 8685 8687
8687 8688 8686
8688 8687 8689
8689 8690 8688
8690 8689 8691
8692 8693 8694
8695 8696 8697
8696 8695 8698
8697 8699 8695
8699 8697 8700
8700 8701 8699
8701 8700 8702
8703 8696 8698
8696 8703 8704
8705 8706 8707
8706 8705 8708
8706 8708 8709
8709 8710 8706
8711 8712 8713
8714 8715 8716
8715 8714 8717
8718 8717 8714
8718 8719 8717
8720 8721 8722
8721 8720 8723
8720 8724 8723
8725 8720 8722
8720 8725 8726
8721 8723 8727
8723 8728 8727
8728 8723 8729
8728 8729 8730
8731 8729 8723
8724 8731 8723
8729 8731 8732
8733 8729 8732
8729 8733 8730
8733 8732 8734
8735 8725 8722
8735 8736 8725
8733 8737 8730
8730 8737 8738
8739 8738 8737
8737 8740 8739
8741 8737 8733
8733 8734 8741
8737 8741 8742
8740 8737 8742
8740 8742 8743
8736 8744 8745
8725 8736 8745
8725 8745 8726
8726 8746 8720
8720 8746 8724
8747 8748 8749
8748 8747 8750
8751 8750 8747
8750 8751 8752
8747 8753 8751
8753 8747 8754
8749 8754 8747
8755 8753 8754
8756 8755 8754
8757 8755 8756
8755 8757 8758
8756 8754 8759
8754 8749 8759
8760 8758 8757
8758 8760 8761
8762 8761 8760
8761 8762 8763
8764 8765 8766
8765 8764 8767
8765 8768 8766
8768 8765 8769
8770 8766 8768
8766 8770 8771
8771 8764 8766
8764 8771 8772
8768 8773 8770
8773 8768 8774
8769 8774 8768
8775 8773 8774
8776 8775 8774
8774 8769 8776
8775 8776 8777
8773 8775 8778
8772 8779 8764
8779 8767 8764
8779 8772 8780
8780 8781 8779
8781 8782 8779
8767 8779 8782
8782 8781 8783
8781 8780 8784
8785 8786 8787
8786 8785 8788
8789 8787 8786
8787 8789 8790
8791 8790 8789
8790 8791 8792
8791 8793 8792
8793 8791 8794
8795 8796 8789
8796 8795 8797
8789 8798 8795
8798 8789 8799
8799 8800 8798
8800 8799 8801
8802 8796 8797
8803 8804 8805
8804 8806 8805
8804 8807 8806
8804 8808 8807
8808 8809 8807
8803 8805 8810
8810 8811 8803
8811 8812 8803
8811 8813 8812
8814 8812 8813
8812 8814 8815
8816 8815 8814
8815 8816 8817
8816 8818 8817
8818 8819 8817
8818 8820 8819
8820 8821 8819
8821 8820 8822
8822 8823 8821
8823 8822 8824
8824 8825 8823
8825 8824 8826
8827 8828 8829
8828 8827 8830
8829 8831 8827
8831 8829 8832
8832 8833 8831
8830 8834 8828
8834 8830 8835
8835 8836 8834
8836 8835 8837
8837 8838 8836
8838 8837 8839
8839 8840 8838
8840 8839 8841
8842 8840 8841
8843 8844 8845
8844 8843 8846
8844 8847 8845
8847 8844 8848
8848 8844 8849
8844 8850 8849
8850 8844 8851
8844 8852 8851
8852 8844 8853
8853 8844 8854
8844 8855 8854
8855 8844 8856
8856 8844 8857
8844 8858 8857
8844 8859 8858
8860 8861 8862
8863 8861 8860
8861 8863 8864
8865 8864 8863
8860 8862 8866
8866 8862 8867
8866 8867 8868
8867 8869 8868
8869 8867 8870
8871 8869 8870
8869 8871 8872
8873 8874 8875
8873 8876 8874
8873 8877 8876
8873 8878 8877
8874 8879 8875
8880 8879 8874
8876 8880 8874
8880 8881 8879
8879 8881 8882
8879 8882 8883
8883 8884 8879
8879 8884 8875
8883 8885 8884
8873 8875 8886
8873 8886 8887
8873 8887 8888
8873 8888 8889
8886 8875 8890
8891 8886 8890
8887 8886 8891
8891 8890 8892
8890 8893 8892
8890 8894 8893
8894 8890 8895
8894 8895 8896
8890 8875 8895
8875 8897 8895
8884 8897 8875
8898 8899 8900
8898 8900 8901
8902 8903 8904
8905 8904 8903
8904 8905 8906
8906 8905 8907
8902 8908 8903
8908 8905 8903
8905 8908 8909
8909 8910 8905
8905 8911 8907
8910 8912 8905
8913 8914 8915
8913 8916 8914
8917 8918 8919
8920 8918 8917
8921 8918 8920
8919 8918 8922
8923 8918 8921
8922 8918 8923
8924 8925 8926
8927 8925 8924
8928 8929 8930
8929 8928 8931
8930 8932 8928
8932 8930 8933
8933 8934 8932
8935 8930 8929
8930 8935 8936
8936 8933 8930
8933 8936 8937
8938 8933 8937
8933 8938 8939
8933 8939 8934
8937 8940 8938
8940 8937 8941
8937 8942 8941
8942 8937 8936
8941 8942 8943
8942 8944 8943
8944 8942 8945
8936 8945 8942
8945 8936 8935
8934 8946 8932
8947 8932 8946
8948 8932 8947
8947 8949 8948
8948 8949 8950
8949 8947 8951
8949 8951 8952
8952 8953 8949
8954 8951 8947
8932 8948 8928
8931 8948 8950
8948 8931 8928
8946 8955 8947
8955 8954 8947
8956 8951 8954
8951 8956 8952
8957 8952 8956
8952 8957 8958
8958 8953 8952
8958 8959 8953
8958 8960 8959
8959 8960 8961
8960 8962 8961
8961 8962 8963
8962 8964 8963
8963 8964 8965
8964 8966 8965
8964 8967 8966
8967 8964 8968
8962 8968 8964
8968 8962 8969
8960 8969 8962
8969 8960 8970
8970 8958 8957
8958 8970 8960
8971 8965 8966
8967 8971 8966
8972 8965 8971
8973 8972 8971
8974 8972 8973
8975 8973 8971
8971 8967 8975
8973 8975 8976
8977 8974 8973
8976 8977 8973
8978 8974 8977
8979 8978 8977
8979 8980 8978
8981 8979 8977
8977 8976 8981
8979 8981 8982
8979 8983 8980
8982 8983 8979
8983 8982 8984
8984 8985 8983
8983 8985 8980
8985 8984 8986
8980 8985 8987
8985 8988 8987
8986 8989 8985
8989 8988 8985
8989 8986 8990
8991 8989 8990
8989 8991 8992
8992 8991 8993
8994 8992 8993
8994 8993 8995
8996 8994 8995
8994 8996 8997
8998 8994 8997
8994 8998 8999
8999 8992 8994
9000 8999 8998
8999 9000 9001
9002 8997 8996
8997 9002 9003
8997 9004 8998
9004 8997 9003
9003 9005 9004
9006 9004 9005
9004 9006 9007
8998 9007 9000
9007 8998 9004
8992 8999 9008
9001 9008 8999
9008 9001 9009
9009 9010 9008
9010 9009 9011
9010 8992 9008
8992 9010 8989
8988 8989 9010
9011 8988 9010
9012 9013 9014
9013 9012 9015
9013 9016 9014
9016 9013 9017
9013 9015 9018
9019 9018 9015
9019 9020 9018
9020 9019 9021
9017 9022 9016
9022 9017 9023
9024 9017 9013
9013 9018 9024
9024 9018 9020
9025 9024 9020
9024 9025 9026
9023 9027 9022
9027 9023 9028
9029 9023 9017
9029 9017 9024
9026 9029 9024
9028 9030 9027
9030 9028 9031
9031 9032 9030
9032 9031 9033
9029 9026 9034
9035 9028 9023
9023 9029 9035
9034 9035 9029
9031 9028 9036
9036 9028 9035
9035 9034 9037
9037 9036 9035
9038 9033 9031
9031 9036 9038
9036 9037 9039
9040 9033 9038
9041 9033 9040
9033 9041 9042
9036 9043 9038
9043 9036 9039
9038 9044 9040
9044 9038 9043
9045 9046 9047
9046 9045 9048
9049 9045 9047
9050 9049 9047
9050 9051 9049
9051 9050 9052
9053 9051 9052
9054 9055 9056
9055 9054 9057
9058 9054 9056
9054 9058 9059
9054 9060 9057
9061 9057 9060
9062 9061 9060
9061 9062 9063
9064 9059 9058
9059 9064 9065
9066 9054 9059
9054 9066 9060
9066 9062 9060
9066 9067 9062
9067 9066 9068
9069 9065 9064
9065 9069 9070
9071 9059 9065
9071 9066 9059
9071 9068 9066
9072 9070 9069
9070 9072 9073
9074 9073 9072
9073 9074 9075
9068 9071 9076
9077 9065 9070
9065 9077 9071
9077 9076 9071
9073 9078 9070
9078 9077 9070
9076 9077 9079
9080 9073 9075
9073 9080 9078
9077 9081 9079
9081 9077 9078
9082 9080 9075
9075 9083 9082
9083 9075 9084
9078 9085 9081
9085 9078 9080
9080 9086 9085
9086 9080 9082
9087 9088 9089
9089 9090 9087
9091 9088 9087
9092 9088 9091
9092 9091 9093
9093 9094 9092
9095 9094 9093
9096 9097 9098
9099 9096 9098
9096 9099 9100
9100 9101 9096
9102 9096 9101
9096 9102 9097
9102 9103 9097
9103 9102 9104
9103 9104 9105
9106 9103 9105
9106 9105 9107
9105 9104 9108
9104 9109 9108
9110 9105 9108
9110 9107 9105
9110 9111 9107
9112 9110 9108
9112 9111 9110
9100 9113 9101
9113 9114 9101
9114 9113 9115
9115 9116 9114
9114 9116 9117
9114 9117 9118
9114 9118 9119
9115 9120 9116
9111 9121 9107
9107 9121 9122
9121 9123 9122
9123 9121 9124
9125 9124 9121
9111 9125 9121
9126 9125 9111
9112 9126 9111
9124 9125 9127
9128 9127 9125
9126 9128 9125
9128 9126 9129
9130 9128 9129
9127 9128 9131
9128 9132 9131
9128 9130 9132
9133 9132 9130
9134 9122 9123
9122 9134 9135
9136 9135 9134
9135 9136 9137
9137 9138 9135
9138 9137 9139
9140 9138 9139
9139 9141 9140
9142 9140 9141
9142 9141 9143
9144 9138 9140
9144 9140 9145
9145 9140 9142
9142 9146 9145
9142 9147 9146
9142 9143 9147
9148 9146 9147
9149 9146 9148
9149 9145 9146
9149 9148 9150
9148 9151 9150
9150 9151 9152
9153 9150 9152
9153 9149 9150
9153 9152 9154
9153 9154 9155
9149 9153 9156
9157 9153 9155
9155 9158 9157
9157 9158 9159
9153 9160 9156
9160 9153 9157
9160 9157 9159
9156 9161 9149
9160 9159 9162
9161 9163 9149
9145 9149 9163
9164 9156 9160
9162 9165 9160
9166 9161 9156
9156 9164 9166
9163 9097 9145
9160 9165 9167
9167 9164 9160
9165 9162 9168
9097 9163 9098
9161 9098 9163
9098 9161 9169
9166 9170 9161
9144 9145 9097
9097 9103 9144
9171 9167 9165
9171 9165 9168
9172 9169 9161
9170 9172 9161
9168 9173 9171
9168 9174 9173
9106 9144 9103
9106 9138 9144
9106 9122 9138
9122 9135 9138
9122 9106 9107
9099 9098 9169
9175 9176 9177
9178 9175 9177
9179 9175 9178
9180 9179 9178
9180 9178 9181
9181 9178 9182
9182 9178 9177
9176 9182 9177
9181 9182 9183
9184 9179 9180
9185 9179 9184
9179 9185 9175
9183 9186 9181
9186 9180 9181
9186 9183 9187
9184 9188 9185
9188 9184 9189
9184 9180 9190
9190 9189 9184
9180 9186 9191
9191 9190 9180
9192 9186 9187
9186 9192 9193
9193 9191 9186
9190 9191 9194
9189 9190 9195
9194 9195 9190
9193 9192 9196
9191 9193 9197
9197 9194 9191
9193 9196 9198
9197 9193 9198
9198 9196 9199
9194 9197 9200
9196 9201 9199
9197 9198 9202
9195 9194 9203
9200 9203 9194
9204 9197 9202
9204 9200 9197
9205 9204 9202
9203 9200 9206
9204 9206 9200
9207 9204 9205
9204 9207 9208
9206 9204 9208
9203 4714 9195
4717 9195 4714
9195 4717 9189
9209 9189 4717
9189 9209 9188
4714 9203 4713
9206 4713 9203
4713 9206 4719
9208 4719 9206
4719 9208 4722
9208 9207 4725
4725 4722 9208
9210 9205 9202
9198 9210 9202
4717 4718 9209
9211 4725 9207
4725 9211 4724
9210 9198 9199
9201 9210 9199
9212 9201 9196
9213 9212 9196
9214 9213 9196
9214 9196 9215
9215 9216 9214
9216 9215 9217
9217 9215 9192
9215 9196 9192
9192 9218 9217
9218 9219 9217
9218 9220 9219
9217 9219 9221
9217 9221 9216
9187 9218 9192
9187 9222 9218
9218 9222 9223
9218 9223 9220
9224 9223 9222
9187 9224 9222
9187 9183 9224
9183 9225 9224
9224 9225 9226
9224 9226 9227
9224 9227 9223
9225 9183 9228
9225 9228 9229
9229 9226 9225
9228 9230 9229
9230 9228 9182
9228 9183 9182
9230 9182 9231
9182 9232 9231
9232 9182 9233
9182 9176 9233
9234 9109 9235
9234 9236 9109
9109 9104 9235
9104 9102 9235
9102 9119 9235
9101 9119 9102
9237 9235 9119
9237 9234 9235
9118 9237 9119
9114 9119 9101
9236 9108 9109
9236 9112 9108
9238 9112 9236
9112 9238 9129
9126 9112 9129
9239 9240 9241
9240 9239 9242
9243 9241 9240
9241 9243 9244
9245 9244 9243
9244 9245 9246
9247 9242 9239
9242 9247 9248
9247 9249 9248
9249 9247 9250
9251 9252 9253
9253 9252 9254
9255 9253 9254
9255 9256 9253
9253 9256 9257
9253 9257 9251
9256 9255 9258
9258 9255 9259
9259 9255 9260
9259 4711 9258
9261 9251 9257
9257 9262 9261
4711 9263 9258
4708 9263 4711
4708 9264 9263
4706 9264 4708
9264 4706 9265
9265 4706 4705
9265 4705 9266
4705 4699 9266
9266 4699 9267
9268 9267 4699
4699 4696 9268
9268 4696 4694
9268 4694 9269
9269 4694 4691
9268 9269 9270
9268 9270 9271
9267 9268 9271
9272 9273 9274
9273 9262 9274
9275 9272 9274
9273 9261 9262
9276 9277 9278
9277 9276 9279
9278 9280 9276
9280 9278 9281
9281 9282 9280
9282 9281 9283
9283 9284 9282
9284 9283 9285
9285 9286 9284
9286 9285 9287
9288 9289 9290
9289 9288 9291
9292 9290 9289
9290 9292 9293
9292 9294 9293
9294 9292 9295
9296 9291 9288
9291 9296 9297
9296 9298 9297
9298 9296 9299
9300 9301 9302
4731 9303 4729
9304 9305 9306
9305 9304 9307
9308 9305 9307
9305 9308 9309
9310 9304 9306
9311 9309 9308
9311 9312 9309
9313 9312 9311
9312 9313 9314
9313 9315 9314
9315 9313 9316
9310 9317 9318
9319 9318 9317
9318 9319 9320
9319 9321 9320
9321 9319 9322
9322 9323 9321
9323 9322 9324
9325 9323 9324
9323 9325 9326
9327 9328 9329
9327 9329 9330
9331 9327 9330
9332 9331 9330
9330 9333 9332
9333 9334 9332
9333 9335 9334
9136 9334 9335
9336 9136 9335
9136 9336 9137
9334 9136 9337
9334 9337 9332
9338 9337 9136
9136 9134 9338
9335 9339 9336
9339 9335 9340
9335 9333 9340
9336 9339 9341
9342 9341 9339
9342 9141 9341
9139 9336 9341
9139 9137 9336
9139 9341 9141
9338 9134 9343
9134 9123 9343
9344 9345 9346
9345 9344 9347
9348 9346 9345
9346 9348 9349
9348 9350 9349
9350 9348 9351
9351 9352 9350
9352 9351 9353
9354 9355 9356
9355 9354 9357
9356 9358 9354
9358 9356 9359
9359 9360 9358
9360 9359 9361
9361 9362 9360
9362 9361 9363
9364 9365 9366
9365 9364 9367
9368 9366 9365
9366 9368 9369
9370 9369 9368
9369 9370 9371
9372 9371 9370
9371 9372 9373
9374 9375 9376
9377 9376 9375
9377 9378 9376
9378 9377 9379
9375 9380 9377
9377 9381 9379
9380 9382 9377
9377 9383 9381
9383 9384 9381
9385 9383 9377
9382 9385 9377
9382 9386 9385
9386 9382 9387
9388 9384 9383
9384 9388 9389
9383 9385 9390
9391 9388 9383
9391 9383 9390
9390 9392 9391
9392 9390 9393
9393 9385 9386
9385 9393 9390
9394 9389 9388
9391 9394 9388
9389 9394 9395
9394 9391 9396
9397 9395 9394
9398 9397 9394
9398 9394 9396
9399 9398 9396
9399 9391 9392
9391 9399 9396
9398 9399 9400
9397 9398 9401
9401 9402 9397
9395 9397 9402
9402 9401 9403
9404 9403 9401
9403 9404 9405
9406 9401 9398
9406 9404 9401
9400 9406 9398
9406 9400 9407
9404 9408 9405
9406 9409 9404
9407 9409 9406
9409 9408 9404
9409 9407 9410
9408 9409 9411
9411 9409 9410
9380 9412 9413
9412 9380 9414
9413 9382 9380
9382 9413 9387
9415 9416 9417
9415 9418 9416
9415 9419 9418
9420 9418 9419
9417 9421 9415
9417 9422 9421
9422 9423 9421
9422 9424 9423
9425 9423 9424
9423 9425 9426
9426 9425 9427
9427 9428 9426
9427 9429 9428
4739 4759 4764
4739 4741 4759
4710 4711 9259
4710 9259 9430
9259 9260 9430
9431 9432 9433
9431 9433 9434
9431 9434 9435
9431 9435 9436
9433 9432 9437
9438 9433 9437
9434 9433 9438
9438 9437 9439
9437 9440 9439
9437 9441 9440
9441 9437 9442
9437 9432 9442
9441 9442 9443
9431 9444 9432
9431 9445 9444
9431 9446 9445
9431 9447 9446
9444 9448 9432
9449 9448 9444
9445 9449 9444
9449 9450 9448
9448 9450 9451
9448 9451 9452
9452 9453 9448
9448 9453 9432
9452 9454 9453
9432 9453 9455
9442 9432 9455
9456 9457 9458
9456 9459 9457
9460 9461 9462
9461 9463 9462
9463 9461 9464
9464 9465 9463
9460 9462 9466
9463 9466 9462
9466 9463 9467
9467 9463 9468
9463 9465 9469
9468 9463 9470
9471 9472 9473
9471 9473 9474
9475 9476 9477
9478 9475 9477
9479 9478 9477
9476 9480 9477
9481 9479 9477
9480 9481 9477
9482 9483 9484
9485 9482 9484
9486 9487 9488
9486 9488 9489
9489 9488 9490
9491 9489 9490
9492 9489 9491
9489 9492 9486
9491 9493 9492
9494 9493 9491
9490 9494 9491
9495 9494 9490
9495 9496 9494
9494 9496 9497
9494 9497 9498
9494 9498 9493
9499 9497 9496
9495 9499 9496
9499 9500 9497
9495 9501 9499
9501 9502 9499
9499 9502 9503
9499 9503 9500
9502 9501 9504
9505 9502 9504
9502 9505 9506
9502 9506 9503
9507 9505 9504
9504 9501 9508
9504 9508 9507
9508 9509 9507
9509 9508 9510
9511 9501 9495
9501 9511 9512
9512 9508 9501
9513 9512 9511
9512 9513 9514
9515 9514 9513
9514 9515 9516
9512 9517 9508
9514 9517 9512
9510 9508 9518
9517 9518 9508
9514 9519 9517
9518 9517 9519
9520 9514 9516
9520 9519 9514
9518 9519 9521
9521 9519 9520
9522 9516 9515
9522 9515 9523
9524 9516 9522
9524 9520 9516
9525 9524 9522
9525 9522 9523
9526 9525 9523
9527 9525 9526
9524 9525 9528
9527 9526 9529
9525 9527 9530
9528 9525 9530
9529 9530 9527
9531 9528 9530
9531 9530 9532
9533 9532 9530
9530 9529 9533
9532 9533 9534
9528 9531 9535
9536 9535 9531
9536 9531 9537
9531 9538 9537
9539 9538 9531
9532 9539 9531
9539 9532 9540
9532 9534 9540
9540 9541 9539
9538 9539 9541
9541 9540 9542
9543 9538 9541
9544 9543 9541
9543 9544 9545
9546 9538 9543
9538 9546 9537
9547 9535 9536
9535 9547 9548
9537 9549 9536
9549 9537 9550
9551 9536 9549
9536 9551 9547
9552 9542 9540
9540 9553 9552
9553 9540 9554
9555 9547 9551
9556 9555 9551
9549 9556 9551
9555 9556 9557
9547 9555 9558
9558 9548 9547
9548 9558 9559
9560 9548 9559
9548 9560 9561
9561 9560 9562
9556 9549 9563
9563 9549 9564
9549 9550 9564
9564 9550 9565
9566 9565 9550
9566 9567 9565
9566 9568 9567
9566 9569 9568
9570 9568 9569
9570 9569 9571
9572 9568 9570
9573 9572 9570
9573 9570 9571
9571 9574 9573
9573 9574 9575
9574 9576 9575
9576 9574 9577
9575 9578 9573
9573 9578 9572
9568 9572 9579
9579 9567 9568
9575 9580 9578
9580 9575 9576
9572 9578 9581
9581 9579 9572
9579 9581 9582
9567 9579 9583
9582 9583 9579
9578 9584 9581
9584 9578 9580
9581 9585 9582
9585 9581 9584
9583 9582 9586
9582 9587 9586
9587 9582 9585
9588 9583 9586
9587 9588 9586
9583 9588 9589
9589 9567 9583
9567 9589 9565
9588 9587 9590
9591 9565 9589
9565 9591 9564
9589 9592 9591
9592 9589 9588
9590 9592 9588
9592 9590 9593
9563 9564 9591
9591 9592 9594
9563 9591 9594
9593 9594 9592
9594 9593 9595
9596 9563 9594
9595 9596 9594
9596 9595 9597
9563 9596 9598
9597 9598 9596
9563 9598 9556
9598 9597 9599
9598 9557 9556
9557 9598 9600
9601 9602 9488
9603 9488 9602
9603 9604 9488
9605 9488 9604
9605 9490 9488
9606 9605 9604
9606 9604 9607
9607 9604 9603
9608 9606 9607
9609 9608 9607
9609 9607 9603
9608 9610 9606
9611 9608 9609
9608 9611 9612
9608 9612 9613
9608 9613 9610
9614 9612 9611
9612 9614 9615
9616 9615 9614
9615 9616 9617
9617 9616 9618
9619 9617 9618
9619 9620 9617
9615 9617 9620
9619 9621 9620
9619 9622 9621
9621 9622 9623
9623 9553 9621
9624 9623 9622
9623 9624 9625
9625 9552 9623
9552 9553 9623
9625 9626 9552
9626 9625 9627
9621 9628 9620
9621 9629 9628
9628 9629 9630
9631 9628 9630
9628 9631 9632
9632 9633 9628
9620 9628 9633
9633 9632 9613
9630 9629 9634
9610 9632 9631
9613 9632 9610
9629 9529 9634
9529 9629 9533
9554 9533 9629
9621 9554 9629
9533 9554 9534
9526 9630 9634
9634 9529 9526
9523 9630 9526
9523 9631 9630
9515 9631 9523
9515 9610 9631
9513 9610 9515
9610 9513 9606
9511 9606 9513
9606 9511 9605
9511 9490 9605
9490 9511 9495
9553 9554 9621
9540 9534 9554
9635 9636 9637
9637 9636 9638
9639 9637 9638
9640 9635 9637
9641 9635 9640
9639 9642 9637
9637 9643 9640
9642 9643 9637
9644 9641 9640
9643 9644 9640
9645 9641 9644
9646 9645 9644
9646 9647 9645
9644 9648 9646
9649 9648 9644
9643 9649 9644
9650 9647 9646
9648 9650 9646
9647 9650 9651
9650 9652 9651
9653 9652 9650
9650 9648 9653
9652 9653 9654
9654 9655 9652
9652 9655 9656
9651 9652 9656
9645 9657 9641
9641 9657 9635
9657 9645 9658
9658 9645 9659
9660 9659 9647
9651 9660 9647
9659 9660 9661
9661 9658 9659
9660 9662 9661
9662 9660 9663
9660 9664 9663
9665 9663 9664
9665 9662 9663
9665 9666 9662
9664 9660 9667
9664 9667 9668
9660 9651 9667
9668 9667 9651
9668 9651 9656
9635 9657 9669
9635 9669 9636
9670 9661 9662
9662 9666 9670
9671 9670 9666
9671 9666 9672
9665 9672 9666
9665 9673 9672
9674 9672 9673
9674 9675 9672
9676 9673 9665
9676 9665 9664
9677 9673 9676
9677 9678 9673
9678 9674 9673
9674 9678 9679
9674 9679 9680
9674 9680 9675
9681 9680 9679
9682 9681 9679
9682 9679 9678
9682 9683 9681
9681 9683 9684
9683 9685 9684
9678 9686 9682
9686 9678 9687
9677 9687 9678
9687 9688 9686
9687 9677 9689
9690 9677 9676
9690 9689 9677
9690 9676 9691
9691 9676 9664
9692 9686 9688
9686 9692 9693
9693 9682 9686
9694 9693 9692
9693 9694 9695
9695 9696 9693
9682 9693 9696
9696 9695 9697
9697 9698 9696
9698 9697 9699
9699 9700 9698
9700 9699 9701
9698 9682 9696
9682 9698 9683
9685 9683 9698
9685 9698 9700
9702 9701 9699
9703 9699 9697
9699 9703 9704
9702 9699 9704
9702 9704 9705
9704 9706 9705
9703 9706 9704
9703 9707 9706
9707 9703 9708
9703 9709 9708
9709 9703 9710
9711 9709 9710
9711 9712 9709
9709 9712 9713
9713 9708 9709
9712 9714 9713
9713 9714 9715
9714 9716 9715
9715 9716 9717
9716 9718 9717
9716 9719 9718
9719 9716 9720
9716 9714 9721
9721 9714 9712
9716 9721 9720
9721 9712 9722
9712 9711 9723
9712 9723 9722
9724 9723 9711
9711 9710 9724
9710 9725 9724
9710 9695 9725
9723 9724 9726
9725 9726 9724
9727 9713 9715
9727 9715 9717
9713 9727 9708
9708 9727 9707
9728 9725 9695
9729 9725 9728
9725 9729 9730
9726 9725 9730
9694 9728 9695
9728 9694 9731
9732 9728 9731
9694 9733 9731
9733 9694 9692
9734 9731 9733
9731 9734 9735
9735 9732 9731
9736 9735 9734
9735 9736 9737
9732 9735 9738
9737 9738 9735
9739 9737 9736
9737 9739 9740
9740 9741 9737
9738 9737 9741
9741 9740 9742
9736 9734 9743
9744 9734 9733
9734 9744 9743
9692 9745 9733
9744 9733 9745
9745 9692 9688
9742 9746 9741
9746 9742 9747
9748 9747 9742
9748 9742 9740
9747 9748 9749
9741 9750 9738
9750 9741 9746
9751 9740 9739
9740 9751 9752
9752 9748 9740
9753 9738 9750
9738 9753 9732
9732 9753 9754
9732 9754 9728
9754 9729 9728
9749 9748 9755
9751 9755 9752
9752 9755 9748
9687 9745 9688
9687 9756 9745
9757 9745 9756
9755 9751 9758
9751 9759 9758
9759 9751 9760
9758 9759 9761
9762 9761 9759
9759 9760 9762
9761 9762 9763
9764 9761 9763
9761 9764 9765
9758 9761 9765
9766 9765 9764
9766 9767 9765
9768 9765 9767
9765 9768 9758
9760 9769 9762
9751 9769 9760
9769 9751 9770
9770 9751 9771
9755 9758 9768
9749 9755 9768
9751 9739 9771
9739 9772 9771
9739 9773 9772
9774 9773 9739
9736 9774 9739
9773 9774 9775
9774 9736 9775
9736 9743 9775
9772 9773 9776
9775 9776 9773
9777 9772 9776
9777 9776 9778
9779 9777 9778
9780 9779 9778
9780 9781 9779
9780 9782 9781
9783 9781 9782
9781 9783 9784
9783 9785 9784
9785 9783 9786
9787 9785 9786
9785 9787 9788
9787 9789 9788
9789 9787 9790
9789 9790 9791
9789 9791 9792
9791 9793 9792
9794 9793 9791
9793 9794 9795
9796 9794 9791
9790 9796 9791
9794 9796 9797
9795 9794 9798
9798 9794 9797
9797 9799 9798
9800 9795 9798
9795 9800 9801
9793 9795 9801
9802 9801 9800
9801 9802 9803
9804 9803 9802
9800 9798 9805
9805 9802 9800
9805 9798 9799
9805 9799 9806
9807 9805 9806
9805 9807 9802
9806 9799 9808
9809 9806 9808
9809 9807 9806
9810 9807 9809
9799 9811 9808
9808 9811 9690
9811 9799 9812
9811 9813 9690
9811 9812 9813
9813 9689 9690
9813 9814 9689
9815 9814 9813
9812 9815 9813
9815 9816 9814
9689 9814 9816
9816 9687 9689
9816 9815 9817
9690 9818 9808
9690 9691 9818
9818 9691 9819
9691 9668 9819
9668 9820 9819
9820 9668 9656
9820 9656 9821
9656 9822 9821
9822 9656 9655
9820 9823 9819
9823 9820 9824
9820 9825 9824
9825 9820 9821
9818 9819 9826
9823 9826 9819
9824 9825 9827
9828 9827 9825
9828 9825 9821
9829 9824 9827
9824 9829 9823
9826 9823 9829
9830 9818 9826
9830 9826 9829
9818 9830 9808
9829 9809 9830
9830 9809 9808
9809 9829 9831
9827 9831 9829
9828 9832 9827
9831 9827 9832
9832 9810 9831
9810 9809 9831
9810 9832 9833
9834 9833 9832
9832 9828 9834
9833 9834 9835
9833 9835 9836
9835 9837 9836
9837 9838 9836
9838 9837 9839
9840 9839 9837
9839 9840 9841
9842 9836 9838
9836 9842 9843
9843 9833 9836
9842 9844 9843
9833 9844 9810
9844 9833 9843
9844 9842 9845
9838 9845 9842
9838 9839 9846
9846 9839 9841
9846 9847 9838
9845 9838 9847
9847 9846 9848
9849 9848 9846
9849 9846 9841
9849 9850 9848
9850 9849 9851
9852 9847 9848
9852 9848 9850
9837 9853 9840
9851 9854 9850
9850 9854 9855
9855 9852 9850
9855 9854 9856
9857 9856 9854
9858 9857 9854
9854 9851 9858
9859 9844 9845
9860 9859 9845
9860 9845 9861
9852 9862 9847
9860 9803 9863
9864 9861 9845
9864 9845 9865
9845 9847 9865
9853 9837 9835
9866 9835 9834
9834 9867 9866
9867 9834 9828
9821 9867 9828
9867 9821 9822
9835 9866 9853
9803 9868 9801
9868 9869 9801
9869 9793 9801
9793 9869 9792
9870 9871 9872
9871 9870 9873
9870 9874 9873
9874 9870 9875
9876 9872 9871
9877 9874 9875
9877 9875 9878
9878 9879 9877
9879 9878 9880
9881 9879 9880
9879 9881 9882
9876 9883 9884
9883 9885 9884
9885 9883 9886
9887 9885 9886
9885 9887 9888
9889 9888 9887
9888 9889 9890
9889 9891 9890
9891 9889 9892
9893 9894 9895
9894 9893 9896
9894 9896 9897
9898 9894 9897
9898 9897 9899
9898 9899 9900
9899 9901 9900
9902 9900 9901
9900 9902 9903
9904 9905 9906
9905 9904 9907
9908 9907 9904
9907 9908 9909
9910 9909 9908
9909 9910 9911
9912 9911 9910
9911 9912 9913
9914 9915 9916
9915 9914 9917
9917 9918 9915
9918 9917 9919
9919 9920 9918
9920 9919 9921
9921 9922 9920
9922 9921 9923
9924 9925 9926
9927 9925 9924
9661 9670 9928
9658 9661 9928
9659 9645 9647
9697 9710 9703
9710 9697 9695
9528 9561 9929
9929 9561 9562
9562 9520 9929
9520 9524 9929
9528 9929 9524
9520 9562 9521
9535 9561 9528
9561 9535 9548
9930 9931 9932
9930 9933 9934
9935 9936 9937
9936 9935 9938
9936 9939 9937
9939 9936 9940
9941 9937 9939
9939 9942 9941
9942 9939 9943
9942 9944 9941
9944 9942 9945
9941 9944 9946
9941 9946 9947
9941 9947 9937
9937 9947 9935
9946 9948 9947
9948 9949 9947
9935 9947 9949
9950 9948 9946
9944 9950 9946
9948 9950 9951
9950 9944 9952
9953 9954 9955
9956 9955 9954
9956 9957 9955
9958 9955 9957
9959 9958 9957
9960 9959 9957
9961 9957 9962
9963 9957 9961
9574 9964 9965
9964 9574 9966
9618 9964 9966
9966 9619 9618
9619 9966 9571
9571 9966 9574
9571 9622 9619
9622 9571 9569
9967 9968 9969
9967 9970 9971
9972 9973 9974
9973 9972 9975
9973 9975 9976
9977 9978 9979
9977 9980 9978
9979 9981 9977
9977 9982 9980
9982 9983 9980
9983 9984 9980
9984 9983 9985
9985 9986 9984
9986 9985 9987
9988 9986 9987
9988 9989 9986
9988 9987 9990
9990 9987 9985
9988 9991 9989
9991 9988 9992
9993 9985 9983
9982 9993 9983
9994 9990 9985
9995 9994 9985
9996 9995 9985
9993 9996 9985
9997 9998 9999
10000 9998 9997
10001 10000 9997
9998 10002 9999
10000 10003 9998
10003 10002 9998
10000 10004 10003
10001 10005 10000
10005 10006 10000
10000 10006 10007
10000 10007 10008
10005 10009 10006
10006 10009 10010
10006 10010 10007
10011 10012 10013
10011 10014 10012
10011 10015 10014
10016 10017 10018
10017 10016 10019
10020 10016 10018
10021 10016 10020
10016 10021 10022
10020 10018 10023
10018 10024 10023
10024 10018 10025
10026 10023 10024
10023 10026 10027
10027 10020 10023
10028 10027 10026
10027 10028 10029
10030 10021 10020
10027 10030 10020
10021 10030 10031
10032 10027 10029
10030 10027 10032
10032 10033 10030
10033 10032 10034
10035 10034 10032
10035 10032 10036
10037 10036 10032
10037 10032 10029
10037 10038 10036
10038 10037 10039
10040 10036 10038
10036 10040 10041
10042 10036 10041
10042 10035 10036
10043 10042 10041
10043 10041 10044
10041 10045 10044
10041 10040 10045
10043 10044 10046
10044 10047 10046
10047 10044 10048
10049 10046 10047
10046 10049 10050
10050 10043 10046
10043 10050 10051
10052 10050 10049
10050 10052 10053
10053 10051 10050
10052 10054 10053
10054 10052 10055
10051 10053 10056
10043 10057 10042
10057 10043 10058
10051 10058 10043
10058 10051 10059
10056 10059 10051
10060 10053 10054
10056 10053 10060
10054 10061 10060
10054 10062 10061
10062 10063 10061
10063 10064 10061
10064 10063 10065
10061 10066 10060
10066 10061 10064
10066 10056 10060
10059 10056 10067
10056 10066 10068
10069 10063 10062
10070 10069 10062
10070 10062 10071
10069 10070 10072
10073 10072 10070
10072 10073 10074
10075 10073 10070
10076 10075 10070
10076 10070 10071
10077 10076 10071
10076 10077 10078
10078 10079 10076
10076 10079 10075
10079 10078 10080
10079 10081 10075
10082 10081 10079
10081 10082 10083
10081 10084 10075
10084 10081 10085
10075 10086 10073
10086 10075 10084
10071 10055 10077
10055 10071 10054
10062 10054 10071
9620 9633 9615
9633 9612 9615
9612 9633 9613
10087 10088 10089
10089 10088 10090
10087 10091 10088
10088 10091 10092
10091 10087 10093
10094 10091 10093
10094 10093 10095
10095 10096 10094
10095 10097 10096
10097 10095 10098
10094 10096 10099
10100 10097 10098
10098 10101 10100
10101 10098 10102
10102 10103 10101
10103 10102 10104
10034 10035 10105
10042 10106 10035
10106 10042 10057
10045 10107 10044
10063 10069 10108
9756 10109 9757
9756 9817 10109
10109 9817 10110
10111 10109 10110
10112 10111 10110
10111 10112 9780
10113 10112 10110
10114 10113 10110
9817 10114 10110
10113 10114 10115
10114 10116 10115
10116 10114 9797
10117 10115 10116
10115 10117 10118
10119 10115 10118
10115 10119 10113
9796 10116 9797
10114 9812 9797
9812 10114 9815
9817 9815 10114
9799 9797 9812
9790 10117 10116
9790 10116 9796
10117 9790 9787
9786 10117 9787
10117 9786 10118
9783 10118 9786
10118 9783 10119
10119 9782 10113
9782 10119 9783
10112 10113 9782
9780 10112 9782
9780 10120 10111
10120 9780 9778
10121 10111 10120
10111 10121 10109
10121 9757 10109
9778 10122 10120
10122 9778 9776
10120 10122 10123
10120 10123 10121
10121 10123 9757
10123 9744 9757
9757 9744 9745
9776 9775 10122
10122 9775 9743
10122 9743 10123
10123 9743 9744
9691 9664 9668
9487 9601 9488
10124 10125 10126
10127 10126 10125
10126 10127 10128
10127 10129 10128
10129 10127 10130
10130 10131 10129
10131 10130 10132
10132 10133 10131
10133 10132 10134
10135 10136 10137
10136 10135 10138
10137 10139 10135
10138 10140 10136
10140 10138 10141
10141 10142 10140
10142 10141 10143
10144 10145 10146
10145 10144 10147
10148 10147 10144
10147 10148 10149
10150 10146 10145
10146 10150 10151
10152 10151 10150
10151 10152 10153
10154 10155 10156
10155 10157 10156
10157 10155 10158
10159 10157 10158
10157 10159 10160
10161 10160 10159
10160 10161 10162
10163 10162 10161
10162 10163 10164
10165 10166 10167
10168 10165 10167
10165 10168 10169
10170 10169 10168
10169 10170 10171
10172 10171 10170
10171 10172 10173
10174 10173 10172
10173 10174 10175
10176 10177 10178
10177 10176 10179
10177 10180 10178
10181 10179 10176
10179 10181 10182
10183 10182 10181
10182 10183 10184
10185 10186 10187
10186 10185 10188
10189 10188 10185
10190 10187 10186
10187 10190 10191
10192 10191 10190
10191 10192 10193
10194 10195 10196
10195 10194 10197
10196 10198 10194
10198 10196 10199
10197 10200 10195
10200 10197 10201
10201 10202 10200
10202 10201 10203
10204 10205 10206
10205 10204 10207
10207 10208 10205
10208 10207 10209
10206 10210 10204
10210 10206 10211
10211 10212 10210
10212 10211 10213
10214 10215 10216
10215 10217 10216
10217 10215 10218
10219 10217 10218
10217 10219 10220
10221 10220 10219
10220 10221 10222
10223 10222 10221
10222 10223 10224
10225 10226 10227
10226 10225 10228
10228 10225 10229
10230 10227 10226
10227 10230 10231
10232 10231 10230
10231 10232 10233
10234 10235 10236
10235 10234 10237
10236 10238 10234
10238 10236 10239
10237 10240 10235
10240 10237 10241
10241 10242 10240
10242 10241 10243
10244 10245 10246
10247 10246 10245
10246 10247 10248
10247 10249 10248
10249 10247 10250
10250 10251 10249
10251 10250 10252
10252 10253 10251
10253 10252 10254
10255 10256 10257
10255 10258 10256
10258 10255 10259
10259 10260 10258
10260 10259 10261
10261 10262 10260
10262 10261 10263
10263 10264 10262
10264 10263 10265
10266 10267 10268
10267 10266 10269
10266 10268 10270
10269 10271 10267
10271 10269 10272
10272 10273 10271
10273 10272 10274
10275 10276 10277
10276 10275 10278
10279 10276 10278
10277 10280 10275
10280 10277 10281
10281 10282 10280
10282 10281 10283
10284 10285 10286
10285 10284 10287
10288 10287 10284
10287 10288 10289
10290 10286 10285
10286 10290 10291
10292 10291 10290
10291 10292 10293
10294 10295 10296
10295 10294 10297
10298 10296 10295
10296 10298 10299
10300 10297 10294
10297 10300 10301
10302 10301 10300
10301 10302 10303
10304 10305 10306
10305 10304 10307
10307 10308 10305
10308 10307 10309
10304 10306 10310
10309 10311 10308
10311 10309 10312
10312 10313 10311
10304 10310 10314
10310 10315 10314
10310 10316 10315
10317 10314 10315
10317 10304 10314
10315 10318 10317
10316 10319 10315
10319 10320 10315
10321 10320 10319
10320 10321 10322
10321 10323 10322
10323 10321 10324
10318 10325 10317
10325 10326 10317
10327 10326 10325
10327 10328 10326
10328 10327 10329
10328 10329 10330
10329 10331 10330
10331 10332 10330
10332 10331 10333
10334 10333 10331
10334 10331 10335
10336 10334 10335
10336 10335 10337
10338 10336 10337
10338 10337 10339
10340 10338 10339
10340 10339 10341
10341 10342 10340
10341 10343 10342
10343 10344 10342
10344 10345 10342
10344 10346 10345
10347 10348 10349
10348 10347 10350
10348 10351 10349
10351 10348 10352
10353 10351 10352
10353 10352 10354
10355 10353 10354
10356 10353 10355
10356 10355 10357
10358 10356 10357
10356 10358 10359
10360 10359 10358
10359 10360 10361
10362 10361 10360
10361 10362 10363
10363 10362 10364
10365 10353 10356
10353 10365 10366
10365 10367 10366
10367 10365 10368
10369 10367 10368
10369 10368 10370
10370 10371 10369
10370 10372 10371
10371 10372 10373
10373 10372 10374
10374 10375 10373
10376 10373 10375
10376 10377 10373
10378 10377 10376
10378 10379 10377
10380 10379 10378
10380 10381 10379
10382 10381 10380
10382 10383 10381
10384 10383 10382
10382 10385 10384
10385 10386 10384
10385 10387 10386
10387 10385 10388
10389 10390 10391
10390 10389 10392
10392 10393 10390
10393 10392 10394
10394 10395 10393
10395 10394 10396
10397 10395 10396
10398 10399 10400
10401 10398 10400
10398 10401 10402
10403 10402 10401
10402 10403 10404
10405 10406 10407
10406 10408 10407
10408 10406 10409
10409 10410 10408
10410 10409 10411
10412 10410 10411
10410 10412 10413
10414 10413 10412
10413 10414 10415
10416 10415 10414
10415 10416 10417
10418 10417 10416
10417 10418 10419
10420 10419 10418
10419 10420 10421
10421 10420 10422
10423 10424 10425
10424 10423 10426
10427 10423 10425
10423 10427 10428
10429 10428 10427
10428 10429 10430
10431 10430 10429
10430 10431 10432
10433 10432 10431
10432 10433 10434
10435 10436 10437
10436 10435 10438
10437 10439 10435
10439 10437 10440
10440 10441 10439
10441 10440 10442
10442 10443 10441
10443 10442 10444
10445 10443 10444
10443 10445 10446
10447 10446 10445
10446 10447 10448
10447 10449 10448
10449 10447 10450
10451 10452 10453
10452 10451 10454
10454 10455 10452
10455 10454 10456
10453 10457 10451
10457 10453 10458
10456 10459 10455
10459 10456 10460
10461 10457 10458
10457 10461 10462
10463 10464 10465
10464 10463 10466
10466 10467 10464
10467 10466 10468
10468 10469 10467
10469 10468 10470
10470 10471 10469
10471 10470 10472
10473 10471 10472
10471 10473 10474
10475 10474 10473
10474 10475 10476
10477 10478 10479
10478 10477 10480
10481 10477 10479
10477 10481 10482
10483 10484 10485
10484 10483 10486
10483 10487 10486
10487 10483 10488
10489 10487 10488
10489 10488 10490
10490 10491 10489
10490 10492 10491
10491 10492 10493
10493 10492 10494
10494 10495 10493
10496 10493 10495
10496 10497 10493
10498 10497 10496
10498 10499 10497
10500 10499 10498
10500 10501 10499
10502 10501 10500
10502 10503 10501
10503 10502 10504
10503 10504 10505
10505 10504 10506
10506 10504 10507
10506 10507 10508
10509 10510 10511
10511 10512 10509
10512 10513 10509
10513 10514 10509
10515 10514 10513
10515 10516 10514
10516 10515 10517
10516 10517 10518
10517 10519 10518
10519 10520 10518
10520 10519 10521
10522 10521 10519
10522 10519 10523
10524 10522 10523
10524 10523 10525
10526 10524 10525
10526 10525 10527
10528 10526 10527
10528 10527 10529
10530 10528 10529
10528 10530 10531
10531 10530 10532
10533 10531 10532
10531 10533 10534
10535 10536 10537
10536 10535 10538
10536 10539 10537
10539 10536 10540
10540 10541 10539
10541 10540 10542
10542 10543 10541
10543 10542 10544
10544 10545 10543
10545 10544 10546
10547 10548 10549
10548 10547 10550
10551 10549 10548
10549 10551 10552
10553 10552 10551
10552 10553 10554
10555 10554 10553
10554 10555 10556
10557 10556 10555
10556 10557 10558
10557 10559 10558
10559 10557 10560
10561 10559 10560
10559 10561 10562
10563 10564 10565
10564 10563 10566
10567 10566 10563
10566 10567 10568
10569 10565 10564
10565 10569 10570
10567 10571 10568
10571 10567 10572
10569 10573 10570
10573 10569 10574
10575 10576 10577
10576 10575 10578
10578 10579 10576
10579 10578 10580
10580 10581 10579
10581 10580 10582
10582 10583 10581
10583 10582 10584
10584 10585 10583
10585 10584 10586
10586 10587 10585
10587 10586 10588
10589 10590 10591
10590 10589 10592
10593 10594 10595
10594 10596 10595
10596 10594 10597
10598 10596 10597
10596 10598 10599
10600 10599 10598
10599 10600 10601
10602 10601 10600
10601 10602 10603
10602 10604 10603
10604 10602 10605
10605 10606 10604
10606 10605 10607
10607 10608 10606
10608 10607 10609
10609 10610 10608
10610 10609 10611
10612 10610 10611
10610 10612 10613
10614 10613 10612
10613 10614 10615
10616 10615 10614
10615 10616 10617
10617 10616 10618
10619 10620 10621
10622 10621 10620
10621 10622 10623
10622 10624 10623
10624 10622 10625
10625 10626 10624
10626 10625 10627
10627 10628 10626
10628 10627 10629
10630 10628 10629
10628 10630 10631
10632 10631 10630
10631 10632 10633
10634 10633 10632
10633 10634 10635
10636 10635 10634
10635 10636 10637
10636 10638 10637
10638 10636 10639
10639 10640 10638
10640 10639 10641
10641 10642 10640
10642 10641 10643
10642 10643 10644
10645 10646 10647
10645 10648 10646
10648 10645 10649
10649 10650 10648
10650 10649 10651
10651 10652 10650
10652 10651 10653
10653 10654 10652
10654 10653 10655
10656 10654 10655
10654 10656 10657
10658 10657 10656
10657 10658 10659
10660 10659 10658
10659 10660 10661
10662 10661 10660
10661 10662 10663
10662 10664 10663
10664 10662 10665
10665 10666 10664
10666 10665 10667
10667 10668 10666
10668 10667 10669
10670 10668 10669
10671 10672 10673
10674 10672 10671
10675 10672 10674
10674 10676 10675
10675 10676 10677
10678 10673 10672
10678 10672 10675
10675 10679 10678
10675 10677 10680
10675 10680 10679
10681 10682 10683
10684 10682 10681
10685 10682 10684
10686 10687 10688
10689 10688 10687
10689 10687 10690
10690 10691 10689
10691 10690 10692
10690 10693 10692
10692 10693 10694
10693 10695 10694
10695 10696 10694
10697 10687 10698
10687 10697 10699
10700 10701 10702
10703 10700 10702
10703 10704 10700
10705 10703 10702
10706 10703 10705
10703 10706 10707
10708 10703 10707
10703 10708 10709
10703 10709 10704
10700 10704 10710
10700 10710 10701
10707 10711 10708
10711 10707 10712
10706 10712 10707
10713 10711 10712
10714 10713 10712
10715 10714 10712
10712 10706 10715
10716 10709 10708
10709 10716 10717
10717 10704 10709
10714 10718 10713
10718 10714 10719
10715 10719 10714
10720 10710 10704
10704 10717 10720
10710 10720 10721
10722 10711 10713
10711 10722 10723
10719 10715 10724
10723 10708 10711
10708 10723 10716
10715 10725 10724
10725 10715 10726
10727 10725 10726
10727 10726 10728
10715 10728 10726
10725 10727 10729
10730 10729 10727
10729 10730 10731
10730 10727 10732
10733 10730 10732
10732 10734 10733
10735 10733 10734
10702 10735 10734
10735 10702 10701
10701 10736 10735
10736 10701 10737
10737 10738 10736
10738 10737 10739
10740 10739 10737
10739 10740 10741
10741 10742 10739
10742 10741 10743
10743 10744 10742
10744 10743 10745
10746 10745 10743
10745 10746 10747
10745 10748 10744
10748 10745 10749
10750 10744 10748
10750 10748 10751
10748 10749 10751
10751 10752 10750
10752 10751 10753
10753 10754 10752
10754 10753 10755
10755 10756 10754
10756 10755 10757
10758 10756 10757
10759 10756 10758
10759 10754 10756
10758 10760 10759
10761 10760 10758
10760 10762 10759
10762 10760 10763
10763 10760 10764
10760 10761 10764
10763 10765 10762
10765 10763 10766
10763 10767 10766
10768 10767 10763
10768 10763 10769
10770 10767 10768
10770 10768 10771
10772 10771 10768
10768 10769 10772
10772 10769 10773
10774 10771 10772
10775 10771 10774
10771 10775 10776
10776 10770 10771
10777 10776 10775
10776 10777 10778
10778 10770 10776
10770 10778 10779
10779 10767 10770
10767 10779 10780
10780 10766 10767
10766 10780 10781
10781 10765 10766
10765 10781 10782
10783 10765 10782
10765 10783 10784
10762 10765 10784
10785 10784 10783
10784 10785 10786
10762 10784 10787
10784 10786 10787
10788 10762 10787
10788 10759 10762
10759 10788 10789
10754 10759 10789
10754 10789 10752
10789 10790 10752
10750 10752 10790
10791 10750 10790
10744 10750 10791
10785 10792 10786
10787 10786 10792
10792 10785 10793
10789 10794 10790
10794 10791 10790
10788 10795 10789
10788 10787 10795
10796 10787 10792
10787 10796 10795
10792 10797 10796
10797 10792 10793
10798 10744 10791
10744 10798 10742
10789 10799 10794
10795 10799 10789
10800 10796 10797
10796 10800 10801
10796 10801 10795
10802 10791 10794
10802 10798 10791
10798 10739 10742
10739 10798 10738
10803 10794 10799
10803 10802 10794
10799 10795 10804
10801 10804 10795
10800 10804 10801
10804 10803 10799
10804 10800 10805
10798 10806 10738
10806 10798 10802
10807 10802 10803
10807 10806 10802
10803 10804 10808
10805 10808 10804
10808 10805 10809
10810 10738 10806
10810 10806 10807
10738 10810 10736
10811 10807 10803
10809 10811 10808
10803 10808 10811
10811 10812 10807
10812 10811 10813
10811 10809 10813
10814 10736 10810
10736 10814 10735
10812 10815 10807
10815 10810 10807
10815 10814 10810
10815 10812 10816
10733 10735 10814
10817 10815 10816
10815 10817 10818
10814 10818 10733
10818 10814 10815
10819 10818 10817
10818 10819 10730
10730 10733 10818
10820 10821 10822
10823 10821 10820
10824 10821 10823
10821 10824 10825
10826 10821 10825
10826 10827 10821
10827 10828 10821
10822 10821 10828
10828 10827 10829
10829 10827 10830
10830 10831 10829
10832 10831 10830
10833 10832 10830
10834 10833 10830
10830 10835 10834
10835 10836 10834
10833 10834 10836
10836 10835 10837
10838 10837 10835
10838 10835 10839
10840 10838 10839
10841 10840 10839
10841 10842 10840
10843 10840 10842
10840 10843 10844
10845 10840 10844
10845 10838 10840
10841 10839 10846
10835 10846 10839
10847 10838 10845
10847 10837 10838
10836 10837 10847
10833 10848 10832
10849 10836 10847
10849 10850 10836
10850 10851 10836
10850 10852 10851
10852 10850 10853
10853 10854 10852
10854 10853 10855
10856 10851 10852
10848 10833 10856
10851 10856 10833
10851 10833 10836
10856 10857 10848
10857 10856 10858
10852 10858 10856
10858 10852 10854
10859 10858 10854
10860 10848 10857
10861 10860 10857
10859 10861 10858
10861 10857 10858
10859 10862 10861
10862 10859 10863
10864 10863 10859
10863 10864 10865
10866 10865 10864
10867 10866 10864
10865 10866 10868
10868 10869 10865
10870 10863 10865
10869 10870 10865
10863 10870 10871
10872 10871 10870
10869 10872 10870
10871 10872 10873
10874 10861 10862
10861 10874 10860
10862 10774 10874
10874 10774 10875
10875 10876 10874
10772 10875 10774
10875 10772 10773
10877 10876 10875
10876 10877 10878
10877 10879 10878
10879 10877 10880
10877 10881 10880
10875 10881 10877
10881 10875 10773
10881 10882 10880
10881 10883 10882
10773 10883 10881
10883 10884 10882
10885 10882 10884
10886 10885 10884
10886 10884 10887
10888 10886 10887
10889 10888 10887
10888 10889 10890
10769 10884 10883
10883 10773 10769
10884 10769 10891
10891 10887 10884
10763 10891 10769
10763 10764 10891
10887 10891 10764
10764 10889 10887
10761 10890 10889
10889 10764 10761
10890 10761 10758
10890 10758 10757
10890 10757 10892
10892 10757 10755
10892 10755 10893
10755 10894 10893
10894 10755 10753
10753 10751 10894
10895 10896 10897
10896 10895 10898
10896 10899 10897
10899 10896 10900
10900 10901 10899
10901 10900 10902
10901 10902 10903
10904 10901 10903
10905 10904 10903
10905 10906 10904
10906 10905 10907
10908 10906 10907
10909 10908 10907
10910 10909 10907
10911 10909 10910
10909 10911 10912
10913 10912 10911
10912 10913 10914
10915 10914 10913
10914 10915 10916
10917 10916 10915
10916 10917 10918
10919 10918 10917
10918 10919 10920
10921 10920 10919
10920 10921 10922
10923 10922 10921
10922 10923 10924
10923 10925 10924
10925 10923 10926
10926 10927 10925
10927 10926 10928
10928 10929 10927
10929 10928 10930
10930 10931 10929
10931 10930 10932
10933 10931 10932
10931 10933 10934
10935 10934 10933
10934 10935 10936
10937 10936 10935
10936 10937 10938
10937 10939 10938
10939 10937 10940
10940 10941 10939
10941 10940 10942
10942 10943 10941
10943 10942 10944
10944 10945 10943
10945 10944 10946
10946 10947 10945
10947 10946 10948
10948 10949 10947
10949 10948 10950
10950 10951 10949
10951 10950 10952
10952 10953 10951
10953 10952 10954
10954 10955 10953
10953 10955 10956
10956 10955 10957
10958 10957 10955
10957 10958 10959
10958 10960 10959
10959 10960 10961
10961 10960 10962
10963 10961 10962
10961 10963 10964
10965 10964 10963
10964 10965 10966
10965 10967 10966
10967 10965 10968
10969 10970 10971
10970 10972 10971
10973 10970 10969
10974 10973 10969
10975 10972 10970
10973 10975 10970
10975 10976 10972
10977 10972 10976
10973 10974 10978
10976 10979 10977
10979 10976 10980
10980 10981 10979
10981 10980 10982
10982 10983 10981
10982 10984 10983
10983 10984 10985
10986 10975 10973
10986 10973 10978
10984 10982 10987
10975 10988 10976
10986 10988 10975
10988 10980 10976
10989 10987 10982
10987 10989 10990
10986 10978 10991
10982 10980 10992
10982 10992 10989
10993 10988 10986
10986 10991 10993
10994 10990 10989
10990 10994 10995
10989 10992 10996
10989 10996 10994
10988 10993 10997
10998 10995 10994
10995 10998 10999
10993 10991 11000
11001 11000 10991
11000 11001 11002
10992 11003 10996
11004 11003 10992
11005 10994 10996
11005 10998 10994
10996 11003 11005
11006 10999 10998
10999 11006 11007
11008 10993 11000
10993 11008 11009
11004 11010 11003
11001 11011 11002
11001 11012 11011
10998 11013 11006
11005 11003 11014
11008 11000 11015
11015 11000 11002
11016 11007 11006
11007 11016 11017
11018 11015 11002
11019 11006 11013
11016 11006 11019
11016 11020 11017
11020 11016 11021
11019 11021 11016
11022 11019 11013
11019 11022 11023
11021 11019 11024
11023 11024 11019
11021 11025 11020
11025 11021 11026
11021 11027 11026
11027 11021 11024
11027 11024 11023
11028 11023 11022
11023 11028 11029
11030 11029 11028
11028 11031 11030
11031 11028 11032
11032 11028 11022
11032 11033 11031
11034 11031 11033
11029 11030 11035
11026 11036 11025
11036 11026 11037
11038 11027 11023
11038 11023 11029
11026 11038 11037
11038 11026 11027
11031 11039 11030
11039 11031 11034
11030 11040 11035
11040 11030 11039
11041 11029 11035
11041 11038 11029
11041 11037 11038
11037 11042 11036
11042 11037 11043
11037 11041 11043
11039 11044 11040
11044 11039 11045
11034 11045 11039
11041 11035 11046
11046 11043 11041
11047 11035 11040
11047 11046 11035
11042 11043 11048
11043 11046 11049
11048 11043 11049
11050 11040 11044
11047 11040 11050
11050 11044 11051
11051 11044 11052
11044 11053 11052
11053 11044 11054
11044 11045 11054
11053 11055 11052
11055 11053 11056
11056 11057 11055
11057 11056 11058
11059 11058 11056
11059 11056 11060
11056 11053 11060
11060 11061 11059
11062 11061 11060
11062 11063 11061
11063 11062 11064
11064 11065 11063
11065 11064 11066
11066 11067 11065
11067 11066 11068
11067 11068 11069
11068 11070 11069
11071 11069 11070
11068 11072 11070
11073 11072 11068
11072 11073 11074
11075 11074 11073
11074 11075 11076
11076 11075 11077
11078 11077 11075
11078 11079 11077
11079 11080 11077
11081 11080 11079
11082 11081 11079
11082 11079 11078
11083 11081 11082
11082 11084 11083
11084 11085 11083
11085 11086 11083
11086 11085 11087
11085 11088 11087
11088 11085 11089
11090 11088 11089
11085 11091 11089
11084 11091 11085
11092 11082 11078
11092 11084 11082
11090 11089 11093
11093 11094 11090
11092 11095 11084
11084 11096 11091
11084 11095 11096
11092 11097 11095
11097 11092 11098
11092 11078 11098
11078 11075 11098
11073 11098 11075
11098 11073 11099
11073 11100 11099
11068 11100 11073
11098 11101 11097
11095 11102 11096
11068 11066 11100
11097 11103 11095
11103 11102 11095
11104 11099 11100
11104 11105 11099
11106 11096 11102
11096 11106 11107
11097 11101 11108
11108 11103 11097
11066 11109 11100
11109 11104 11100
11103 11110 11102
11105 11104 11111
11066 11064 11109
11110 11112 11102
11102 11112 11106
11103 11113 11110
11114 11113 11103
11103 11108 11114
11104 11115 11111
11104 11109 11116
11104 11116 11115
11117 11109 11064
11109 11117 11116
11116 11118 11115
11117 11118 11116
11112 11110 11119
11113 11119 11110
11117 11064 11062
11062 11120 11117
11120 11062 11060
11053 11120 11060
11120 11121 11117
11117 11121 11118
11121 11120 11054
11053 11054 11120
11122 11115 11118
11115 11122 11123
11115 11123 11111
11123 11124 11111
11125 11111 11124
11126 11125 11124
11125 11126 11127
11125 11127 11098
11124 11128 11126
11128 11129 11126
11130 11129 11128
11131 11129 11130
11128 11124 11132
11124 11123 11132
11129 11131 11133
11129 11133 11126
11131 11134 11133
11130 11128 11135
11135 11128 11136
11128 11137 11136
11136 11138 11135
11138 11139 11135
11139 11138 11140
11128 11132 11141
11128 11141 11137
11141 11142 11137
11141 11143 11142
11141 11144 11143
11141 11145 11144
11132 11145 11141
11145 11146 11144
11145 11147 11146
11147 11148 11146
11148 11147 11149
11148 11149 11150
11143 11151 11142
11143 11152 11151
11152 11153 11151
11153 11152 11154
11153 11154 11155
11153 11155 11156
11155 11157 11156
11158 11156 11157
11159 11158 11157
11158 11159 10998
11013 10998 11159
11160 11013 11159
11160 11157 11155
11157 11160 11159
11158 11161 11156
11161 11158 10998
10998 11005 11161
11005 11014 11161
11156 11014 11153
11014 11156 11161
11162 11155 11154
11155 11162 11160
11162 11032 11160
11032 11022 11160
11160 11022 11013
11163 11032 11162
11154 11163 11162
11032 11163 11033
11164 11033 11163
11164 11165 11033
11143 11165 11164
11165 11143 11144
11146 11165 11144
11165 11146 11166
11165 11166 11033
11166 11034 11033
11166 11167 11034
11146 11167 11166
11045 11034 11167
11054 11045 11167
11167 11146 11148
11150 11167 11148
11167 11150 11054
11150 11121 11054
11121 11150 11149
11149 11118 11121
11118 11149 11147
11147 11122 11118
11122 11147 11145
11145 11123 11122
11123 11145 11132
11168 11169 11170
11171 11172 11173
11172 11171 11174
11175 11173 11172
11173 11175 11176
11177 11176 11175
11176 11177 11178
11179 11178 11177
11178 11179 11180
11179 11181 11180
11181 11179 11182
11182 11183 11181
11183 11182 11184
11184 11185 11183
11185 11184 11186
11187 11185 11186
11185 11187 11188
11189 11188 11187
11188 11189 11190
11191 11190 11189
11190 11191 11192
11193 11192 11191
11192 11193 11194
11195 11194 11193
11194 11195 11196
11197 11196 11195
11196 11197 11198
11197 11199 11198
11199 11197 11200
11200 11201 11199
11201 11200 11202
11202 11203 11201
11203 11202 11204
11204 11205 11203
11205 11204 11206
11207 11205 11206
11205 11207 11208
11209 11208 11207
11208 11209 11210
11211 11210 11209
11210 11211 11212
11211 11213 11212
11213 11211 11214
11214 11215 11213
11215 11214 11216
11216 11217 11215
11217 11216 11218
11218 11219 11217
11219 11218 11220
11221 11222 11223
11222 11221 11224
11223 11225 11221
11225 11223 11226
11226 11227 11225
11227 11226 11228
11228 11229 11227
11229 11228 11230
11230 11231 11229
11231 11230 11232
11232 11233 11231
11233 11232 11234
11235 11236 11237
11236 11235 11238
11239 11237 11236
11237 11239 11240
11241 11240 11239
11240 11241 11242
11241 11243 11242
11243 11241 11244
11244 11245 11243
11245 11244 11246
11246 11247 11245
11247 11246 11248
11248 11249 11247
11249 11248 11250
11250 11251 11249
11251 11250 11252
11252 11253 11251
11253 11252 11254
11254 11255 11253
11255 11254 11256
11256 11257 11255
11257 11256 11258
11258 11259 11257
10980 11260 11261
11262 11261 11260
11263 11262 11260
10980 11261 11264
11262 11264 11261
10980 11264 10992
11265 10992 11264
11264 11262 11265
10992 11265 11004
11266 11260 10980
11266 11263 11260
10980 10988 11266
10997 11266 10988
11266 10997 11267
11263 11266 11267
11009 11267 10997
11267 11009 11268
11009 11269 11268
11269 11009 11008
11008 11270 11269
11135 11268 11269
11270 11135 11269
11268 11135 11139
11267 11139 11263
11139 11267 11268
11135 11270 11130
11270 11131 11130
11131 11270 11271
11270 11015 11271
11270 11008 11015
11272 11131 11271
11271 11273 11272
11273 11271 11015
11274 11272 11273
11274 11273 11018
11018 11273 11015
11274 11018 11275
11275 11018 11276
11011 11275 11276
11277 11275 11011
11277 11278 11275
11279 11274 11275
11277 11280 11278
11275 11281 11279
11275 11282 11281
11278 11282 11275
11281 11282 11283
11278 11283 11282
11281 11284 11279
11284 11285 11279
11279 11285 11274
11274 11285 11286
11285 11284 11287
11286 11285 11287
11287 11288 11286
11289 11287 11284
11284 11281 11289
11289 11281 11283
11287 11289 11290
11290 11288 11287
11290 11289 11291
11289 11283 11291
11292 11290 11291
11293 11292 11291
11280 11294 11293
11294 11295 11293
11292 11293 11295
11280 11296 11294
11296 11297 11294
11295 11294 11297
11295 11297 11298
11298 11299 11295
11298 11300 11299
11300 11298 11301
11302 11300 11301
11303 11300 11302
11300 11303 11304
11300 11304 11299
11292 11295 11305
11295 11299 11305
11290 11292 11305
11306 11298 11297
11298 11306 11307
11307 11301 11298
11308 11302 11301
11301 11307 11308
11302 11308 11309
11297 11310 11306
11310 11297 11296
11280 11310 11296
11310 11280 11311
11312 11302 11309
11302 11312 11313
11302 11313 11303
11314 11303 11313
11312 11315 11313
11316 11313 11315
11313 11316 11314
11316 11315 11317
11318 11316 11317
11316 11318 11319
11316 11319 11320
11314 11316 11320
11320 11321 11314
11315 11312 11322
11322 11317 11315
11317 11322 11323
11323 11324 11317
11317 11324 11325
11325 11318 11317
11325 11326 11318
11325 11327 11326
11327 11328 11326
11326 11328 11329
11326 11329 11330
11326 11330 11318
11318 11330 11331
11330 11329 11331
11319 11318 11331
11328 11327 11332
11327 11325 11333
11325 11324 11333
11334 11332 11327
11334 11327 11333
11332 11334 11335
11335 11334 11336
11335 11336 11337
11338 11334 11333
11334 11338 11336
11339 11337 11336
11324 11340 11333
11340 11338 11333
11338 11341 11336
11342 11331 11329
11331 11342 11343
11343 11319 11331
11319 11343 11344
11344 11343 11345
11344 11320 11319
11320 11344 11346
11344 11347 11346
11348 11346 11347
11348 11349 11346
11348 11350 11349
11351 11348 11347
11347 11352 11351
11353 11351 11352
11351 11353 11354
11354 11353 11094
11355 11354 11094
11354 11355 11356
11357 11354 11356
11358 11354 11357
11358 11351 11354
11348 11351 11358
11358 11350 11348
11352 11347 11359
11321 11346 11349
11346 11321 11320
11350 11358 11360
11361 11360 11358
11361 11358 11357
11361 11357 11356
11361 11356 11362
11362 11363 11361
11363 11362 11364
11364 11288 11363
11288 11364 11286
11365 11286 11364
11363 11288 11366
11366 11361 11363
11361 11366 11360
11305 11366 11288
11288 11290 11305
11366 11305 11367
11367 11360 11366
11305 11368 11367
11299 11368 11305
11368 11299 11304
11360 11367 11350
11368 11350 11367
11350 11368 11349
11304 11349 11368
11349 11304 11321
11303 11321 11304
11369 11286 11365
11286 11369 11274
11272 11274 11369
11369 11370 11272
11370 11369 11371
11370 11371 11372
11371 11373 11372
11371 11374 11373
11369 11374 11371
11134 11370 11372
11374 11369 11365
11375 11374 11365
11375 11373 11374
11365 11376 11375
11375 11112 11373
11112 11375 11377
11375 11378 11377
11378 11375 11379
11373 11119 11372
11119 11373 11112
11372 11113 11134
11113 11372 11119
11131 11272 11370
11134 11131 11370
11114 11134 11113
11134 11114 11133
11114 11126 11133
11126 11114 11108
11108 11127 11126
11127 11108 11101
11098 11127 11101
11379 11380 11378
11380 11379 11381
11089 11380 11381
11089 11381 11382
11379 11382 11381
11382 11379 11383
11375 11383 11379
11383 11375 11376
11089 11091 11380
11096 11380 11091
11380 11096 11107
11380 11107 11378
11106 11378 11107
11378 11106 11377
11112 11377 11106
11089 11382 11093
11382 11355 11093
11383 11355 11382
11355 11383 11356
11362 11383 11376
11383 11362 11356
11364 11362 11376
11365 11364 11376
11355 11094 11093
11384 11385 11094
11094 11385 11090
11353 11384 11094
11352 11384 11353
11384 11352 11386
11359 11386 11352
11386 11359 11387
11345 11387 11359
11359 11344 11345
11344 11359 11347
11387 11345 11388
11343 11388 11345
11343 11342 11388
11389 11390 11391
11392 11393 11394
11395 11394 11393
11394 11395 11396
11397 11396 11395
11396 11397 11398
11394 11001 11392
11001 11394 11012
11394 11396 11012
11277 11396 11398
11396 11277 11011
11396 11011 11012
11399 11398 11397
11398 11399 11400
11277 11398 11400
10991 11392 11001
11392 10991 10978
11311 11400 11399
11400 11311 11280
11280 11277 11400
11293 11401 11280
11291 11401 11293
11401 11291 11283
11283 11278 11401
11401 11278 11280
11002 11011 11276
11018 11002 11276
10835 10830 11402
11402 10830 11403
10830 11404 11403
10846 11402 11403
10835 11402 10846
10846 11403 11405
11404 11405 11403
11405 11404 10826
10827 10826 11404
10827 11404 10830
11003 11406 11014
11014 11406 11407
11406 11408 11407
11408 11406 11409
11410 11409 11406
11010 11410 11406
11010 11406 11003
11410 11010 11411
11409 11410 11412
11411 11138 11410
11138 11412 11410
11138 11411 11140
11409 11142 11408
11142 11409 11137
11412 11137 11409
11137 11412 11136
11412 11138 11136
11407 11153 11014
11153 11407 11151
11151 11408 11142
11408 11151 11407
11265 11140 11411
11140 11265 11262
11262 11139 11140
11139 11262 11263
11004 11411 11010
11411 11004 11265
11055 11413 11414
11413 11055 11057
11414 11052 11055
11052 11414 11051
11415 11414 11413
11414 11415 11416
11050 11414 11416
11414 11050 11051
11417 11416 11415
11416 11417 11418
11417 11048 11418
11048 11049 11418
11046 11418 11049
11418 11046 11047
11047 11416 11418
11416 11047 11050
11419 11420 11421
11419 11422 11420
11420 11422 11423
11419 11424 11422
11424 11419 11425
11426 11425 11419
11426 11419 11427
11419 11421 11427
11425 11426 11428
11422 11424 11429
11423 11422 11429
11430 11423 11429
11423 11430 11431
11430 11432 11431
11430 11433 11432
11425 11434 11424
11424 11434 11429
11434 11425 11435
11433 11436 11432
11437 11430 11429
11433 11430 11437
11425 11438 11435
11438 11425 11428
11434 11439 11429
11437 11429 11439
11440 11434 11435
11434 11440 11441
11442 11434 11441
11434 11442 11439
11433 11443 11436
11435 11444 11440
11444 11435 11438
11445 11437 11439
11439 11442 11445
11446 11433 11437
11446 11437 11445
11433 11447 11443
11446 11447 11433
11441 11448 11442
11442 11448 11445
11448 11441 11449
11450 11441 11440
11441 11450 11449
11451 11440 11444
11440 11451 11450
11447 11446 11452
11453 11446 11445
11453 11452 11446
11448 11454 11445
11449 11455 11448
11455 11454 11448
11456 11449 11450
11449 11456 11455
11454 11457 11445
11457 11453 11445
11452 11453 11458
11457 11458 11453
11455 11459 11454
11460 11455 11456
11455 11460 11461
11454 11462 11457
11459 11462 11454
11463 11459 11455
11455 11461 11463
11458 11457 11464
11461 11460 11465
11463 11461 11465
11459 11466 11462
11463 11466 11459
11463 11465 11467
11457 11468 11464
11468 11457 11462
11463 11467 11469
11470 11462 11466
11470 11468 11462
11463 11469 11471
11466 11463 11471
11471 11472 11466
11466 11472 11473
11466 11474 11470
11466 11473 11474
11475 11476 11477
11476 11475 11478
11477 11479 11475
11479 11477 11480
11480 11481 11479
11481 11480 11482
11482 11483 11481
11483 11482 11484
11484 11485 11483
11485 11484 11486
11487 11485 11486
11485 11487 11488
11488 11487 11489
11488 11489 11490
11489 11491 11490
11491 11489 11492
11492 11493 11491
11493 11492 11494
11494 11495 11493
11495 11494 11496
11496 11497 11495
11497 11496 11498
11498 11499 11497
11499 11498 11500
11501 11499 11500
11501 11500 11502
11503 11501 11502
11502 11504 11503
11504 11505 11503
11505 11504 11506
11507 11505 11506
11505 11507 11508
11509 11508 11507
11508 11509 11510
11510 11509 11511
11512 11513 11514
11513 11512 11515
11516 11514 11513
11514 11516 11517
11340 11324 11518
11324 11323 11518
11519 11520 11521
11522 11521 11520
11520 11523 11522
11523 11524 11522
11525 11524 11523
11524 11525 11526
11525 11527 11526
11527 11528 11526
11527 11529 11528
11529 11530 11528
11529 11531 11530
11531 11529 11532
11532 11533 11531
11533 11532 11534
11534 11535 11533
11535 11534 11536
11536 11537 11535
11537 11536 11538
11539 11537 11538
11537 11539 11540
11541 11540 11539
11540 11541 11542
11543 11542 11541
11542 11543 11544
11545 11544 11543
11544 11545 11546
11547 11546 11545
11546 11547 11548
11549 11548 11547
11548 11549 11550
11551 10743 10741
10743 11551 10746
10741 11552 11551
11552 10741 10740
10740 10721 11552
10721 10740 10710
10737 10710 10740
10710 10737 10701
11553 11554 11555
11553 11556 11554
11557 11554 11556
11556 11558 11557
11557 11558 11559
11559 11558 11560
11560 11558 11561
11553 11555 11341
11341 11555 11336
11555 11339 11336
11562 11563 11564
11563 11562 11565
11563 11565 11566
11563 11566 11567
11566 11568 11567
11568 11569 11567
11568 11570 11569
11571 11570 11568
11566 11571 11568
11572 11570 11571
11572 11573 11570
11572 11574 11573
11573 11574 11575
11576 11572 11571
11576 11571 11566
11576 11566 11565
11573 11577 11570
11577 11573 11575
11577 11575 11578
11577 11578 11579
11579 11580 11577
11581 11577 11580
11581 11580 11582
11583 11577 11581
11577 11583 11570
11570 11583 11569
11583 11581 11584
11583 11584 11569
11580 11585 11582
11586 11585 11580
11579 11586 11580
11586 11587 11585
11588 10705 10734
10734 10732 11588
10727 11588 10732
10705 10702 10734
10727 10728 11588
10728 10705 11588
10705 10728 10706
10728 10715 10706
11589 11099 11105
11099 11589 11098
11105 11111 11589
11589 11125 11098
11111 11125 11589
11163 11154 11152
11152 11164 11163
11164 11152 11143
11590 10775 10774
10862 11590 10774
10871 10775 11590
10873 10775 10871
10775 10873 10777
10863 10871 11590
10862 10863 11590
10848 10860 10831
10848 10831 10832
10860 10829 10831
10829 10860 10828
10860 10822 10828
10822 10860 10874
10876 10822 10874
10822 10876 10820
10878 10820 10876
10820 10878 10823
10823 10878 10824
10878 10879 10824
11591 10869 10868
10872 10869 11591
11431 11592 11423
11592 11420 11423
11593 11594 11595
11594 11596 11595
11597 11596 11594
11598 11597 11594
11598 11599 11597
11598 11600 11599
11600 11598 11601
11601 11602 11600
11602 11601 11603
11604 11602 11603
11604 11605 11602
11606 11604 11603
11607 11608 11609
11607 11609 11610
11607 11611 11608
11611 11607 11612
11613 11607 11610
11612 11614 11611
11614 11615 11611
11607 11616 11612
11617 11615 11614
11618 11616 11607
11618 11607 11613
11613 11619 11618
11613 11620 11619
11617 11621 11615
11617 11622 11621
11622 11623 11621
11622 11624 11623
11624 11625 11623
11625 11624 11626
11624 11627 11626
11628 11619 11620
11629 11628 11620
11630 11628 11629
11631 11630 11629
11632 11630 11631
11633 11632 11631
11634 11632 11633
11635 11634 11633
11636 11637 11638
11637 11639 11638
11637 11636 11640
11636 11641 11640
11641 11642 11640
11642 11641 11643
11643 11644 11642
11645 11644 11643
11645 11646 11644
11646 11645 11647
11648 11646 11647
11647 11649 11648
11650 11651 11652
11653 11652 11651
11650 11652 11654
11650 11654 11655
11655 11654 11656
11655 11656 11657
11651 11658 11653
11658 11659 11653
11658 11660 11659
11660 11661 11659
11661 11662 11659
11661 11663 11662
11661 11664 11663
10864 10859 11665
10859 10854 11665
10855 11665 10854
11665 10855 10867
10867 10864 11665
11303 11314 11321
10745 11666 10749
10993 11009 10997
11667 11668 11669
11668 11667 11670
11671 11669 11668
11669 11671 11672
11667 11673 11670
11674 11672 11671
11672 11674 11675
11675 11674 11676
11667 11677 11673
11673 11677 11678
11673 11678 11679
11680 11678 11677
11680 11677 11667
11678 11680 11681
11679 11678 11682
11682 11678 11683
11683 11684 11682
11684 11683 11685
11686 11684 11685
11684 11686 11687
11681 11680 11688
11688 11680 11689
11690 11688 11689
11690 11689 11691
11691 11692 11690
11691 11693 11692
11692 11693 11694
11694 11693 11695
11695 11696 11694
11697 11694 11696
11697 11698 11694
11699 11698 11697
11699 11700 11698
11701 11700 11699
11701 11702 11700
11703 11702 11701
11703 11704 11702
11704 11703 11705
11704 11705 11706
11706 11705 11707
11707 11705 11708
11707 11708 11709
11710 11711 11712
11711 11710 11713
11714 11710 11712
11710 11714 11715
11716 11715 11714
11716 11717 11715
11718 11717 11716
11719 11718 11716
11719 11720 11718
11719 11721 11720
11721 11719 11722
11722 11723 11721
11723 11722 11724
11724 11725 11723
11725 11724 11726
11726 11727 11725
11728 11719 11716
11716 11729 11728
11728 11729 11730
11730 11731 11728
11732 11731 11730
11732 11733 11731
11733 11732 11734
11733 11734 11735
11734 11736 11735
11736 11737 11735
11737 11736 11738
11739 11738 11736
11739 11736 11740
11741 11739 11740
11741 11740 11742
11743 11741 11742
11743 11742 11744
11745 11743 11744
11745 11744 11746
11747 11745 11746
11745 11747 11748
11748 11747 11749
11750 11748 11749
11748 11750 11751
11752 11753 11754
11753 11752 11755
11756 11755 11752
11755 11756 11757
11758 11757 11756
11757 11758 11759
11760 11759 11758
11761 11762 11763
11761 11764 11762
11764 11761 11765
11765 11766 11764
11766 11765 11767
11768 11769 11770
11771 11770 11769
11770 11771 11772
11773 11772 11771
11772 11773 11774
11773 11775 11774
11775 11773 11776
11776 11777 11775
11777 11776 11778
11778 11779 11777
11779 11778 11780
11780 11781 11779
11781 11780 11782
11782 11783 11781
11783 11782 11784
11784 11785 11783
11786 11787 11788
11787 11786 11789
11787 11790 11788
11790 11787 11791
11791 11792 11790
11792 11791 11793
11793 11794 11792
11794 11793 11795
11795 11796 11794
11796 11795 11797
11798 11799 11800
11799 11798 11801
11800 11802 11798
11802 11800 11803
11803 11804 11802
11804 11803 11805
11806 11804 11805
11804 11806 11807
11806 11808 11807
11808 11806 11809
11809 11810 11808
11810 11809 11811
11812 11810 11811
11810 11812 11813
11814 11815 11816
11815 11814 11817
11818 11817 11814
11817 11818 11819
11820 11816 11815
11816 11820 11821
11822 11819 11818
11819 11822 11823
11820 11824 11821
11824 11820 11825
11826 11827 11828
11827 11826 11829
11830 11829 11826
11829 11830 11831
11832 11831 11830
11831 11832 11833
11834 11833 11832
11833 11834 11835
11834 11836 11835
11836 11834 11837
11837 11838 11836
11838 11837 11839
11840 11841 11842
11841 11840 11843
11841 11844 11842
11844 11841 11845
11846 11847 11848
11848 11849 11846
11846 11849 11850
11850 11851 11846
11852 11851 11850
11852 11853 11851
11853 11852 11854
11853 11854 11855
11854 11856 11855
11856 11857 11855
11857 11856 11858
11859 11858 11856
11859 11856 11860
11861 11859 11860
11861 11860 11862
11863 11861 11862
11863 11862 11864
11865 11863 11864
11865 11864 11866
11866 11867 11865
11866 11868 11867
11868 11869 11867
11869 11870 11867
11869 11871 11870
11872 11873 11874
11873 11872 11875
11875 11872 11876
11876 11872 11877
11878 11876 11877
11878 11877 11879
11879 11880 11878
11879 11881 11880
11880 11881 11882
11882 11881 11883
11883 11884 11882
11885 11882 11884
11885 11886 11882
11887 11886 11885
11887 11888 11886
11889 11888 11887
11889 11890 11888
11891 11890 11889
11891 11892 11890
11893 11892 11891
11891 11894 11893
11894 11895 11893
11894 11896 11895
11896 11894 11897
11898 11899 11900
11899 11898 11901
11902 11898 11900
11898 11902 11903
11904 11903 11902
11903 11904 11905
11906 11905 11904
11905 11906 11907
11908 11907 11906
11907 11908 11909
11910 11911 11912
11911 11910 11913
11912 11914 11910
11914 11912 11915
11915 11916 11914
11916 11915 11917
11917 11918 11916
11918 11917 11919
11919 11920 11918
11920 11919 11921
11921 11922 11920
11922 11921 11923
11923 11924 11922
11924 11923 11925
11926 11927 11928
11927 11926 11929
11929 11930 11927
11930 11929 11931
11928 11932 11926
11932 11928 11933
11934 11930 11931
11930 11934 11935
11936 11932 11933
11932 11936 11937
11938 11939 11940
11939 11938 11941
11942 11940 11939
11940 11942 11943
11944 11943 11942
11943 11944 11945
11946 11945 11944
11945 11946 11947
11948 11947 11946
11947 11948 11949
11950 11949 11948
11949 11950 11951
11952 11953 11954
11953 11952 11955
11956 11957 11958
11959 11958 11957
11958 11959 11960
11959 11961 11960
11961 11959 11962
11962 11963 11961
11963 11962 11964
11964 11965 11963
11965 11964 11966
11967 11965 11966
11965 11967 11968
11969 11968 11967
11968 11969 11970
11971 11970 11969
11970 11971 11972
11973 11972 11971
11972 11973 11974
11973 11975 11974
11975 11973 11976
11976 11977 11975
11977 11976 11978
11978 11979 11977
11979 11978 11980
11980 11981 11979
11982 11983 11984
11983 11985 11984
11985 11983 11986
11987 11985 11986
11985 11987 11988
11989 11988 11987
11988 11989 11990
11991 11990 11989
11990 11991 11992
11991 11993 11992
11993 11991 11994
11994 11995 11993
11995 11994 11996
11996 11997 11995
11997 11996 11998
11998 11999 11997
11999 11998 12000
12001 11999 12000
11999 12001 12002
12003 12002 12001
12002 12003 12004
12005 12004 12003
12004 12005 12006
12005 12007 12006
12008 12009 12010
12011 12008 12010
12008 12011 12012
12013 12012 12011
12012 12013 12014
12015 12014 12013
12014 12015 12016
12017 12016 12015
12016 12017 12018
12017 12019 12018
12019 12017 12020
12020 12021 12019
12021 12020 12022
12022 12023 12021
12023 12022 12024
12024 12025 12023
12025 12024 12026
12027 12025 12026
12025 12027 12028
12029 12028 12027
12028 12029 12030
12031 12030 12029
12030 12031 12032
12033 12032 12031
12034 12035 12036
12037 12034 12036
12038 12037 12036
12037 12038 12039
12038 12040 12039
12041 12036 12035
12041 12038 12036
12038 12041 12042
12038 12043 12040
12038 12042 12043
12044 12045 12046
12047 12044 12046
12048 12047 12046
12049 12050 12051
12052 12051 12050
12052 12053 12051
12053 12052 12054
12054 12055 12053
12053 12055 12056
12055 12057 12056
12056 12057 12058
12058 12057 12059
12060 12051 12061
12051 12060 12062
12063 12064 12065
12066 12064 12063
12066 12063 12067
12068 12064 12066
12066 12069 12068
12069 12066 12070
12066 12071 12070
12071 12066 12072
12066 12067 12072
12063 12073 12067
12063 12065 12073
12074 12070 12071
12070 12074 12075
12075 12069 12070
12076 12075 12074
12077 12075 12076
12078 12075 12077
12069 12075 12078
12072 12079 12071
12079 12072 12080
12067 12080 12072
12081 12077 12076
12077 12081 12082
12082 12078 12077
12073 12083 12067
12080 12067 12083
12083 12073 12084
12074 12085 12076
12085 12074 12086
12078 12082 12087
12086 12071 12079
12071 12086 12074
12088 12078 12087
12078 12088 12089
12088 12090 12089
12090 12091 12089
12091 12078 12089
12090 12088 12092
12092 12093 12090
12093 12092 12094
12093 12095 12090
12093 12096 12095
12097 12095 12096
12096 12098 12097
12098 12064 12097
12064 12098 12065
12099 12065 12098
12065 12099 12100
12101 12100 12099
12100 12101 12102
12102 12103 12100
12103 12102 12104
12105 12104 12102
12104 12105 12106
12107 12106 12105
12106 12107 12108
12108 12109 12106
12109 12108 12110
12108 12107 12111
12111 12112 12108
12113 12111 12107
12113 12114 12111
12111 12114 12112
12115 12114 12113
12114 12115 12116
12117 12116 12115
12116 12117 12118
12119 12118 12117
12118 12119 12120
12121 12120 12119
12122 12121 12119
12122 12119 12117
12121 12122 12123
12124 12121 12123
12123 12122 12125
12125 12126 12123
12126 12127 12123
12123 12127 12124
12126 12125 12128
12128 12129 12126
12126 12129 12130
12131 12126 12130
12131 12132 12126
12133 12131 12130
12133 12134 12131
12135 12131 12134
12131 12135 12132
12135 12136 12132
12137 12135 12134
12138 12137 12134
12134 12139 12138
12139 12134 12133
12139 12140 12138
12140 12139 12141
12133 12141 12139
12141 12133 12142
12130 12142 12133
12142 12130 12143
12129 12143 12130
12143 12129 12144
12128 12144 12129
12144 12128 12145
12128 12146 12145
12146 12128 12147
12125 12147 12128
12147 12148 12146
12148 12147 12149
12125 12150 12147
12147 12150 12149
12151 12150 12125
12151 12125 12122
12122 12152 12151
12117 12152 12122
12117 12115 12152
12152 12115 12153
12113 12153 12115
12154 12153 12113
12107 12154 12113
12155 12148 12149
12150 12155 12149
12148 12155 12156
12152 12153 12157
12157 12153 12154
12151 12152 12158
12151 12158 12150
12159 12155 12150
12150 12158 12159
12155 12160 12156
12160 12155 12159
12107 12161 12154
12161 12107 12105
12152 12157 12162
12158 12152 12162
12159 12163 12160
12163 12159 12164
12159 12158 12164
12165 12157 12154
12165 12154 12161
12102 12161 12105
12161 12102 12101
12166 12162 12157
12166 12157 12165
12162 12167 12158
12164 12158 12167
12167 12163 12164
12167 12162 12166
12163 12167 12168
12161 12169 12165
12169 12161 12101
12170 12166 12165
12170 12165 12169
12166 12171 12167
12171 12168 12167
12168 12171 12172
12101 12173 12169
12173 12170 12169
12173 12101 12099
12174 12166 12170
12174 12172 12171
12166 12174 12171
12175 12174 12170
12174 12175 12176
12172 12174 12176
12099 12177 12173
12177 12099 12098
12178 12175 12170
12178 12170 12173
12178 12173 12177
12175 12178 12179
12098 12096 12177
12178 12180 12179
12180 12178 12181
12177 12181 12178
12181 12177 12096
12181 12182 12180
12182 12181 12093
12096 12093 12181
12183 12184 12185
12186 12183 12185
12185 12187 12186
12187 12185 12188
12189 12188 12185
12190 12189 12185
12191 12190 12185
12184 12191 12185
12190 12191 12192
12192 12193 12190
12193 12192 12194
12195 12193 12194
12196 12193 12195
12197 12193 12196
12198 12193 12197
12199 12198 12197
12196 12199 12197
12198 12199 12200
12201 12198 12200
12201 12202 12198
12203 12202 12201
12204 12202 12203
12204 12203 12205
12203 12206 12205
12206 12203 12207
12208 12207 12203
12208 12203 12201
12204 12209 12202
12198 12202 12209
12210 12208 12201
12210 12201 12200
12199 12210 12200
12211 12196 12195
12212 12210 12199
12212 12199 12213
12213 12199 12214
12215 12213 12214
12213 12215 12216
12217 12216 12215
12216 12217 12218
12214 12219 12215
12196 12211 12219
12219 12214 12196
12220 12219 12211
12219 12220 12221
12215 12221 12217
12221 12215 12219
12222 12217 12221
12214 12199 12196
12211 12223 12220
12224 12220 12223
12222 12221 12224
12224 12221 12220
12225 12222 12224
12222 12225 12226
12226 12227 12222
12227 12226 12228
12228 12229 12227
12230 12227 12229
12229 12228 12231
12231 12228 12232
12233 12228 12226
12232 12228 12233
12226 12234 12233
12234 12235 12233
12235 12232 12233
12235 12234 12236
12224 12237 12225
12237 12224 12223
12225 12237 12137
12237 12238 12137
12238 12237 12239
12135 12137 12238
12238 12136 12135
12239 12240 12238
12240 12239 12241
12240 12241 12242
12242 12243 12240
12240 12243 12244
12244 12238 12240
12238 12244 12136
12244 12243 12245
12244 12245 12246
12246 12136 12244
12246 12245 12247
12248 12247 12245
12249 12247 12248
12249 12250 12247
12251 12250 12249
12252 12250 12251
12251 12253 12252
12247 12132 12246
12136 12246 12132
12132 12247 12254
12250 12254 12247
12126 12132 12254
12126 12254 12127
12254 12250 12127
12252 12127 12250
12253 12124 12252
12127 12252 12124
12124 12253 12121
12253 12120 12121
12253 12255 12120
12255 12118 12120
12255 12256 12118
12118 12256 12257
12257 12116 12118
12116 12257 12114
12258 12259 12260
12259 12258 12261
12262 12259 12261
12259 12262 12263
12264 12263 12262
12263 12264 12265
12264 12266 12265
12267 12266 12264
12268 12266 12267
12269 12268 12267
12268 12269 12270
12271 12270 12269
12272 12270 12271
12273 12270 12272
12272 12274 12273
12274 12272 12275
12275 12276 12274
12276 12275 12277
12277 12278 12276
12278 12277 12279
12279 12280 12278
12280 12279 12281
12281 12282 12280
12282 12281 12283
12283 12284 12282
12284 12283 12285
12285 12286 12284
12286 12285 12287
12288 12286 12287
12286 12288 12289
12290 12289 12288
12289 12290 12291
12292 12291 12290
12291 12292 12293
12294 12293 12292
12293 12294 12295
12294 12296 12295
12296 12294 12297
12297 12298 12296
12298 12297 12299
12299 12300 12298
12300 12299 12301
12302 12300 12301
12300 12302 12303
12304 12303 12302
12303 12304 12305
12306 12305 12304
12305 12306 12307
12308 12307 12306
12307 12308 12309
12310 12309 12308
12309 12310 12311
12312 12311 12310
12311 12312 12313
12314 12313 12312
12313 12314 12315
12316 12315 12314
12315 12316 12317
12317 12316 12318
12316 12319 12318
12319 12320 12318
12320 12321 12318
12321 12320 12322
12321 12322 12323
12322 12324 12323
12324 12325 12323
12324 12326 12325
12326 12324 12327
12327 12328 12326
12328 12327 12329
12330 12328 12329
12328 12330 12331
12332 12333 12334
12334 12333 12335
12336 12332 12334
12337 12332 12336
12338 12334 12335
12336 12334 12338
12338 12335 12339
12340 12339 12335
12336 12341 12337
12342 12339 12340
12339 12342 12343
12344 12343 12342
12343 12344 12345
12345 12344 12346
12345 12346 12347
12346 12348 12347
12349 12336 12338
12349 12341 12336
12347 12350 12345
12338 12339 12351
12349 12338 12351
12343 12351 12339
12350 12352 12345
12352 12350 12353
12349 12354 12341
12345 12355 12343
12345 12352 12355
12356 12349 12351
12349 12356 12354
12353 12357 12352
12357 12353 12358
12352 12359 12355
12352 12357 12359
12351 12360 12356
12358 12361 12357
12361 12358 12362
12356 12363 12354
12363 12364 12354
12364 12363 12365
12355 12359 12366
12367 12355 12366
12368 12359 12357
12368 12357 12361
12359 12368 12366
12362 12369 12361
12369 12362 12370
12371 12363 12356
12356 12372 12371
12367 12366 12373
12364 12365 12374
12364 12374 12375
12361 12369 12376
12368 12377 12366
12371 12378 12363
12378 12365 12363
12370 12379 12369
12379 12370 12380
12381 12365 12378
12382 12376 12369
12379 12382 12369
12383 12379 12380
12379 12383 12384
12384 12382 12379
12382 12385 12376
12385 12382 12386
12382 12384 12387
12386 12382 12387
12388 12384 12383
12384 12388 12389
12384 12390 12387
12390 12384 12389
12390 12386 12387
12386 12391 12385
12391 12386 12392
12392 12393 12391
12394 12391 12393
12391 12394 12395
12395 12385 12391
12395 12394 12396
12397 12396 12394
12393 12392 12398
12399 12389 12388
12389 12399 12400
12401 12386 12390
12401 12392 12386
12389 12401 12390
12401 12389 12400
12394 12402 12397
12402 12394 12393
12393 12403 12402
12403 12393 12398
12404 12398 12392
12404 12392 12401
12400 12404 12401
12405 12400 12399
12400 12405 12406
12404 12400 12406
12407 12402 12403
12402 12407 12408
12408 12397 12402
12404 12409 12398
12406 12409 12404
12410 12403 12398
12410 12398 12409
12405 12411 12406
12409 12406 12412
12411 12412 12406
12413 12407 12403
12410 12413 12403
12413 12414 12407
12414 12415 12407
12407 12415 12416
12416 12417 12407
12407 12417 12408
12418 12416 12415
12416 12418 12419
12420 12419 12418
12419 12420 12421
12422 12419 12421
12422 12423 12419
12419 12423 12416
12423 12422 12424
12425 12423 12424
12426 12425 12424
12425 12426 12427
12428 12427 12426
12427 12428 12429
12430 12429 12428
12429 12430 12431
12430 12432 12431
12431 12432 12433
12434 12433 12432
12431 12433 12435
12435 12436 12431
12436 12435 12437
12437 12438 12436
12438 12437 12439
12439 12440 12438
12441 12438 12440
12441 12440 12442
12442 12440 12443
12444 12442 12443
12445 12442 12444
12445 12441 12442
12446 12445 12444
12445 12446 12447
12447 12446 12448
12449 12448 12446
12448 12449 12450
12451 12448 12450
12448 12451 12452
12453 12452 12451
12448 12452 12454
12447 12448 12454
12455 12441 12445
12455 12445 12447
12453 12456 12452
12456 12453 12457
12455 12447 12458
12447 12454 12459
12447 12459 12458
12455 12458 12460
12460 12461 12455
12455 12461 12441
12441 12461 12438
12461 12436 12438
12436 12461 12462
12436 12462 12463
12431 12436 12463
12461 12460 12464
12458 12459 12465
12431 12463 12429
12460 12458 12466
12466 12458 12465
12467 12463 12462
12467 12462 12468
12459 12469 12465
12469 12459 12470
12460 12471 12464
12471 12460 12466
12429 12463 12472
12472 12463 12467
12466 12465 12473
12468 12474 12467
12429 12472 12427
12473 12465 12475
12465 12469 12475
12466 12473 12476
12477 12466 12476
12466 12477 12471
12467 12474 12478
12467 12479 12472
12467 12478 12479
12480 12427 12472
12472 12479 12480
12479 12478 12481
12480 12479 12481
12475 12482 12473
12476 12473 12482
12480 12425 12427
12425 12480 12483
12483 12423 12425
12416 12423 12483
12484 12483 12480
12480 12481 12484
12483 12484 12417
12416 12483 12417
12485 12481 12478
12478 12486 12485
12478 12474 12486
12487 12486 12474
12474 12488 12487
12488 12489 12487
12489 12488 12490
12488 12461 12490
12487 12489 12491
12491 12489 12492
12493 12491 12492
12494 12493 12492
12491 12495 12487
12486 12487 12495
12492 12496 12494
12492 12489 12496
12494 12496 12497
12493 12498 12491
12498 12499 12491
12491 12499 12500
12499 12498 12501
12502 12501 12498
12501 12502 12503
12491 12504 12495
12491 12500 12504
12504 12500 12505
12504 12505 12506
12504 12506 12507
12504 12507 12508
12495 12504 12508
12508 12507 12509
12508 12509 12510
12511 12510 12509
12510 12511 12512
12511 12513 12512
12506 12505 12514
12506 12514 12515
12515 12514 12516
12516 12517 12515
12516 12518 12517
12516 12519 12518
12518 12519 12520
12521 12520 12519
12521 12522 12520
12522 12521 12361
12376 12522 12361
12523 12522 12376
12520 12523 12518
12523 12520 12522
12521 12524 12361
12524 12521 12519
12361 12524 12368
12368 12524 12377
12519 12377 12524
12377 12519 12516
12518 12525 12517
12525 12518 12523
12525 12523 12395
12395 12523 12385
12523 12376 12385
12395 12526 12525
12526 12517 12525
12526 12395 12396
12527 12526 12396
12527 12396 12528
12528 12506 12527
12506 12528 12507
12528 12509 12507
12509 12528 12529
12528 12396 12529
12529 12396 12397
12529 12397 12530
12530 12509 12529
12397 12408 12530
12417 12530 12408
12509 12530 12511
12513 12530 12417
12530 12513 12511
12484 12513 12417
12513 12484 12512
12481 12512 12484
12512 12481 12510
12485 12510 12481
12510 12485 12508
12486 12508 12485
12508 12486 12495
12531 12532 12533
12534 12535 12536
12535 12534 12537
12537 12538 12535
12538 12537 12539
12539 12540 12538
12540 12539 12541
12541 12542 12540
12542 12541 12543
12544 12542 12543
12542 12544 12545
12546 12545 12544
12545 12546 12547
12548 12547 12546
12547 12548 12549
12548 12550 12549
12550 12548 12551
12551 12552 12550
12552 12551 12553
12553 12554 12552
12554 12553 12555
12555 12556 12554
12556 12555 12557
12557 12558 12556
12558 12557 12559
12559 12560 12558
12560 12559 12561
12562 12560 12561
12560 12562 12563
12564 12563 12562
12563 12564 12565
12566 12565 12564
12565 12566 12567
12568 12567 12566
12567 12568 12569
12568 12570 12569
12570 12568 12571
12571 12572 12570
12572 12571 12573
12573 12574 12572
12574 12573 12575
12576 12574 12575
12574 12576 12577
12578 12577 12576
12577 12578 12579
12580 12579 12578
12579 12580 12581
12582 12581 12580
12581 12582 12583
12584 12585 12586
12585 12584 12587
12588 12587 12584
12587 12588 12589
12590 12589 12588
12589 12590 12591
12592 12591 12590
12591 12592 12593
12594 12593 12592
12593 12594 12595
12596 12595 12594
12595 12596 12597
12598 12599 12600
12599 12598 12601
12601 12602 12599
12602 12601 12603
12603 12604 12602
12604 12603 12605
12606 12604 12605
12604 12606 12607
12608 12607 12606
12607 12608 12609
12610 12609 12608
12609 12610 12611
12612 12611 12610
12611 12612 12613
12614 12613 12612
12613 12614 12615
12616 12615 12614
12615 12616 12617
12618 12617 12616
12617 12618 12619
12620 12619 12618
12619 12620 12621
12621 12620 12622
12343 12623 12624
12625 12624 12623
12626 12624 12625
12343 12627 12623
12627 12625 12623
12343 12355 12627
12628 12627 12355
12625 12627 12628
12355 12367 12628
12629 12343 12624
12626 12629 12624
12351 12343 12629
12629 12360 12351
12360 12629 12630
12629 12626 12630
12630 12372 12360
12372 12630 12631
12632 12372 12631
12372 12632 12371
12371 12632 12633
12631 12498 12632
12498 12633 12632
12498 12631 12502
12630 12502 12631
12502 12630 12626
12633 12498 12493
12494 12633 12493
12633 12494 12634
12633 12634 12378
12633 12378 12371
12494 12635 12634
12634 12635 12636
12636 12378 12634
12635 12637 12636
12637 12381 12636
12381 12378 12636
12637 12638 12381
12638 12639 12381
12374 12639 12638
12640 12374 12638
12640 12638 12641
12642 12638 12637
12640 12641 12643
12638 12642 12644
12638 12644 12645
12641 12638 12645
12644 12646 12645
12646 12641 12645
12647 12644 12642
12647 12642 12648
12642 12637 12648
12637 12649 12648
12648 12650 12647
12649 12650 12648
12650 12649 12651
12650 12652 12647
12644 12647 12652
12652 12646 12644
12652 12650 12653
12651 12653 12650
12653 12654 12652
12652 12654 12646
12655 12654 12653
12655 12656 12654
12643 12656 12657
12657 12656 12658
12656 12655 12658
12643 12657 12659
12659 12657 12660
12658 12660 12657
12658 12661 12660
12661 12658 12662
12661 12662 12663
12663 12664 12661
12665 12664 12663
12666 12665 12663
12663 12667 12666
12663 12662 12667
12655 12668 12658
12658 12668 12662
12653 12668 12655
12661 12669 12660
12669 12661 12670
12664 12670 12661
12665 12671 12664
12670 12664 12671
12671 12665 12672
12673 12660 12669
12660 12673 12659
12673 12643 12659
12643 12673 12674
12665 12675 12672
12675 12665 12676
12665 12666 12676
12677 12676 12666
12678 12675 12676
12679 12678 12676
12676 12677 12679
12679 12680 12678
12681 12680 12679
12679 12682 12681
12679 12683 12682
12677 12683 12679
12683 12677 12684
12675 12678 12685
12680 12685 12678
12685 12680 12686
12687 12686 12680
12680 12688 12687
12688 12680 12681
12688 12681 12689
12690 12688 12689
12691 12690 12689
12689 12692 12691
12689 12693 12692
12689 12681 12693
12681 12694 12693
12693 12694 12692
12682 12694 12681
12690 12691 12695
12688 12690 12696
12688 12696 12687
12695 12697 12690
12697 12696 12690
12697 12695 12698
12698 12699 12697
12698 12700 12699
12701 12696 12697
12697 12699 12701
12702 12699 12700
12687 12696 12703
12703 12696 12701
12701 12699 12704
12694 12705 12692
12705 12694 12706
12682 12706 12694
12706 12682 12707
12707 12708 12706
12683 12707 12682
12707 12683 12709
12707 12709 12710
12711 12710 12709
12711 12709 12712
12711 12712 12713
12711 12714 12710
12715 12710 12714
12714 12716 12715
12716 12714 12717
12717 12457 12716
12718 12457 12717
12717 12719 12718
12720 12719 12717
12721 12720 12717
12721 12717 12714
12714 12711 12721
12713 12721 12711
12710 12715 12722
12709 12684 12712
12684 12709 12683
12721 12713 12723
12724 12721 12723
12724 12720 12721
12724 12719 12720
12724 12725 12719
12726 12725 12724
12725 12726 12727
12651 12727 12726
12727 12651 12649
12728 12727 12649
12726 12729 12651
12724 12729 12726
12729 12724 12723
12729 12668 12651
12653 12651 12668
12668 12729 12730
12723 12730 12729
12668 12730 12731
12731 12662 12668
12662 12731 12667
12730 12723 12713
12713 12731 12730
12731 12713 12712
12712 12667 12731
12667 12712 12684
12666 12667 12684
12732 12728 12649
12649 12637 12732
12637 12635 12732
12733 12732 12635
12732 12733 12734
12733 12735 12734
12734 12735 12736
12734 12736 12737
12737 12732 12734
12497 12735 12733
12732 12737 12728
12738 12728 12737
12738 12737 12736
12728 12738 12739
12738 12736 12475
12475 12740 12738
12741 12738 12740
12738 12741 12742
12736 12482 12475
12482 12736 12735
12735 12476 12482
12476 12735 12497
12635 12494 12733
12497 12733 12494
12497 12477 12476
12477 12497 12496
12489 12477 12496
12477 12489 12471
12490 12471 12489
12471 12490 12464
12461 12464 12490
12738 12743 12739
12742 12744 12743
12744 12742 12745
12452 12744 12745
12452 12745 12746
12742 12746 12745
12743 12738 12742
12746 12742 12741
12746 12741 12470
12741 12469 12470
12469 12741 12740
12475 12469 12740
12459 12746 12470
12746 12459 12454
12452 12746 12454
12452 12456 12744
12744 12456 12718
12718 12743 12744
12743 12718 12719
12718 12456 12457
12747 12457 12748
12457 12453 12748
12716 12457 12747
12747 12715 12716
12715 12747 12749
12749 12722 12715
12722 12749 12750
12750 12708 12722
12707 12722 12708
12722 12707 12710
12708 12750 12751
12706 12708 12751
12706 12751 12705
12725 12743 12719
12743 12725 12739
12727 12739 12725
12728 12739 12727
12752 12753 12754
12755 12756 12757
12756 12758 12757
12758 12756 12759
12759 12760 12758
12760 12759 12761
12364 12756 12755
12756 12364 12375
12756 12375 12759
12640 12761 12759
12759 12374 12640
12759 12375 12374
12761 12762 12760
12762 12761 12763
12640 12763 12761
12755 12354 12364
12354 12755 12341
12763 12674 12762
12674 12763 12643
12643 12763 12640
12656 12643 12764
12764 12654 12656
12654 12764 12646
12641 12646 12764
12764 12643 12641
12365 12639 12374
12381 12639 12365
12193 12198 12765
12765 12766 12193
12193 12766 12767
12209 12766 12765
12198 12209 12765
12209 12768 12766
12768 12767 12766
12767 12768 12189
12189 12190 12767
12190 12193 12767
12366 12377 12769
12377 12770 12769
12769 12770 12771
12771 12772 12769
12772 12773 12769
12773 12373 12769
12373 12366 12769
12373 12773 12774
12773 12772 12775
12501 12774 12773
12775 12501 12773
12774 12501 12503
12505 12772 12771
12772 12505 12500
12500 12775 12772
12775 12500 12499
12501 12775 12499
12516 12770 12377
12770 12516 12514
12514 12771 12770
12771 12514 12505
12503 12628 12774
12628 12503 12625
12502 12625 12503
12625 12502 12626
12774 12367 12373
12367 12774 12628
12418 12776 12420
12776 12418 12777
12415 12777 12418
12777 12415 12414
12777 12778 12776
12778 12777 12779
12413 12777 12414
12777 12413 12779
12779 12780 12778
12780 12779 12781
12780 12781 12411
12411 12781 12412
12781 12409 12412
12409 12781 12410
12410 12779 12413
12779 12410 12781
12782 12783 12784
12782 12784 12785
12784 12786 12785
12787 12782 12785
12782 12787 12788
12788 12789 12782
12789 12790 12782
12782 12790 12783
12789 12788 12791
12785 12792 12787
12786 12792 12785
12793 12792 12786
12786 12794 12793
12793 12794 12795
12793 12795 12796
12797 12788 12787
12787 12792 12797
12788 12797 12798
12796 12795 12799
12800 12792 12793
12796 12800 12793
12801 12788 12798
12788 12801 12791
12797 12792 12802
12800 12802 12792
12797 12803 12798
12803 12797 12804
12805 12797 12802
12797 12805 12804
12796 12799 12806
12807 12798 12803
12798 12807 12801
12808 12802 12800
12802 12808 12805
12809 12800 12796
12809 12808 12800
12796 12806 12810
12810 12809 12796
12811 12804 12805
12805 12808 12811
12804 12811 12812
12813 12803 12804
12804 12812 12813
12814 12807 12803
12803 12813 12814
12809 12810 12815
12816 12808 12809
12815 12816 12809
12811 12808 12817
12812 12811 12818
12818 12811 12817
12819 12813 12812
12812 12818 12819
12817 12808 12820
12820 12808 12816
12816 12815 12821
12821 12820 12816
12818 12817 12822
12823 12819 12818
12818 12824 12823
12817 12820 12825
12822 12817 12825
12826 12818 12822
12818 12826 12824
12820 12821 12827
12824 12828 12823
12826 12828 12824
12822 12825 12829
12826 12822 12829
12826 12830 12828
12820 12831 12825
12831 12820 12827
12826 12832 12830
12833 12829 12825
12833 12825 12831
12826 12834 12832
12829 12834 12826
12834 12829 12835
12829 12836 12835
12829 12833 12837
12829 12837 12836
12838 12839 12840
12839 12838 12841
12842 12841 12838
12841 12842 12843
12844 12843 12842
12843 12844 12845
12846 12845 12844
12845 12846 12847
12848 12847 12846
12847 12848 12849
12848 12850 12849
12850 12848 12851
12851 12852 12850
12851 12853 12852
12854 12852 12853
12852 12854 12855
12856 12855 12854
12855 12856 12857
12858 12857 12856
12857 12858 12859
12860 12859 12858
12859 12860 12861
12862 12861 12860
12861 12862 12863
12864 12863 12862
12864 12865 12863
12865 12864 12866
12866 12867 12865
12868 12867 12866
12867 12868 12869
12868 12870 12869
12870 12868 12871
12871 12872 12870
12872 12871 12873
12873 12874 12872
12875 12876 12877
12876 12875 12878
12878 12879 12876
12879 12878 12880
12703 12881 12687
12686 12687 12881
12882 12883 12884
12885 12884 12883
12884 12885 12886
12886 12885 12887
12887 12888 12886
12888 12887 12889
12888 12889 12890
12889 12891 12890
12890 12891 12892
12891 12893 12892
12894 12892 12893
12892 12894 12895
12896 12895 12894
12895 12896 12897
12898 12897 12896
12897 12898 12899
12900 12899 12898
12899 12900 12901
12900 12902 12901
12902 12900 12903
12903 12904 12902
12904 12903 12905
12905 12906 12904
12906 12905 12907
12907 12908 12906
12908 12907 12909
12909 12910 12908
12910 12909 12911
12911 12912 12910
12912 12911 12913
12914 12106 12109
12106 12914 12104
12915 12104 12914
12104 12915 12103
12084 12103 12915
12103 12084 12073
12073 12100 12103
12100 12073 12065
12916 12917 12918
12916 12918 12919
12920 12919 12918
12919 12920 12921
12920 12922 12921
12922 12923 12921
12923 12924 12921
12916 12704 12917
12704 12699 12917
12917 12699 12702
12925 12926 12927
12927 12928 12925
12927 12929 12928
12930 12928 12929
12927 12931 12929
12931 12932 12929
12931 12933 12932
12932 12934 12929
12930 12929 12934
12930 12934 12935
12934 12936 12935
12932 12936 12934
12932 12933 12936
12933 12937 12936
12938 12936 12937
12937 12939 12938
12937 12940 12939
12937 12933 12940
12939 12941 12938
12939 12942 12941
12941 12942 12943
12936 12938 12944
12935 12936 12944
12945 12941 12943
12945 12943 12946
12938 12947 12944
12948 12938 12941
12948 12941 12945
12938 12948 12949
12938 12949 12947
12935 12944 12950
12947 12950 12944
12951 12097 12068
12095 12097 12951
12090 12095 12951
12068 12097 12064
12090 12951 12091
12068 12091 12951
12091 12068 12069
12078 12091 12069
12952 12462 12461
12462 12952 12468
12468 12952 12474
12952 12461 12488
12488 12474 12952
12517 12526 12515
12527 12515 12526
12515 12527 12506
12953 12137 12138
12225 12137 12953
12234 12953 12138
12138 12236 12234
12236 12138 12140
12226 12953 12234
12225 12953 12226
12223 12211 12194
12211 12195 12194
12192 12223 12194
12223 12192 12191
12184 12223 12191
12223 12184 12237
12184 12239 12237
12239 12184 12183
12183 12241 12239
12241 12183 12186
12186 12187 12241
12241 12187 12242
12954 12231 12232
12232 12235 12954
12794 12786 12955
12955 12786 12784
12956 12957 12958
12958 12957 12959
12960 12958 12959
12961 12958 12960
12961 12960 12962
12963 12961 12962
12961 12963 12964
12965 12964 12963
12964 12965 12966
12967 12966 12965
12967 12965 12968
12969 12966 12967
12970 12971 12972
12970 12973 12971
12970 12972 12974
12975 12973 12970
12976 12977 12978
12977 12976 12979
12979 12976 12980
12978 12977 12981
12982 12979 12980
12983 12978 12981
12983 12984 12978
12984 12983 12985
12984 12985 12986
12987 12986 12985
12988 12989 12990
12990 12989 12991
12990 12991 12992
12988 12993 12989
12992 12991 12994
12994 12995 12992
12992 12995 12996
12997 12998 12999
13000 12997 12999
13001 12997 13000
13002 13001 13000
13003 13001 13002
13004 13003 13002
13005 13003 13004
13006 13007 13008
13008 13007 13009
13008 13010 13006
13006 13010 13011
13011 13010 13012
13012 13013 13011
13013 13012 13014
13015 13013 13014
13015 13014 13016
13016 13017 13015
13018 13017 13016
13017 13018 13019
13020 13021 13022
13023 13022 13021
13020 13024 13021
13020 13025 13024
13025 13026 13024
13025 13027 13026
13022 13023 13028
13028 13023 13029
13028 13029 13030
13030 13029 13031
13031 13029 13032
13031 13032 13033
13031 13033 13034
12227 13035 12222
12222 13035 12217
13035 12218 12217
12218 13035 12230
12230 13035 12227
12666 12684 12677
12108 12112 13036
12356 12360 12372
13037 13038 13039
13038 13037 13040
13038 13041 13039
13041 13038 13042
13042 13043 13041
13043 13042 13044
13044 13045 13043
13045 13044 13046
13039 13047 13037
13047 13048 13037
13048 13047 13049
13039 13050 13047
13039 13041 13050
13051 13047 13050
13047 13051 13052
13053 13051 13050
13041 13054 13050
13053 13050 13054
13054 13055 13053
13055 13054 13056
13054 13041 13056
13056 13041 13043
13043 13057 13056
13057 13043 13045
13057 13058 13056
13058 13055 13056
13058 13057 13059
13060 13059 13057
13045 13060 13057
13059 13060 13061
13053 13062 13051
13063 13060 13045
13060 13063 13064
13065 13063 13045
13065 13066 13063
13067 13068 13069
13067 13069 13070
13067 13070 13071
13071 13070 13072
13073 13074 13075
13074 13073 13076
13077 13075 13074
13075 13077 13078
13079 13078 13077
13078 13079 13080
13081 13073 13075
13073 13081 13082
13082 13083 13073
13083 13082 13084
13082 13085 13084
13085 13082 13086
13087 13075 13078
13087 13081 13075
13082 13088 13086
13088 13082 13081
13089 13085 13086
13085 13089 13090
13091 13081 13087
13091 13088 13081
13086 13092 13089
13092 13086 13088
13088 13091 13092
13091 13087 13093
13093 13087 13094
13080 13095 13094
13089 13096 13090
13096 13089 13097
13089 13092 13097
13093 13098 13091
13091 13098 13092
13093 13099 13098
13093 13100 13099
13092 13101 13097
13092 13098 13101
13097 13102 13096
13102 13097 13103
13103 13097 13101
13104 13098 13099
13098 13104 13101
13100 13105 13099
13104 13099 13105
13104 13106 13101
13106 13103 13101
13104 13105 13107
13104 13107 13106
13106 13108 13103
13103 13108 13109
13103 13109 13102
13105 13110 13107
13110 13105 13111
13100 13111 13105
13110 13111 13112
13113 13112 13111
13106 13107 13114
13108 13106 13114
13114 13115 13108
13116 13107 13110
13114 13107 13116
13112 13117 13110
13110 13117 13116
13115 13114 13118
13118 13119 13115
13114 13116 13120
13120 13116 13117
13114 13120 13118
13119 13118 13121
13120 13117 13122
13119 13121 13123
13119 13123 13124
13125 13121 13118
13118 13120 13125
13126 13125 13120
13126 13120 13122
13127 13123 13121
13126 13127 13125
13127 13121 13125
13122 13128 13126
13126 13129 13127
13130 13129 13126
13126 13128 13130
13129 13130 13131
13132 13131 13130
13133 13131 13132
13128 13122 13134
13134 13135 13128
13128 13135 13130
13135 13132 13130
13134 13122 13136
13136 13137 13134
13122 13138 13136
13137 13136 13139
13140 13137 13139
13140 13141 13137
13142 13139 13136
13138 13142 13136
13139 13142 13143
13143 13140 13139
13140 13143 13144
13144 13145 13140
13146 13140 13145
13147 13146 13145
13148 13146 13147
13149 13148 13147
13148 13149 13150
13146 13148 13151
13152 13146 13151
13146 13152 13153
13153 13141 13140
13153 13140 13146
13154 13149 13147
13147 13145 13154
13154 13155 13149
13155 13154 13156
13157 13154 13145
13154 13157 13156
13145 13144 13157
13156 13158 13155
13157 13159 13156
13156 13159 13160
13158 13156 13160
13159 13100 13160
13093 13160 13100
13160 13093 13161
13161 13158 13160
13093 13162 13161
13162 13093 13094
13094 13163 13162
13163 13161 13162
13163 13094 13095
13100 13159 13111
13159 13113 13111
13113 13159 13164
13157 13164 13159
13164 13165 13113
13165 13112 13113
13165 13138 13112
13112 13138 13117
13138 13122 13117
13165 13164 13166
13166 13138 13165
13138 13166 13167
13142 13138 13167
13144 13166 13164
13166 13144 13143
13167 13143 13142
13143 13167 13166
13157 13144 13164
13163 13168 13161
13161 13168 13158
13155 13158 13169
13169 13170 13155
13155 13170 13171
13149 13155 13171
13170 13169 13172
13173 13174 13175
13174 13176 13177
13176 13174 13178
13174 13179 13178
13174 13180 13179
13181 13180 13173
13182 13180 13181
13180 13182 13183
13184 13183 13182
13183 13184 13185
13180 13174 13186
13185 13187 13183
13187 13185 13188
13189 13183 13187
13183 13189 13180
13189 13179 13180
13188 13190 13187
13190 13189 13187
13190 13188 13191
13189 13190 13192
13179 13193 13178
13194 13178 13193
13178 13194 13195
13196 13194 13193
13197 13189 13192
13189 13197 13179
13179 13197 13193
13196 13193 13198
13193 13197 13198
13199 13200 13201
13202 13203 13204
13205 13206 13207
13208 13206 13205
13206 13208 13209
13209 13208 13210
13210 13208 13211
13211 13208 13212
13210 13211 13213
13210 13213 13214
13214 13215 13210
13213 13216 13214
13217 13214 13216
13218 13217 13216
13219 13217 13218
13220 13219 13218
13220 13221 13219
13222 13221 13220
13222 13220 13223
13224 13222 13223
13224 13223 13225
13223 13226 13225
13220 13226 13223
13218 13226 13220
13226 13227 13225
13226 13228 13227
13228 13229 13227
13215 13230 13210
13230 13209 13210
13231 13232 13233
13231 13234 13232
13234 13231 13235
13235 13231 13236
13237 13236 13231
13231 13238 13237
13233 13238 13231
13239 13236 13237
13240 13235 13236
13239 13240 13236
13241 13240 13239
13235 13242 13234
13242 13235 13243
13240 13243 13235
13244 13243 13240
13241 13244 13240
13245 13244 13241
13246 13242 13243
13244 13246 13243
13247 13246 13244
13245 13247 13244
13247 13245 13248
13247 13248 13249
13247 13249 13250
13251 13247 13250
13247 13251 13246
13252 13246 13251
13250 13252 13251
13246 13252 13253
13242 13246 13253
13252 13250 13254
13250 13249 13255
13256 13255 13249
13257 13254 13250
13250 13255 13257
13254 13257 13258
13259 13257 13255
13259 13255 13256
13260 13259 13256
13257 13259 13261
13257 13262 13258
13262 13257 13261
13259 13263 13261
13263 13259 13264
13249 13265 13256
13265 13266 13256
13266 13260 13256
13266 13265 13267
13268 13267 13265
13269 13268 13265
13269 13265 13270
13248 13270 13265
13265 13249 13248
13248 13271 13270
13245 13271 13248
13245 13272 13271
13273 13271 13272
13274 13273 13272
13273 13274 13275
13276 13275 13274
13275 13276 13277
13276 13278 13277
13278 13276 13279
13279 13280 13278
13280 13279 13281
13233 13280 13281
13280 13233 13282
13271 13273 13283
13284 13271 13283
13271 13284 13285
13284 13286 13285
13286 13284 13287
13281 13238 13233
13281 13237 13238
13237 13281 13279
13276 13237 13279
13269 13285 13286
13286 13288 13269
13288 13286 13289
13285 13269 13270
13271 13285 13270
13276 13239 13237
13274 13239 13276
13274 13241 13239
13272 13241 13274
13272 13245 13241
13290 13291 13292
13293 13292 13291
13292 13293 13294
13295 13294 13293
13294 13295 13296
13297 13296 13295
13296 13297 13298
13298 13299 13300
13301 13302 13303
13302 13304 13303
13302 13305 13304
13305 13306 13304
13306 13305 13307
13303 13308 13301
13309 13310 13311
13310 13309 13312
13313 13311 13310
13313 13314 13311
13094 13087 13078
13080 13094 13078
13315 13316 13317
13318 13317 13316
13319 13317 13318
13319 13318 13320
13320 13321 13319
13321 13320 13322
13323 13321 13322
13324 13325 13326
13325 13324 13327
13328 13329 13330
13328 13330 13331
13328 13331 13332
13333 13328 13332
13334 13335 13336
13337 13334 13336
13334 13337 13338
13338 13337 13339
13339 13340 13338
13341 13340 13339
13341 13342 13340
13342 13341 13343
13342 13343 13344
13342 13344 13345
13342 13345 13346
13347 13336 13335
13347 13337 13336
13337 13347 13348
13348 13339 13337
13339 13348 13349
13350 13339 13349
13350 13349 13351
13351 13352 13350
13351 13353 13352
13351 13354 13353
13351 13355 13354
13356 13357 13358
13358 13359 13356
13359 13358 13360
13360 13361 13359
13361 13360 13362
13362 13363 13361
13363 13362 13364
13365 13366 13367
13368 13367 13366
13369 13368 13366
13369 13370 13368
13371 13370 13369
13370 13371 13372
13373 13372 13371
13374 13375 13376
13375 13374 13377
13378 13379 13380
13378 13381 13379
13378 13382 13381
13383 13382 13378
13384 13385 13386
13387 13385 13384
13385 13387 13388
13389 13388 13387
13388 13389 13390
13391 13390 13389
13390 13391 13392
13393 13394 13395
13394 13393 13396
13395 13397 13393
13397 13395 13398
13397 13398 13399
13400 13401 13402
13403 13400 13402
13404 13405 13406
13407 13408 13409
13410 13411 13412
13411 13410 13413
13414 13412 13411
13412 13414 13415
13416 13415 13414
13415 13416 13417
13418 13417 13416
13417 13418 13419
13419 13418 13420
13418 13421 13420
13422 13423 13424
13423 13422 13425
13426 13427 13428
13427 13426 13429
13428 13430 13426
13430 13428 13431
13431 13432 13430
13432 13431 13433
13433 13434 13432
13434 13433 13435
13435 13436 13434
13436 13435 13437
13438 13439 13440
13439 13438 13441
13442 13441 13438
13441 13442 13443
13444 13443 13442
13443 13444 13445
13446 13447 13448
13449 13450 13451
13450 13449 13452
13453 13451 13450
13451 13453 13454
13453 13455 13454
13456 13457 13458
13459 13457 13456
13460 13461 13462
13463 13464 13465
13466 13467 13468
13467 13466 13469
13468 13470 13466
13470 13468 13471
13471 13472 13470
13472 13471 13473
13473 13474 13472
13474 13473 13475
13475 13476 13474
13474 13476 13477
13478 13479 13480
13479 13478 13481
13482 13483 13484
13483 13482 13485
13486 13485 13482
13485 13486 13487
13488 13487 13486
13487 13488 13489
13490 13489 13488
13489 13490 13491
13492 13491 13490
13491 13492 13493
13494 13495 13496
13495 13494 13497
13497 13498 13495
13498 13497 13499
13499 13500 13498
13500 13499 13501
13502 13503 13504
13505 13506 13507
13508 13509 13510
13511 13512 13513
13514 13511 13513
13515 13516 13517
13518 13515 13517
13519 13518 13517
13519 13520 13518
13520 13521 13518
13515 13522 13516
13522 13515 13523
13524 13522 13523
13522 13524 13525
13524 13526 13525
13526 13524 13527
13528 13524 13523
13515 13528 13523
13524 13528 13529
13524 13530 13527
13530 13524 13529
13531 13518 13521
13532 13518 13531
13532 13533 13518
13518 13533 13515
13515 13533 13534
13528 13515 13534
13535 13536 13537
13536 13535 13538
13539 13536 13538
13536 13539 13540
13541 13540 13539
13540 13541 13542
13541 13543 13542
13541 13544 13543
13543 13545 13542
13546 13547 13548
13547 13546 13549
13548 13550 13546
13550 13548 13551
13551 13552 13550
13552 13551 13553
13553 13554 13552
13554 13553 13555
13555 13556 13554
13556 13555 13557
13557 13558 13556
13558 13557 13559
13559 13560 13558
13560 13559 13561
13562 13563 13564
13563 13562 13565
13564 13566 13562
13566 13564 13567
13567 13568 13566
13568 13567 13569
13569 13570 13568
13570 13569 13571
13572 13570 13571
13570 13572 13573
13573 13572 13574
13575 13576 13577
13576 13575 13578
13577 13579 13575
13579 13577 13580
13580 13581 13579
13581 13580 13582
13582 13583 13581
13583 13582 13584
13585 13583 13584
13583 13585 13586
13585 13587 13586
13587 13585 13588
13589 13582 13580
13588 13585 13590
13591 13588 13590
13582 13592 13584
13589 13592 13582
13584 13592 13593
13585 13593 13590
13584 13593 13585
13588 13591 13594
13594 13591 13595
13596 13594 13595
13596 13595 13597
13597 13598 13596
13599 13598 13597
13600 13598 13599
13600 13599 13601
13601 13602 13600
13603 13602 13601
13603 13604 13602
13604 13603 13605
13605 13606 13604
13606 13605 13607
13607 13608 13606
13608 13607 13609
13610 13611 13612
13612 13613 13610
13614 13613 13612
13612 13615 13614
13616 13614 13615
13617 13611 13610
13617 13618 13611
13618 13617 13619
13619 13620 13618
13620 13619 13621
13621 13622 13620
13622 13621 13623
13623 13624 13622
13624 13623 13625
13625 13626 13624
13626 13625 13627
13628 13629 13630
13630 13629 13631
13629 13632 13631
13630 13631 13633
13631 13632 13634
13633 13631 13635
13635 13631 13636
13631 13634 13636
13636 13634 13637
13636 13638 13635
13637 13639 13636
13636 13639 13638
13638 13639 13640
13638 13640 13641
13641 13642 13638
13642 13635 13638
13642 13643 13635
13643 13633 13635
13642 13641 13644
13639 13645 13640
13645 13639 13646
13646 13639 13637
13643 13647 13633
13647 13630 13633
13630 13647 13648
13648 13628 13630
13649 13628 13648
13648 13647 13649
13650 13628 13649
13649 13647 13651
13651 13647 13652
13652 13647 13643
13653 13652 13643
13653 13643 13642
13642 13654 13653
13642 13644 13654
13655 13645 13646
13646 13656 13655
13656 13646 13637
13645 13655 13657
13637 13658 13656
13637 13634 13658
13634 13632 13658
13659 13660 13576
13660 13661 13576
13661 13662 13576
13662 13577 13576
13663 13577 13662
13663 13580 13577
13663 13589 13580
13578 13659 13576
13664 13665 13666
13665 13664 13667
13668 13667 13664
13667 13668 13669
13670 13669 13668
13669 13670 13671
13672 13671 13670
13671 13672 13673
13672 13674 13673
13674 13672 13675
13674 13675 13676
13676 13677 13674
13678 13669 13671
13677 13679 13674
13680 13679 13677
13671 13673 13681
13678 13671 13681
13673 13682 13681
13674 13679 13682
13673 13674 13682
13677 13683 13680
13683 13684 13680
13685 13684 13683
13685 13686 13684
13686 13685 13687
13688 13686 13687
13689 13688 13687
13689 13690 13688
13690 13689 13691
13692 13690 13691
13693 13692 13691
13692 13693 13694
13695 13694 13693
13694 13695 13696
13697 13696 13695
13696 13697 13698
13699 13700 13701
13700 13699 13702
13700 13702 13703
13703 13704 13700
13705 13704 13703
13706 13699 13701
13706 13701 13707
13707 13708 13706
13709 13708 13707
13708 13709 13710
13711 13710 13709
13710 13711 13712
13713 13712 13711
13712 13713 13714
13715 13714 13713
13714 13715 13716
13717 13718 13719
13718 13720 13719
13719 13720 13721
13718 13722 13720
13720 13723 13721
13722 13724 13720
13724 13725 13720
13720 13725 13723
13725 13726 13723
13725 13724 13727
13726 13725 13728
13725 13727 13728
13727 13729 13728
13727 13730 13729
13731 13730 13727
13731 13727 13724
13731 13724 13732
13732 13724 13722
13730 13731 13733
13734 13728 13729
13728 13734 13735
13735 13726 13728
13732 13722 13736
13718 13736 13722
13736 13718 13737
13737 13718 13717
13738 13737 13717
13737 13738 13736
13739 13738 13717
13738 13740 13736
13740 13741 13736
13741 13732 13736
13742 13732 13741
13742 13731 13732
13731 13742 13743
13731 13743 13733
13734 13744 13735
13745 13735 13744
13735 13745 13726
13744 13734 13746
13726 13745 13747
13726 13747 13723
13723 13747 13721
13665 13748 13749
13748 13665 13750
13665 13751 13750
13751 13665 13667
13752 13751 13667
13752 13667 13669
13752 13669 13678
13666 13665 13749
13753 13754 13755
13756 13754 13753
13757 13754 13756
13757 13756 13758
13758 13756 13759
13760 13753 13755
13753 13760 13761
13760 13762 13761
13762 13760 13763
13764 13762 13763
13762 13764 13765
13762 13766 13761
13766 13753 13761
13766 13762 13767
13768 13762 13765
13762 13768 13767
13769 13759 13756
13770 13769 13756
13770 13756 13771
13756 13753 13771
13753 13772 13771
13753 13766 13772
13773 13774 13775
13774 13773 13776
13773 13777 13776
13777 13773 13778
13778 13779 13777
13779 13778 13780
13779 13780 13781
13779 13781 13782
13780 13783 13781
13784 13785 13786
13785 13784 13787
13788 13786 13785
13786 13788 13789
13790 13789 13788
13789 13790 13791
13792 13791 13790
13791 13792 13793
13794 13793 13792
13793 13794 13795
13796 13795 13794
13795 13796 13797
13798 13797 13796
13797 13798 13799
13800 13801 13802
13801 13800 13803
13804 13802 13801
13802 13804 13805
13806 13805 13804
13805 13806 13807
13808 13807 13806
13807 13808 13809
13808 13810 13809
13810 13808 13811
13811 13812 13810
13813 13814 13815
13814 13813 13816
13817 13816 13813
13816 13817 13818
13819 13818 13817
13818 13819 13820
13821 13820 13819
13820 13821 13822
13821 13823 13822
13823 13821 13824
13823 13824 13825
13825 13826 13823
13827 13818 13820
13826 13828 13823
13829 13828 13826
13820 13822 13830
13827 13820 13830
13822 13831 13830
13823 13828 13831
13822 13823 13831
13826 13832 13829
13832 13833 13829
13834 13833 13832
13834 13835 13833
13835 13834 13836
13837 13835 13836
13838 13837 13836
13838 13839 13837
13839 13838 13840
13841 13839 13840
13842 13841 13840
13841 13842 13843
13844 13843 13842
13843 13844 13845
13846 13845 13844
13845 13846 13847
13848 13849 13850
13849 13848 13851
13852 13849 13851
13849 13852 13853
13854 13853 13852
13855 13848 13850
13855 13850 13856
13856 13857 13855
13858 13857 13856
13857 13858 13859
13860 13859 13858
13859 13860 13861
13862 13861 13860
13861 13862 13863
13864 13863 13862
13863 13864 13865
13866 13867 13868
13867 13869 13868
13868 13869 13870
13867 13871 13869
13869 13872 13870
13871 13873 13869
13873 13874 13869
13869 13874 13872
13874 13875 13872
13874 13873 13876
13875 13874 13877
13874 13876 13877
13876 13878 13877
13876 13879 13878
13880 13879 13876
13880 13876 13873
13880 13873 13881
13881 13873 13871
13879 13880 13882
13883 13877 13878
13877 13883 13884
13884 13875 13877
13881 13871 13885
13867 13885 13871
13885 13867 13886
13886 13867 13866
13887 13886 13866
13886 13887 13885
13888 13887 13866
13887 13889 13885
13889 13890 13885
13890 13881 13885
13891 13881 13890
13891 13880 13881
13880 13891 13892
13880 13892 13882
13883 13893 13884
13894 13884 13893
13884 13894 13875
13893 13883 13895
13875 13894 13896
13875 13896 13872
13872 13896 13870
13897 13814 13898
13898 13814 13899
13899 13814 13900
13900 13814 13816
13901 13900 13816
13901 13816 13818
13901 13818 13827
13815 13814 13897
13902 13903 13904
13903 13902 13905
13904 13906 13902
13906 13904 13907
13907 13908 13906
13908 13907 13909
13909 13910 13908
13910 13909 13911
13912 13910 13911
13910 13912 13913
13912 13914 13913
13914 13912 13915
13916 13909 13907
13915 13912 13917
13918 13915 13917
13909 13919 13911
13916 13919 13909
13911 13919 13920
13912 13920 13917
13911 13920 13912
13915 13918 13921
13921 13918 13922
13923 13921 13922
13923 13922 13924
13924 13925 13923
13926 13925 13924
13927 13925 13926
13927 13926 13928
13928 13929 13927
13930 13929 13928
13930 13931 13929
13931 13930 13932
13932 13933 13931
13933 13932 13934
13934 13935 13933
13935 13934 13936
13937 13938 13939
13939 13940 13937
13939 13941 13940
13941 13939 13942
13943 13941 13942
13944 13938 13937
13944 13945 13938
13945 13944 13946
13946 13947 13945
13947 13946 13948
13948 13949 13947
13949 13948 13950
13950 13951 13949
13951 13950 13952
13952 13953 13951
13953 13952 13954
13955 13956 13957
13957 13956 13958
13956 13959 13958
13957 13958 13960
13958 13959 13961
13960 13958 13962
13962 13958 13963
13958 13961 13963
13963 13961 13964
13963 13965 13962
13964 13966 13963
13963 13966 13965
13965 13966 13967
13965 13967 13968
13968 13969 13965
13969 13962 13965
13969 13970 13962
13970 13960 13962
13969 13968 13971
13966 13972 13967
13972 13966 13973
13973 13966 13964
13970 13974 13960
13974 13957 13960
13957 13974 13975
13975 13955 13957
13976 13955 13975
13975 13974 13976
13977 13955 13976
13976 13974 13978
13978 13974 13979
13979 13974 13970
13980 13979 13970
13980 13970 13969
13969 13981 13980
13969 13971 13981
13982 13972 13973
13973 13983 13982
13983 13973 13964
13972 13982 13984
13964 13985 13983
13964 13961 13985
13961 13959 13985
13903 13986 13987
13987 13988 13903
13903 13988 13989
13989 13904 13903
13990 13904 13989
13990 13907 13904
13990 13916 13907
13905 13986 13903
13991 13992 13993
13992 13991 13994
13994 13991 13995
13994 13995 13996
13997 13998 13999
13998 13997 14000
14001 13999 13998
13999 14001 14002
14003 14004 14005
14004 14003 14006
14005 14007 14003
14005 14008 14007
14009 14010 14011
14009 14011 14012
14010 14013 14011
14013 14010 14014
14015 14016 14017
14016 14015 14018
14019 14020 14021
14020 14019 14022
14023 14024 14025
14024 14023 14026
14027 14028 14029
14028 14027 14030
14031 14032 14033
14032 14031 14034
14035 14036 14037
14036 14035 14038
14039 14040 14041
14040 14039 14042
14043 14044 14045
14044 14043 14046
14047 14048 14049
14048 14047 14050
14051 14052 14053
14054 14055 14056
14055 14057 14058
14055 14059 14060
14061 14062 14063
14064 14065 14066
14067 14064 14066
14064 14067 14068
14067 14069 14068
14069 14067 14070
14071 14072 14073
14073 14072 14074
14075 14074 14072
14074 14075 14076
14077 14071 14073
14071 14077 14078
14079 14078 14077
14078 14079 14080
14081 14080 14079
14080 14081 14082
14083 14082 14081
14082 14083 14084
14085 14084 14083
14084 14085 14086
14087 14076 14075
14076 14087 14088
14089 14088 14087
14088 14089 14090
14090 14089 14091
14092 14093 14094
14093 14092 14095
14093 14096 14094
14096 14093 14097
14092 14098 14095
14098 14092 14099
14099 14100 14098
14100 14099 14101
14101 14102 14100
14102 14101 14103
14103 14104 14102
14104 14103 14105
14106 14104 14105
14107 14106 14105
14108 14107 14105
14097 14109 14096
14109 14097 14110
14110 14111 14109
14111 14110 14112
14112 14113 14111
14108 14105 14114
14115 14108 14114
14116 14115 14114
14117 14115 14116
14118 14119 14120
14119 14118 14121
14122 14118 14120
14118 14122 14123
14124 14123 14122
14123 14124 14125
14124 14126 14125
14126 14124 14127
14127 14128 14126
14128 14127 14129
14129 14130 14128
14130 14129 14131
14132 14130 14131
14130 14132 14133
14121 14134 14119
14134 14121 14135
14135 14136 14134
14136 14135 14137
14138 14136 14137
14139 14140 14141
14140 14139 14142
14143 14144 14145
14146 14147 14148
14148 14149 14150
14148 14151 14152
14153 14154 14155
14156 14157 14158
14156 14159 14157
14159 14156 14160
14161 14159 14160
14159 14161 14162
14163 14164 14165
14164 14166 14165
14166 14167 14165
14167 14166 14168
14163 14169 14164
14169 14163 14170
14170 14171 14169
14171 14170 14172
14172 14173 14171
14173 14172 14174
14175 14173 14174
14174 14176 14175
14177 14175 14176
14176 14178 14177
14168 14179 14167
14179 14168 14180
14180 14181 14179
14181 14180 14182
14182 14183 14181
14184 14185 14186
14185 14184 14187
14188 14184 14186
14184 14188 14189
14190 14185 14187
14185 14190 14191
14192 14191 14190
14191 14192 14193
14194 14193 14192
14193 14194 14195
14196 14195 14194
14195 14196 14197
14198 14197 14196
14199 14197 14198
14200 14197 14199
14201 14189 14188
14189 14201 14202
14201 14203 14202
14203 14201 14204
14203 14204 14205
14200 14206 14197
14207 14206 14200
14208 14206 14207
14209 14208 14207
14210 14211 14212
14211 14210 14213
14210 14214 14213
14214 14210 14215
14215 14216 14214
14216 14215 14217
14218 14216 14217
14216 14218 14219
14220 14219 14218
14219 14220 14221
14222 14221 14220
14221 14222 14223
14222 14224 14223
14224 14222 14225
14226 14212 14211
14212 14226 14227
14228 14227 14226
14227 14228 14229
14230 14229 14228
14231 14232 14233
14232 14231 14234
14235 14236 14237
14238 14239 14240
14240 14241 14242
14240 14243 14244
14245 14246 14247
14248 14249 14250
14248 14251 14249
14251 14248 14252
14253 14251 14252
14251 14253 14254
14255 14256 14257
14256 14258 14257
14258 14259 14257
14259 14258 14260
14255 14261 14256
14261 14255 14262
14262 14263 14261
14263 14262 14264
14264 14265 14263
14265 14264 14266
14267 14265 14266
14266 14268 14267
14269 14267 14268
14268 14270 14269
14260 14271 14259
14271 14260 14272
14272 14273 14271
14273 14272 14274
14274 14275 14273
14276 14277 14278
14277 14276 14279
14280 14276 14278
14276 14280 14281
14282 14277 14279
14277 14282 14283
14284 14283 14282
14283 14284 14285
14286 14285 14284
14285 14286 14287
14288 14287 14286
14287 14288 14289
14290 14289 14288
14291 14289 14290
14292 14289 14291
14293 14281 14280
14281 14293 14294
14295 14294 14293
14294 14295 14296
14296 14295 14297
14292 14298 14289
14299 14298 14292
14300 14298 14299
14301 14300 14299
14302 14303 14304
14303 14302 14305
14302 14306 14305
14306 14302 14307
14307 14308 14306
14308 14307 14309
14310 14308 14309
14308 14310 14311
14312 14311 14310
14311 14312 14313
14314 14313 14312
14313 14314 14315
14314 14316 14315
14316 14314 14317
14318 14304 14303
14304 14318 14319
14320 14319 14318
14319 14320 14321
14322 14321 14320
14323 14324 14325
14324 14323 14326
14327 14328 14329
14330 14331 14332
14331 14333 14334
14331 14335 14336
14337 14338 14339
14340 14341 14342
14343 14340 14342
14340 14343 14344
14343 14345 14344
14345 14343 14346
14347 14348 14349
14349 14348 14350
14351 14350 14348
14350 14351 14352
14353 14347 14349
14347 14353 14354
14355 14354 14353
14354 14355 14356
14357 14356 14355
14356 14357 14358
14359 14358 14357
14358 14359 14360
14361 14360 14359
14360 14361 14362
14363 14352 14351
14352 14363 14364
14365 14364 14363
14364 14365 14366
14366 14365 14367
14368 14369 14370
14369 14368 14371
14369 14372 14370
14372 14369 14373
14368 14374 14371
14374 14368 14375
14375 14376 14374
14376 14375 14377
14377 14378 14376
14378 14377 14379
14379 14380 14378
14380 14379 14381
14382 14380 14381
14383 14382 14381
14384 14383 14381
14373 14385 14372
14385 14373 14386
14387 14385 14386
14385 14387 14388
14387 14389 14388
14384 14381 14390
14391 14384 14390
14392 14391 14390
14393 14391 14392
14394 14395 14396
14395 14394 14397
14398 14394 14396
14394 14398 14399
14400 14399 14398
14399 14400 14401
14400 14402 14401
14402 14400 14403
14403 14404 14402
14404 14403 14405
14405 14406 14404
14406 14405 14407
14408 14406 14407
14406 14408 14409
14397 14410 14395
14410 14397 14411
14411 14412 14410
14412 14411 14413
14414 14412 14413
14415 14416 14417
14416 14415 14418
14419 14420 14421
14419 14421 14422
14420 14423 14421
14423 14424 14421
14421 14424 14422
14424 14425 14422
14422 14425 14426
14425 14427 14426
14428 14422 14426
14419 14422 14428
14420 14429 14423
14430 14429 14420
14430 14431 14429
14432 14431 14430
14431 14432 14433
14434 14433 14432
14435 14434 14432
14430 14435 14432
14430 14436 14435
14436 14430 14437
14433 14434 14438
14434 14439 14438
14439 14434 14440
14440 14441 14439
14441 14440 14442
14443 14441 14442
14441 14443 14444
14443 14445 14444
14445 14443 14446
14445 14446 14447
14448 14442 14440
14449 14448 14440
14434 14435 14449
14434 14449 14440
14442 14448 14450
14450 14443 14442
14443 14450 14451
14452 14443 14451
14443 14452 14446
14446 14452 14453
14446 14453 14447
14453 14454 14447
14454 14426 14447
14427 14445 14447
14426 14427 14447
14428 14426 14454
14427 14455 14445
14455 14427 14456
14425 14456 14427
14456 14425 14457
14457 14458 14456
14458 14457 14459
14460 14458 14459
14458 14460 14461
14462 14460 14459
14463 14458 14461
14456 14458 14463
14455 14456 14463
14459 14464 14462
14464 14459 14457
14457 14424 14464
14424 14457 14425
14465 14462 14464
14462 14465 14466
14464 14423 14465
14423 14464 14424
14467 14455 14463
14468 14467 14463
14455 14467 14469
14470 14455 14469
14445 14455 14470
14444 14445 14470
14470 14471 14444
14471 14441 14444
14471 14470 14472
14470 14473 14472
14429 14474 14423
14474 14429 14475
14475 14476 14474
14431 14475 14429
14475 14431 14477
14433 14477 14431
14477 14433 14478
14479 14477 14478
14480 14479 14478
14438 14478 14433
14478 14438 14481
14480 14478 14481
14482 14480 14481
14482 14481 14483
14438 14483 14481
14483 14438 14439
14484 14483 14439
14483 14484 14485
14482 14483 14485
14484 14439 14441
14419 14437 14420
14430 14420 14437
14486 14487 14488
14487 14489 14488
14488 14489 14490
14488 14490 14491
14492 14489 14487
14493 14490 14489
14488 14491 14494
14488 14494 14495
14488 14495 14496
14496 14495 14497
14496 14497 14498
14488 14496 14498
14488 14498 14499
14488 14499 14486
14492 14500 14489
14500 14492 14501
14501 14492 14502
14503 14501 14502
14503 14504 14501
14505 14504 14503
14503 14506 14505
14506 14507 14505
14507 14506 14508
14509 14507 14508
14508 14510 14509
14511 14509 14510
14510 14512 14511
14512 14510 14513
14513 14510 14514
14514 14510 14515
14510 14508 14515
14506 14515 14508
14509 14511 14516
14516 14517 14509
14507 14509 14517
14517 14516 14518
14518 14519 14517
14519 14518 14520
14521 14517 14519
14517 14521 14522
14507 14517 14522
14523 14522 14521
14522 14523 14524
14525 14524 14523
14524 14525 14526
14522 14524 14527
14522 14527 14505
14507 14522 14505
14526 14528 14524
14528 14527 14524
14528 14526 14529
14527 14528 14530
14531 14527 14530
14527 14531 14505
14532 14528 14529
14528 14532 14533
14534 14533 14532
14533 14534 14535
14535 14536 14533
14536 14535 14537
14504 14505 14531
14528 14538 14530
14538 14528 14533
14536 14538 14533
14538 14531 14530
14531 14538 14539
14538 14536 14539
14540 14531 14539
14531 14540 14504
14504 14540 14541
14504 14541 14501
14501 14541 14542
14543 14544 14545
14546 14544 14543
14547 14546 14543
14543 14548 14547
14548 14543 14549
14543 14545 14549
14545 14550 14549
14549 14551 14548
14551 14549 14552
14553 14546 14547
14554 14549 14550
14554 14552 14549
14547 14555 14553
14555 14547 14548
14551 14555 14548
14555 14551 14556
14552 14554 14557
14558 14552 14557
14552 14558 14551
14558 14556 14551
14554 14559 14557
14556 14558 14560
14557 14561 14558
14561 14557 14562
14557 14563 14562
14563 14557 14559
14564 14555 14556
14560 14564 14556
14564 14565 14555
14565 14566 14555
14566 14553 14555
14567 14553 14566
14562 14568 14561
14568 14562 14569
14558 14570 14560
14570 14558 14561
14568 14570 14561
14571 14562 14563
14571 14569 14562
14569 14571 14572
14570 14568 14573
14560 14574 14564
14575 14569 14572
14569 14575 14568
14575 14573 14568
14571 14576 14572
14573 14575 14577
14576 14578 14572
14578 14576 14579
14580 14572 14578
14572 14580 14575
14581 14570 14573
14577 14581 14573
14581 14582 14570
14560 14582 14574
14582 14560 14570
14583 14575 14580
14575 14583 14577
14577 14584 14581
14585 14577 14583
14577 14585 14584
14586 14587 14588
14589 14587 14586
14590 14589 14586
14587 14589 14591
14590 14592 14589
14593 14591 14589
14592 14593 14589
14592 14594 14593
14587 14591 14595
14587 14595 14588
14595 14596 14588
14596 14595 14597
14591 14597 14595
14597 14591 14598
14599 14596 14597
14598 14599 14597
14596 14599 14600
14599 14598 14601
14591 14602 14598
14602 14591 14603
14593 14603 14591
14594 14603 14593
14603 14604 14602
14604 14603 14594
14605 14600 14599
14606 14600 14605
14600 14606 14607
14607 14606 14608
14609 14599 14601
14599 14609 14605
14610 14605 14609
14605 14610 14606
14598 14611 14601
14611 14598 14602
14604 14611 14602
14611 14609 14601
14611 14604 14612
14613 14607 14608
14607 14613 14614
14615 14606 14610
14606 14615 14608
14609 14611 14616
14616 14610 14609
14612 14616 14611
14610 14616 14617
14617 14615 14610
14612 14617 14616
14618 14614 14613
14614 14618 14619
14615 14617 14620
14617 14612 14621
14617 14621 14620
14622 14608 14615
14608 14622 14613
14620 14622 14615
14619 14618 14623
14622 14620 14624
14621 14624 14620
14619 14623 14625
14619 14625 14626
14627 14613 14622
14613 14627 14618
14624 14627 14622
14624 14621 14628
14629 14618 14627
14618 14629 14623
14626 14625 14630
14631 14623 14629
14623 14631 14625
14627 14624 14632
14628 14632 14624
14632 14629 14627
14632 14628 14633
14634 14625 14631
14625 14634 14630
14629 14632 14635
14635 14631 14629
14633 14635 14632
14636 14626 14630
14626 14636 14637
14631 14635 14638
14638 14635 14633
14638 14634 14631
14634 14638 14639
14638 14633 14640
14638 14640 14639
14630 14641 14636
14641 14630 14634
14642 14639 14640
14639 14642 14643
14634 14643 14641
14643 14634 14639
14644 14645 14646
14645 14644 14647
14648 14647 14644
14647 14648 14649
14650 14645 14647
14645 14650 14651
14648 14644 14652
14653 14652 14644
14646 14653 14644
14647 14654 14650
14647 14649 14654
14650 14654 14655
14656 14650 14655
14650 14656 14651
14657 14646 14645
14651 14657 14645
14646 14657 14658
14646 14658 14653
14657 14651 14659
14656 14659 14651
14660 14656 14655
14656 14660 14661
14654 14662 14655
14659 14656 14663
14664 14655 14662
14655 14664 14660
14665 14661 14660
14661 14665 14666
14657 14667 14658
14667 14657 14668
14667 14669 14658
14670 14665 14660
14670 14660 14664
14656 14671 14663
14671 14656 14661
14665 14670 14672
14673 14665 14672
14665 14673 14666
14663 14674 14659
14657 14659 14674
14668 14657 14674
14661 14675 14671
14675 14661 14666
14670 14676 14672
14672 14677 14673
14677 14672 14678
14666 14679 14675
14679 14666 14673
14672 14680 14678
14680 14672 14676
14673 14681 14679
14681 14673 14677
14682 14671 14675
14679 14682 14675
14682 14683 14671
14683 14663 14671
14663 14684 14674
14663 14683 14684
14679 14685 14682
14679 14686 14685
14686 14679 14681
14687 14688 14689
14688 14687 14690
14690 14687 14691
14692 14689 14688
14693 14692 14688
14689 14692 14694
14689 14694 14687
14694 14695 14687
14687 14695 14691
14696 14691 14695
14691 14696 14697
14695 14694 14698
14698 14696 14695
14697 14696 14699
14697 14699 14700
14697 14700 14701
14702 14694 14692
14703 14702 14692
14703 14692 14693
14696 14698 14704
14701 14700 14705
14703 14706 14702
14702 14706 14694
14706 14703 14707
14708 14701 14705
14701 14708 14709
14710 14696 14704
14696 14710 14699
14710 14700 14699
14700 14710 14711
14712 14700 14711
14700 14712 14705
14713 14709 14708
14709 14713 14714
14715 14710 14704
14698 14715 14704
14715 14698 14716
14694 14716 14698
14716 14694 14706
14717 14716 14706
14717 14715 14716
14707 14717 14706
14715 14717 14718
14710 14715 14719
14719 14711 14710
14718 14719 14715
14711 14719 14720
14720 14712 14711
14718 14720 14719
14721 14714 14713
14722 14714 14721
14714 14722 14723
14712 14720 14724
14720 14718 14725
14720 14725 14724
14723 14722 14726
14727 14723 14726
14723 14727 14728
14725 14729 14724
14730 14724 14729
14724 14730 14712
14730 14705 14712
14705 14730 14708
14731 14708 14730
14729 14731 14730
14708 14731 14713
14729 14725 14732
14733 14713 14731
14713 14733 14721
14734 14721 14733
14721 14734 14722
14735 14722 14734
14722 14735 14726
14731 14729 14736
14732 14736 14729
14736 14733 14731
14736 14732 14737
14733 14736 14738
14738 14734 14733
14737 14738 14736
14734 14738 14739
14739 14738 14737
14739 14735 14734
14739 14737 14740
14735 14739 14741
14739 14740 14741
14740 14742 14741
14742 14735 14741
14742 14740 14743
14735 14742 14744
14744 14726 14735
14726 14744 14727
14745 14746 14747
14746 14745 14748
14749 14748 14745
14748 14749 14750
14751 14749 14745
14748 14752 14746
14752 14748 14753
14750 14753 14748
14753 14750 14754
14755 14747 14746
14747 14755 14756
14753 14757 14752
14757 14753 14758
14754 14758 14753
14758 14754 14759
14746 14760 14755
14760 14746 14752
14761 14757 14758
14752 14762 14760
14762 14752 14757
14763 14755 14760
14764 14756 14755
14763 14764 14755
14756 14764 14765
14758 14766 14761
14766 14758 14759
14767 14763 14760
14764 14763 14768
14767 14768 14763
14769 14767 14760
14767 14769 14770
14770 14771 14767
14771 14770 14772
14773 14757 14761
14773 14762 14757
14768 14767 14774
14771 14774 14767
14774 14771 14775
14766 14776 14761
14776 14766 14777
14778 14772 14770
14772 14778 14779
14780 14761 14776
14780 14773 14761
14770 14781 14778
14781 14770 14769
14769 14782 14781
14782 14769 14783
14773 14783 14762
14783 14760 14762
14760 14783 14769
14784 14783 14773
14782 14783 14784
14777 14785 14776
14785 14777 14786
14787 14778 14781
14787 14781 14788
14789 14773 14780
14789 14784 14773
14790 14779 14778
14787 14790 14778
14791 14788 14781
14788 14791 14792
14790 14787 14793
14794 14788 14792
14788 14794 14795
14787 14796 14793
14796 14787 14788
14795 14796 14788
14796 14795 14797
14798 14792 14791
14792 14798 14799
14799 14794 14792
14794 14799 14800
14801 14798 14791
14781 14801 14791
14801 14781 14782
14782 14784 14801
14798 14801 14802
14801 14784 14803
14801 14803 14802
14798 14804 14799
14802 14805 14798
14805 14802 14806
14807 14800 14799
14804 14807 14799
14800 14807 14808
14809 14802 14803
14809 14806 14802
14810 14798 14805
14798 14810 14811
14807 14804 14812
14813 14811 14810
14811 14813 14814
14814 14815 14811
14815 14816 14811
14798 14811 14816
14816 14815 14817
14815 14814 14818
14806 14819 14805
14819 14806 14820
14820 14806 14809
14821 14820 14809
14810 14822 14813
14822 14810 14823
14823 14805 14819
14805 14823 14810
14819 14824 14823
14820 14824 14819
14823 14825 14822
14825 14823 14826
14826 14823 14824
14820 14827 14824
14820 14828 14827
14828 14820 14821
14822 14825 14829
14830 14828 14821
14830 14821 14831
14809 14831 14821
14831 14809 14832
14832 14809 14833
14834 14830 14831
14834 14831 14835
14834 14835 14836
14831 14837 14835
14831 14838 14837
14832 14838 14831
14832 14839 14838
14832 14840 14839
14841 14840 14832
14833 14841 14832
14839 14842 14838
14838 14842 14843
14838 14843 14837
14844 14841 14833
14833 14789 14844
14780 14844 14789
14844 14780 14845
14776 14845 14780
14845 14776 14785
14846 14841 14844
14847 14846 14844
14848 14847 14844
14785 14848 14845
14844 14845 14848
14848 14785 14849
14849 14850 14848
14847 14848 14850
14850 14849 14851
14852 14851 14849
14851 14852 14853
14853 14854 14851
14854 14853 14855
14851 14854 14856
14851 14856 14850
14857 14847 14850
14850 14858 14857
14859 14847 14857
14859 14846 14847
14859 14857 14860
14846 14859 14861
14861 14859 14862
14849 14786 14852
14786 14849 14785
14861 14862 14863
14863 14864 14861
14864 14865 14861
14863 14866 14864
14867 14861 14865
14865 14868 14867
14867 14846 14861
14846 14867 14869
14867 14870 14869
14867 14868 14870
14869 14870 14871
14870 14872 14871
14869 14841 14846
14841 14869 14871
14841 14871 14840
14669 14873 14653
14653 14873 14652
14658 14669 14653
14874 14875 14876
14875 14874 14877
14878 14877 14874
14877 14878 14879
14880 14879 14878
14879 14880 14881
14876 14882 14874
14882 14876 14883
14884 14881 14880
14881 14884 14885
14886 14874 14882
14874 14886 14878
14878 14886 14880
14883 14887 14882
14887 14883 14888
14888 14889 14887
14889 14888 14890
14885 14884 14891
14892 14882 14887
14882 14892 14886
14886 14893 14880
14886 14892 14893
14887 14894 14892
14892 14894 14893
14894 14887 14889
14880 14893 14895
14880 14895 14884
14884 14895 14896
14884 14896 14891
14893 14897 14895
14895 14897 14896
14891 14896 14898
14899 14891 14898
14885 14891 14899
14896 14900 14898
14900 14901 14898
14902 14898 14901
14899 14898 14902
14900 14896 14903
14897 14903 14896
14904 14901 14900
14904 14905 14901
14903 14906 14900
14907 14905 14904
14905 14907 14908
14907 14909 14908
14909 14907 14910
14911 14900 14906
14909 14910 14912
14913 14911 14906
14902 14901 14914
14901 14915 14914
14901 14916 14915
14915 14916 14917
14915 14917 14918
14918 14917 14919
14920 14918 14919
14918 14920 14921
14922 14911 14913
14923 14889 14924
14925 14926 14927
14926 14925 14928
14928 14929 14926
14929 14928 14930
14931 14925 14927
14932 14928 14925
14930 14928 14932
14931 14933 14925
14932 14925 14933
14933 14931 14934
14930 14935 14929
14935 14930 14936
14931 14927 14937
14930 14938 14936
14938 14930 14939
14939 14930 14932
14936 14940 14935
14940 14936 14941
14926 14942 14927
14943 14940 14941
14940 14943 14944
14945 14941 14936
14941 14945 14943
14945 14936 14938
14934 14931 14946
14947 14944 14943
14944 14947 14948
14949 14947 14943
14945 14949 14943
14947 14949 14950
14951 14935 14940
14935 14951 14952
14952 14929 14935
14929 14952 14953
14954 14929 14953
14942 14926 14954
14929 14954 14926
14955 14944 14948
14944 14955 14956
14940 14956 14951
14956 14940 14944
14953 14957 14954
14957 14942 14954
14957 14958 14942
14958 14959 14942
14942 14959 14927
14927 14959 14937
14959 14958 14960
14961 14959 14960
14953 14962 14957
14953 14963 14962
14964 14956 14955
14956 14964 14965
14956 14965 14966
14956 14966 14951
14966 14952 14951
14966 14963 14952
14963 14953 14952
14937 14959 14967
14959 14961 14967
14961 14968 14967
14968 14946 14967
14931 14937 14967
14946 14931 14967
14779 14790 14969
14970 14971 14972
14971 14970 14973
14974 14970 14972
14970 14974 14975
14973 14976 14971
14976 14973 14977
14975 14974 14978
14975 14978 14979
14979 14980 14975
14979 14981 14980
14982 14980 14981
14980 14982 14983
14984 14983 14982
14983 14984 14985
14971 14986 14972
14986 14971 14987
14976 14988 14987
14988 14976 14977
14989 14988 14977
14990 14987 14988
14990 14988 14991
14988 14989 14991
14991 14992 14990
14992 14986 14987
14990 14992 14987
14992 14991 14993
14994 14985 14984
14995 14992 14993
14992 14995 14996
14986 14992 14996
14997 14985 14994
14985 14997 14998
14998 14997 14999
14999 15000 14998
15000 14999 15001
14996 15002 14986
15002 14972 14986
14972 15002 14974
15003 14974 15002
14974 15003 14978
15004 14978 15003
14978 15004 14979
15005 14979 15004
14979 15005 14981
15006 14981 15005
14981 15006 14982
15007 14982 15006
14982 15007 14984
15008 15003 15002
15002 14996 15008
14995 15008 14996
15008 14995 15009
15003 15008 15010
15009 15010 15008
15011 15003 15010
15003 15011 15004
15009 15011 15010
15011 15005 15004
15009 15012 15011
15013 14984 15007
14984 15013 14994
15013 14997 14994
14997 15013 15014
15011 15012 15015
15005 15011 15015
15014 14999 14997
14999 15014 15016
15012 15017 15015
15017 15005 15015
15017 15012 15018
15005 15017 15006
15018 15019 15017
15019 15018 15020
15007 15017 15019
15017 15007 15006
15016 15001 14999
15001 15016 15021
15020 15022 15019
15022 15007 15019
15007 15022 15013
15020 15023 15022
15023 15013 15022
15013 15023 15014
15023 15020 15024
15023 15024 15025
15025 15014 15023
15014 15025 15016
15024 15026 15025
15016 15026 15021
15026 15016 15025
15026 15024 15027
15028 15029 15030
15029 15028 15031
15032 15028 15030
15028 15032 15033
15034 15033 15032
15033 15034 15035
15032 15036 15034
15032 15037 15036
15038 15037 15032
15039 15038 15029
15037 15038 15039
15039 15040 15037
15040 15039 15041
15037 15040 15042
15041 15043 15040
15043 15044 15040
15041 15045 15043
15046 15043 15045
15045 15047 15046
15045 15048 15047
14833 14803 14789
14803 14784 14789
14809 14803 14833
15049 15050 15051
15050 15031 15051
15051 15052 15049
15052 15053 15049
15052 15054 15053
15054 15052 15055
14506 14503 15056
15056 15057 14506
15057 15056 15058
15058 15056 14502
14503 14502 15056
14515 14506 15057
14514 14515 15057
14513 14514 15059
15060 15061 15062
15063 15061 15060
15061 15063 15064
15065 15064 15063
15064 15065 15066
15065 15067 15066
15067 15065 15068
15069 15070 15071
15070 15069 15072
15069 15073 15072
15073 15069 15074
15074 15075 15073
15075 15074 15076
15072 15077 15070
15077 15072 15078
15076 15079 15075
15079 15076 15080
15072 15073 15081
15081 15073 15075
15072 15081 15078
15080 15082 15079
15082 15080 15083
15084 15075 15079
15075 15084 15085
15081 15075 15085
15083 15086 15082
15086 15083 15087
15079 15082 15088
15088 15082 15086
15079 15088 15084
15074 15089 15076
15089 15074 15090
15091 15076 15089
15076 15091 15080
15092 15080 15091
15080 15092 15083
15093 15083 15092
15083 15093 15087
15088 15086 15094
15095 15086 15087
15093 15095 15087
15086 15095 15096
15096 15094 15086
15094 15096 15097
15095 15093 15098
15096 15099 15097
15089 15100 15091
15100 15089 15101
15102 15092 15091
15093 15092 15102
15102 15091 15100
15089 15090 15103
15089 15103 15101
15104 15103 15090
15090 15069 15104
15069 15090 15074
15071 15104 15069
15104 15071 15105
15105 15106 15104
15104 15106 15103
15106 15105 15107
15099 15096 15108
15109 15099 15108
15110 15109 15108
15109 15110 15111
15112 15109 15111
15112 15111 15098
15113 15112 15098
15098 15114 15113
15114 15098 15093
15093 15102 15114
15110 15095 15111
15095 15110 15108
15095 15098 15111
15095 15108 15096
15115 15116 15117
15118 15115 15117
15115 15118 15119
15118 15120 15119
15120 15118 15121
15122 15123 15124
15123 15122 15125
15126 15123 15125
15123 15126 15127
15126 15128 15127
15128 15126 15129
15129 15130 15128
15130 15129 15131
15132 15130 15131
15130 15132 15133
15134 15135 15136
15135 15134 15137
15138 15139 15140
15139 15138 15141
15142 15138 15140
15138 15142 15143
15143 15141 15138
15142 15140 15144
15140 15145 15144
15145 15146 15144
15142 15147 15143
15148 15143 15147
15143 15148 15149
15149 15148 15150
15150 15151 15149
15152 15149 15151
15153 15149 15152
15141 15143 15153
15153 15143 15149
15151 15150 15154
15154 15150 15155
15155 15156 15154
15156 15157 15154
15151 15154 15157
15158 15157 15156
15158 15159 15157
15159 15158 15160
15160 15161 15159
15161 15160 15162
15163 15161 15162
15161 15163 15164
15161 15164 15165
15159 15161 15165
15165 15166 15159
15157 15159 15166
15160 15167 15162
15167 15163 15162
15167 15160 15168
15163 15167 15169
15170 15169 15167
15169 15170 15171
15167 15172 15170
15172 15167 15168
15173 15160 15158
15160 15173 15168
15174 15164 15163
15169 15174 15163
15164 15174 15175
15164 15175 15176
15164 15176 15165
15174 15169 15177
15178 15170 15172
15170 15178 15179
15179 15171 15170
15180 15168 15173
15168 15180 15172
15171 15179 15181
15169 15182 15177
15182 15169 15171
15183 15172 15180
15172 15183 15178
15184 15179 15178
15183 15184 15178
15179 15184 15185
15171 15186 15182
15186 15171 15181
15187 15179 15185
15179 15187 15181
15187 15186 15181
15183 15188 15184
15173 15189 15180
15190 15175 15174
15177 15191 15174
15191 15177 15192
15187 15193 15186
15188 15194 15184
15187 15185 15194
15193 15187 15194
15194 15185 15184
15195 15180 15189
15180 15195 15196
15190 15174 15197
15197 15174 15191
15198 15196 15195
15196 15198 15199
15198 15200 15199
15189 15201 15195
15201 15198 15195
15201 15189 15202
15203 15202 15189
15189 15173 15203
15173 15204 15203
15204 15173 15158
15158 15205 15204
15158 15156 15205
15206 15203 15204
15203 15206 15207
15202 15203 15207
15204 15208 15206
15208 15204 15205
15205 15209 15208
15209 15205 15156
15156 15155 15209
15200 15210 15199
15210 15200 15211
15200 15212 15211
15213 15211 15212
15211 15213 15214
15213 15182 15214
15182 15213 15215
15215 15177 15182
15177 15215 15192
15216 15192 15215
15192 15216 15217
15218 15192 15217
15192 15218 15191
15219 15191 15218
15191 15219 15197
15220 15197 15219
15197 15220 15190
15220 15221 15190
15190 15221 15175
15221 15220 15222
15215 15223 15216
15223 15215 15213
15212 15223 15213
15222 15224 15221
15225 15224 15222
15224 15225 15226
15225 15227 15226
15227 15228 15226
15228 15227 15229
15228 15230 15226
15228 15229 15231
15224 15226 15232
15226 15230 15232
15232 15233 15224
15221 15233 15175
15224 15233 15221
15234 15230 15228
15234 15228 15235
15235 15228 15231
15235 15236 15234
15236 15235 15237
15231 15237 15235
15231 15238 15237
15237 15238 15239
15239 15238 15240
15233 15176 15175
15241 15242 15243
15242 15241 15244
15245 15243 15242
15243 15245 15246
15247 15241 15243
15248 15241 15247
15249 15243 15246
15243 15249 15250
15250 15247 15243
15247 15250 15251
15247 15252 15248
15252 15247 15251
15253 15250 15249
15250 15253 15254
15254 15251 15250
15255 15254 15253
15254 15255 15256
15256 15257 15254
15251 15254 15257
15257 15252 15251
15257 15256 15258
15252 15257 15259
15260 15259 15257
15260 15257 15258
15258 15261 15260
15262 15259 15260
15262 15260 15263
15263 15260 15261
15263 15261 15264
15265 15263 15264
15263 15265 15266
15259 15262 15267
15259 15267 15252
15252 15267 15268
15267 15269 15268
15270 15263 15266
15270 15262 15263
15262 15270 15271
15262 15271 15267
15267 15271 15269
15272 15269 15271
15272 15273 15269
15272 15274 15273
15275 15273 15274
15274 15272 15276
15276 15272 15271
15276 15271 15270
15277 15276 15270
15270 15278 15277
15270 15266 15278
15279 15278 15266
15279 15266 15265
15279 15280 15278
15280 15279 15281
15281 15282 15280
15282 15281 15283
15277 15278 15284
15276 15285 15274
15285 15276 15277
15286 15285 15277
15274 15287 15275
15275 15287 15288
15280 15282 15289
15278 15280 15289
15284 15278 15290
15290 15278 15289
15291 15286 15292
15293 15291 15292
15293 15294 15291
15295 15294 15293
15294 15295 15296
15297 15294 15296
15297 15298 15294
15294 15298 15291
15299 15297 15296
15297 15299 15300
15301 15300 15299
15301 15299 15302
15295 15293 15303
15303 15293 15304
15303 15304 15305
15274 15291 15306
15291 15307 15306
15307 15308 15306
15308 15307 15309
15309 15310 15308
15310 15309 15311
15312 15313 15314
15313 15312 15315
15316 15314 15313
15314 15316 15317
15316 15318 15317
15319 15318 15316
15318 15319 15320
15320 15319 15321
15322 15321 15319
15321 15322 15323
15324 15323 15322
15323 15324 15325
15326 15315 15312
15327 15315 15326
15328 15315 15327
15328 15327 15329
15329 15330 15328
15330 15329 15331
15332 15325 15324
15325 15332 15333
15334 15333 15332
15335 15321 15323
15321 15335 15336
15336 15320 15321
15320 15336 15337
15338 15320 15337
15320 15338 15318
15339 15318 15338
15318 15339 15317
15340 15317 15339
15317 15340 15314
15341 15314 15340
15314 15341 15312
15333 15334 15342
15323 15342 15335
15342 15323 15325
15343 15312 15341
15312 15343 15326
15343 15327 15326
15327 15343 15344
15344 15329 15327
15329 15344 15345
15345 15331 15329
15331 15345 15346
15347 15341 15340
15340 15348 15347
15349 15347 15348
15347 15349 15350
15351 15349 15348
15351 15352 15349
15352 15351 15353
15352 15353 15354
15354 15355 15352
15355 15354 15356
15356 15357 15355
15357 15356 15358
15358 15359 15357
15359 15358 15360
15360 15334 15359
15356 15342 15358
15360 15342 15334
15360 15358 15342
15342 15356 15335
15354 15335 15356
15335 15354 15336
15353 15336 15354
15336 15353 15337
15338 15353 15351
15353 15338 15337
15351 15339 15338
15334 15361 15359
15361 15334 15332
15339 15351 15348
15348 15340 15339
15333 15342 15325
15362 15363 15364
15363 15362 15365
15366 15367 15368
15367 15369 15368
15369 15367 15370
15371 15372 15373
15371 15373 15374
15374 15375 15371
15375 15376 15371
15376 15377 15371
15378 15379 15380
15379 15378 15381
15382 15383 15384
15385 15384 15383
15384 15385 15386
15385 15387 15386
15387 15385 15388
15389 15390 15391
15392 15390 15389
15390 15392 15393
15394 15395 15396
15397 15395 15394
15394 15398 15397
15397 15398 15399
15350 15400 15347
15400 15350 15401
15341 15347 15400
15401 15402 15400
15343 15400 15402
15400 15343 15341
15401 15403 15402
15403 15343 15402
15403 15401 15404
15343 15403 15344
15403 15345 15344
15345 15403 15405
15403 15404 15405
15404 15406 15405
15406 15404 15407
15346 15405 15406
15405 15346 15345
15408 15409 15410
15409 15408 15411
15412 15413 15414
15413 15412 15415
15416 15417 15418
15417 15416 15419
15417 15419 15420
15419 15421 15420
15422 15423 15424
15422 15424 15425
15422 15426 15423
15427 15428 15429
15428 15427 15430
15431 15427 15429
15427 15431 15432
15430 15433 15428
15433 15430 15434
15434 15435 15433
15435 15434 15436
15437 15435 15436
15435 15437 15438
15437 15439 15440
15439 15437 15441
15442 15443 15444
15443 15442 15445
15446 15447 15448
15446 15449 15447
15448 15450 15446
15448 15451 15450
15452 15453 15454
15453 15452 15455
15455 15452 15456
15457 15458 15459
15457 15460 15458
15461 15460 15457
15462 15463 15464
15463 15462 15465
15466 15467 15468
15467 15466 15469
15466 15470 15469
15470 15466 15471
15470 15471 15472
15470 15472 15473
15474 15475 15476
15475 15474 15477
15478 15479 15480
15479 15478 15481
15482 15483 15484
15483 15482 15485
15486 15487 15488
15486 15489 15487
15489 15486 15490
15491 15492 15493
15494 15493 15492
15493 15494 15495
15494 15496 15495
15496 15494 15497
15497 15498 15496
15498 15497 15499
15500 15501 15502
15502 15503 15500
15503 15502 15504
15504 15505 15503
15505 15504 15506
15507 15508 15509
15510 15509 15508
15509 15510 15511
15512 15511 15510
15511 15512 15513
15514 15515 15516
15515 15514 15517
15518 15516 15515
15516 15518 15519
15520 15521 15522
15521 15520 15523
15524 15525 15526
15525 15524 15527
15528 15529 15530
15529 15528 15531
14976 14987 14971
14567 15532 14546
14553 14567 14546
14546 15532 14544
15166 15533 15157
15151 15157 15533
15151 15533 15152
15201 15534 15198
15534 15200 15198
15212 15200 15535
15212 15535 15223
15188 15536 15194
15536 15193 15194
15537 15538 15539
15538 15537 15540
15541 15542 15543
15542 15541 15544
15543 15545 15541
15545 15543 15546
15547 15545 15546
15545 15547 15548
15549 15550 15551
15550 15549 15552
15553 15554 15555
15554 15553 15556
15557 15558 15559
15558 15557 15560
15561 15562 15563
15562 15561 15564
15565 15566 15567
15566 15565 15568
15569 15565 15567
15565 15569 15570
15571 15570 15569
15570 15571 15572
15573 15574 15575
15574 15573 15576
15252 15268 15248
15577 15578 9860
9810 9844 9807
9844 9802 9807
9844 9804 9802
9817 9756 9816
9816 9756 9687
10029 15579 10037
15579 10029 10028
