byte offset: 0
first index: 53745
index count: 18492
topology: trianglelist
format: DXGI_FORMAT_R16_UINT

15580 15581 15582
15581 15580 15583
15584 15585 15586
15585 15584 15587
15588 15589 15590
15589 15591 15590
15591 15589 15592
15588 15593 15589
15592 15589 15593
15588 15590 15594
15591 15594 15590
15594 15591 15595
15588 15594 15596
15597 15592 15593
15595 15598 15594
15598 15596 15594
15598 15595 15599
15600 15596 15598
15599 15600 15598
15600 15599 15601
15600 15602 15596
15601 15603 15600
15603 15602 15600
15603 15601 15604
15605 15602 15603
15604 15606 15603
15606 15605 15603
15606 15604 15607
15606 15608 15605
15607 15608 15606
15608 15607 15609
15608 15610 15605
15610 15608 15611
15609 15611 15608
15611 15609 15612
15613 15610 15611
15613 15614 15610
15611 15615 15613
15615 15611 15612
15616 15614 15613
15615 15616 15613
15614 15616 15617
15618 15619 15620
15619 15618 15621
15622 15620 15619
15623 15621 15618
15621 15623 15624
15618 15620 15625
15618 15625 15623
15626 15620 15622
15626 15625 15620
15627 15624 15623
15624 15627 15628
15625 15629 15623
15629 15627 15623
15630 15628 15627
15628 15630 15631
15625 15632 15629
15632 15625 15626
15627 15633 15630
15633 15627 15629
15630 15634 15631
15634 15630 15635
15633 15635 15630
15636 15629 15632
15629 15636 15633
15635 15633 15637
15635 15638 15634
15638 15635 15639
15640 15633 15636
15633 15640 15637
15635 15641 15639
15641 15635 15637
15642 15638 15639
15642 15639 15641
15638 15642 15643
15637 15644 15641
15644 15637 15640
15641 15645 15642
15645 15643 15642
15643 15645 15646
15644 15647 15641
15641 15648 15645
15648 15646 15645
15641 15647 15649
15648 15641 15649
15646 15648 15650
15649 15650 15648
15647 15644 15651
15647 15651 15652
15650 15649 15652
15652 15649 15647
15653 15654 15655
15656 15655 15654
15655 15656 15657
15653 15655 15658
15657 15658 15655
15653 15659 15654
15659 15656 15654
15656 15659 15660
15653 15661 15659
15662 15658 15657
15663 15660 15659
15663 15659 15661
15660 15663 15664
15665 15663 15661
15665 15664 15663
15664 15665 15666
15665 15661 15667
15668 15666 15665
15668 15665 15667
15666 15668 15669
15670 15668 15667
15671 15669 15668
15671 15668 15670
15669 15671 15672
15671 15670 15673
15673 15672 15671
15672 15673 15674
15673 15670 15675
15675 15676 15673
15676 15674 15673
15674 15676 15677
15678 15676 15675
15678 15675 15679
15676 15680 15677
15680 15676 15678
15681 15678 15679
15680 15678 15681
15679 15682 15681
15683 15684 15685
15684 15683 15686
15687 15684 15686
15685 15688 15683
15688 15685 15689
15683 15690 15686
15683 15688 15690
15691 15687 15686
15691 15686 15690
15689 15692 15688
15692 15689 15693
15690 15688 15694
15694 15688 15692
15693 15695 15692
15695 15693 15696
15690 15697 15691
15697 15690 15694
15692 15698 15694
15698 15692 15695
15699 15695 15696
15695 15699 15700
15698 15695 15700
15701 15694 15698
15694 15701 15697
15700 15702 15698
15703 15700 15699
15700 15703 15704
15705 15698 15702
15698 15705 15701
15700 15706 15702
15706 15700 15704
15703 15707 15704
15707 15706 15704
15707 15703 15708
15702 15709 15705
15709 15702 15706
15706 15707 15710
15708 15710 15707
15710 15708 15711
15709 15706 15712
15706 15710 15713
15711 15713 15710
15706 15714 15712
15713 15714 15706
15713 15711 15715
15715 15714 15713
15712 15716 15709
15712 15717 15716
15714 15715 15717
15717 15712 15714
15718 15719 15720
15719 15718 15721
15722 15719 15721
15723 15722 15721
15722 15723 15724
15725 15724 15723
15724 15725 15726
15727 15726 15725
15726 15727 15728
15729 15728 15727
15728 15729 15730
15731 15730 15729
15730 15731 15732
15733 15732 15731
15732 15733 15734
15735 15734 15733
15734 15735 15736
15737 15736 15735
15736 15737 15738
15739 15738 15737
15738 15739 15740
15741 15740 15739
15740 15741 15742
15743 15742 15741
15742 15743 15744
15745 15744 15743
15744 15745 15746
15747 15746 15745
15747 15745 15748
15747 15748 15749
15749 15750 15747
15751 15747 15750
15751 15746 15747
15752 15751 15750
15753 15752 15750
15754 15753 15750
15755 15754 15750
15755 15750 15749
15756 15753 15754
15757 15756 15754
15754 15755 15757
15753 15758 15752
15759 15758 15753
15756 15759 15753
15759 15760 15758
15756 15761 15759
15762 15761 15756
15763 15762 15756
15763 15756 15757
15764 15758 15760
15765 15752 15758
15764 15765 15758
15765 15766 15752
15752 15766 15751
15767 15766 15765
15768 15766 15767
15769 15767 15765
15769 15765 15764
15769 15764 15770
15771 15769 15770
15772 15768 15767
15767 15769 15772
15773 15772 15769
15769 15771 15773
15768 15774 15766
15774 15775 15766
15775 15774 15776
15751 15766 15775
15775 15776 15777
15775 15777 15746
15751 15775 15746
15777 15778 15746
15778 15777 15779
15779 15780 15778
15780 15779 15781
15781 15782 15780
15782 15781 15783
15783 15784 15782
15784 15783 15785
15785 15786 15784
15786 15785 15787
15787 15788 15786
15788 15787 15789
15789 15790 15788
15790 15789 15791
15791 15792 15790
15792 15791 15793
15793 15794 15792
15794 15793 15795
15795 15796 15794
15796 15795 15797
15797 15798 15796
15798 15797 15799
15799 15800 15798
15800 15799 15801
15800 15801 15802
15802 15801 15803
15803 15804 15802
15805 15806 15807
15807 15808 15805
15808 15807 15809
15809 15810 15808
15810 15809 15811
15811 15812 15810
15812 15811 15813
15813 15814 15812
15814 15813 15815
15815 15816 15814
15816 15815 15817
15817 15818 15816
15818 15817 15819
15819 15820 15818
15820 15819 15821
15821 15822 15820
15822 15821 15823
15823 15824 15822
15824 15823 15825
15825 15826 15824
15826 15825 15827
15827 15828 15826
15828 15827 15829
15829 15830 15828
15830 15829 15831
15831 15832 15830
15832 15831 15833
15834 15835 15836
15835 15834 15837
15837 15838 15835
15838 15837 15839
15839 15840 15838
15840 15839 15841
15841 15842 15840
15842 15841 15843
15843 15844 15842
15844 15843 15845
15845 15846 15844
15846 15845 15847
15847 15848 15846
15848 15847 15849
15849 15850 15848
15850 15849 15851
15852 15850 15851
15850 15852 15853
15854 15853 15852
15853 15854 15855
15856 15855 15854
15855 15856 15857
15858 15857 15856
15857 15858 15859
15858 15860 15859
15860 15858 15861
15861 15862 15860
15862 15861 15863
15864 15862 15863
15862 15864 15865
15866 15865 15864
15865 15866 15867
15866 15868 15867
15868 15866 15869
15869 15870 15868
15870 15869 15871
15871 15872 15870
15872 15871 15873
15873 15874 15872
15874 15873 15875
15876 15874 15875
15874 15876 15877
15878 15877 15876
15877 15878 15879
15880 15879 15878
15879 15880 15881
15882 15881 15880
15881 15882 15883
15884 15883 15882
15883 15884 15885
15886 15885 15884
15885 15886 15887
15888 15887 15886
15887 15888 15889
15890 15889 15888
15889 15890 15891
15892 15893 15894
15893 15892 15895
15893 15896 15894
15896 15893 15897
15898 15899 15900
15899 15898 15901
15898 15902 15901
15902 15898 15903
15903 15904 15902
15904 15903 15905
15905 15906 15904
15906 15905 15907
15907 15908 15906
15908 15907 15909
15909 15910 15908
15910 15909 15911
15911 15912 15910
15912 15911 15913
15914 15900 15899
15900 15914 15915
15916 15915 15914
15915 15916 15917
15918 15917 15916
15917 15918 15919
15920 15919 15918
15919 15920 15921
15922 15921 15920
15921 15922 15923
15924 15923 15922
15923 15924 15925
15926 15925 15924
15925 15926 15927
15928 15927 15926
15927 15928 15929
15930 15929 15928
15929 15930 15931
15932 15933 15934
15933 15932 15935
15935 15936 15933
15937 15936 15935
15936 15937 15938
15939 15938 15937
15938 15939 15940
15941 15940 15939
15940 15941 15942
15943 15942 15941
15942 15943 15944
15945 15944 15943
15944 15945 15946
15947 15946 15945
15946 15947 15948
15949 15948 15947
15948 15949 15950
15951 15950 15949
15950 15951 15952
15953 15952 15951
15952 15953 15954
15955 15954 15953
15954 15955 15956
15957 15956 15955
15956 15957 15958
15959 15958 15957
15958 15959 15960
15961 15962 15963
15962 15961 15964
15965 15961 15963
15961 15965 15966
15967 15968 15969
15968 15967 15970
15971 15968 15970
15968 15971 15972
15973 15972 15971
15972 15973 15974
15975 15974 15973
15974 15975 15976
15977 15976 15975
15976 15977 15978
15979 15978 15977
15978 15979 15980
15969 15981 15967
15981 15969 15982
15982 15983 15981
15983 15982 15984
15984 15985 15983
15985 15984 15986
15986 15987 15985
15987 15986 15988
15988 15989 15987
15989 15988 15990
15990 15991 15989
15991 15990 15992
15992 15993 15991
15993 15992 15994
15994 15995 15993
15995 15994 15996
15996 15997 15995
15997 15996 15998
15999 16000 16001
15980 15999 16001
15999 15980 15979
16002 16003 16004
16003 16002 16005
16006 16005 16002
16005 16006 16007
16008 16007 16006
16007 16008 16009
16010 16009 16008
16009 16010 16011
16010 16012 16011
16012 16010 16013
16014 16004 16003
16004 16014 16015
16014 16016 16015
16016 16014 16017
16017 16018 16016
16018 16017 16019
16020 16018 16019
16018 16020 16021
16013 16022 16012
16022 16013 16023
16024 16022 16023
16022 16024 16025
16026 16025 16024
16025 16026 16027
16015 16016 16028
16024 16029 16026
16029 16024 16030
16030 16024 16023
16021 16031 16018
16031 16016 16018
16016 16031 16028
16031 16021 16032
16033 16034 16035
16034 16033 16036
16037 16035 16034
16035 16037 16038
16039 16038 16037
16038 16039 16040
16041 16036 16033
16036 16041 16042
16043 16040 16039
16033 16044 16041
16044 16045 16041
16042 16041 16045
16046 16042 16045
16045 16044 16047
16048 16047 16044
16047 16048 16049
16044 16050 16048
16050 16044 16051
16052 16050 16051
16050 16052 16053
16054 16053 16052
16053 16054 16055
16056 16049 16048
16049 16056 16057
16048 16058 16056
16058 16048 16050
16050 16059 16058
16059 16050 16053
16055 16059 16053
16059 16055 16060
16061 16060 16055
16060 16061 16062
16063 16062 16061
16061 16064 16063
16064 16061 16065
16055 16065 16061
16065 16055 16054
16066 16063 16064
16063 16066 16067
16062 16063 16068
16067 16068 16063
16068 16067 16069
16054 16040 16065
16043 16065 16040
16065 16043 16064
16070 16064 16043
16064 16070 16066
16070 16043 16071
16071 16043 16072
16071 16072 16073
16072 16074 16073
16074 16072 16075
16073 16076 16071
16077 16074 16075
16077 16078 16074
16078 16077 16079
16080 16079 16077
16080 16077 16075
16079 16080 16081
16081 16082 16079
16078 16079 16083
16079 16082 16083
16084 16078 16083
16085 16078 16084
16085 16073 16086
16078 16085 16086
16074 16078 16086
16074 16086 16073
16082 16087 16083
16084 16083 16087
16073 16085 16088
16089 16073 16088
16073 16089 16076
16082 16081 16090
16090 16091 16082
16091 16090 16046
16092 16082 16091
16093 16082 16092
16093 16087 16082
16093 16092 16094
16095 16093 16094
16093 16095 16096
16096 16087 16093
16097 16096 16095
16096 16097 16098
16098 16099 16096
16087 16096 16099
16099 16098 16100
16101 16100 16098
16097 16101 16098
16097 16102 16101
16100 16101 16103
16103 16104 16100
16103 16105 16104
16106 16104 16105
16104 16106 16107
16108 16107 16106
16107 16108 16109
16100 16110 16099
16100 16104 16110
16110 16104 16111
16111 16104 16107
16099 16110 16084
16111 16084 16110
16084 16111 16085
16085 16111 16112
16111 16107 16112
16109 16112 16107
16109 16113 16112
16112 16113 16088
16085 16112 16088
16113 16089 16088
16099 16084 16087
16114 16115 16116
16115 16114 16117
16116 16118 16114
16118 16116 16119
16116 16120 16119
16120 16116 16121
16115 16121 16116
16121 16122 16120
16123 16120 16122
16120 16123 16124
16124 16119 16120
16122 16121 16125
16122 16126 16123
16123 16126 16127
16127 16124 16123
16128 16127 16126
16127 16128 16129
16129 16130 16127
16124 16127 16130
16130 16129 16131
16131 16132 16130
16132 16131 16133
16133 16134 16132
16134 16133 16135
16135 16136 16134
16136 16135 16137
16138 16136 16137
16136 16138 16139
16138 16140 16139
16140 16141 16139
16142 16128 16126
16128 16142 16143
16139 16141 16144
16145 16139 16144
16139 16145 16146
16146 16134 16136
16136 16139 16146
16145 16147 16146
16134 16146 16147
16147 16145 16118
16118 16148 16147
16148 16118 16119
16119 16124 16148
16145 16114 16118
16114 16145 16149
16144 16149 16145
16144 16150 16149
16150 16144 16151
16149 16117 16114
16117 16149 16150
16132 16147 16148
16147 16132 16134
16148 16130 16132
16130 16148 16124
16150 16152 16117
16152 16150 16153
16150 16151 16153
16152 16115 16117
16115 16152 16154
16154 16155 16115
16121 16115 16155
16155 16125 16121
16125 16155 16156
16157 16125 16156
16156 16158 16157
16157 16122 16125
16126 16122 16157
16157 16142 16126
16159 16142 16157
16159 16157 16158
16155 16154 16160
16160 16156 16155
16156 16160 16161
16161 16158 16156
16162 16152 16153
16153 16163 16162
16164 16162 16163
16162 16164 16165
16164 16166 16165
16164 16167 16166
16168 16167 16164
16169 16167 16168
16167 16169 16170
16171 16164 16163
16164 16171 16168
16168 16172 16169
16172 16168 16171
16173 16165 16166
16174 16165 16173
16173 16175 16174
16176 16174 16175
16174 16176 16177
16177 16165 16174
16175 16173 16178
16175 16179 16176
16179 16175 16180
16178 16180 16175
16180 16181 16179
16181 16180 16182
16180 16183 16182
16178 16183 16180
16183 16184 16182
16184 16181 16182
16184 16183 16185
16181 16184 16186
16187 16186 16184
16185 16187 16184
16188 16187 16185
16186 16187 16189
16154 16177 16176
16177 16154 16152
16152 16162 16177
16165 16177 16162
16161 16179 16181
16179 16161 16160
16176 16160 16154
16160 16176 16179
16189 16158 16186
16181 16158 16161
16158 16181 16186
16158 16189 16159
16190 16191 16151
16192 16191 16190
16192 16190 16193
16193 16190 16141
16144 16141 16190
16144 16190 16151
16141 16140 16193
16193 16140 16194
16140 16195 16194
16194 16195 16196
16197 16196 16195
16140 16197 16195
16196 16197 16198
16199 16198 16197
16197 16200 16199
16200 16201 16199
16201 16200 16202
16202 16203 16201
16203 16202 16204
16204 16205 16203
16205 16204 16206
16206 16207 16205
16207 16206 16208
16200 16197 16209
16208 16210 16207
16210 16208 16211
16211 16212 16210
16212 16211 16143
16213 16210 16212
16210 16213 16214
16214 16207 16210
16207 16214 16215
16215 16205 16207
16215 16214 16216
16217 16203 16205
16205 16215 16217
16217 16215 16218
16218 16215 16216
16216 16219 16218
16216 16220 16219
16220 16216 16221
16214 16221 16216
16221 16214 16213
16218 16222 16217
16222 16218 16223
16223 16224 16222
16224 16223 16225
16203 16217 16222
16222 16201 16203
16201 16222 16224
16226 16201 16224
16224 16225 16226
16226 16225 16227
16226 16227 16198
16201 16226 16199
16198 16199 16226
16228 16219 16220
16219 16228 16229
16229 16218 16219
16223 16230 16225
16230 16223 16231
16223 16232 16231
16232 16223 16218
16218 16229 16232
16225 16233 16227
16233 16225 16230
16234 16227 16233
16227 16234 16235
16236 16227 16235
16198 16227 16236
16237 16236 16235
16236 16237 16238
16235 16239 16237
16239 16235 16234
16238 16196 16236
16196 16198 16236
16196 16238 16240
16196 16240 16194
16241 16232 16229
16241 16231 16232
16242 16241 16229
16229 16243 16242
16243 16229 16228
16242 16244 16241
16244 16242 16245
16242 16246 16245
16246 16242 16243
16247 16245 16246
16245 16247 16248
16249 16245 16248
16244 16245 16249
16248 16250 16249
16249 16250 16251
16252 16251 16250
16253 16251 16252
16244 16254 16241
16231 16241 16254
16254 16244 16255
16244 16249 16255
16249 16251 16255
16256 16251 16253
16251 16256 16257
16251 16257 16255
16258 16231 16254
16231 16258 16230
16259 16254 16255
16254 16259 16258
16259 16255 16257
16260 16256 16253
16261 16259 16257
16262 16257 16256
16257 16262 16261
16263 16256 16260
16256 16263 16262
16264 16230 16258
16230 16264 16233
16265 16258 16259
16258 16265 16264
16265 16259 16261
16266 16265 16261
16267 16261 16262
16261 16267 16266
16268 16262 16263
16262 16268 16267
16269 16233 16264
16233 16269 16234
16270 16264 16265
16264 16270 16269
16270 16265 16266
16271 16270 16266
16272 16266 16267
16266 16272 16271
16269 16239 16234
16273 16269 16270
16273 16270 16271
16273 16239 16269
16274 16267 16268
16267 16274 16272
16275 16273 16271
16276 16271 16272
16271 16276 16275
16277 16272 16274
16272 16277 16276
16140 16209 16197
16209 16140 16138
16137 16209 16138
16209 16137 16200
16137 16202 16200
16202 16137 16135
16135 16204 16202
16204 16135 16133
16133 16206 16204
16206 16133 16131
16131 16208 16206
16208 16131 16129
16129 16211 16208
16211 16129 16128
16128 16143 16211
16171 16192 16172
16192 16171 16191
16163 16191 16171
16191 16163 16151
16163 16153 16151
16044 16033 16051
16035 16051 16033
16051 16035 16052
16038 16052 16035
16052 16038 16054
16040 16054 16038
16072 16037 16075
16037 16072 16039
16034 16075 16037
16075 16034 16080
16034 16081 16080
16081 16034 16036
16036 16090 16081
16090 16036 16042
16072 16043 16039
16046 16090 16042
16278 16279 16280
16279 16278 16281
16279 16281 16282
16282 16281 16283
16278 16280 16284
16278 16285 16281
16283 16281 16286
16283 16286 16287
16281 16288 16286
16288 16281 16285
16288 16289 16286
16288 16290 16289
16290 16291 16289
16291 16290 16292
16293 16292 16290
16293 16290 16288
16294 16293 16288
16285 16294 16288
16292 16295 16291
16292 16296 16295
16297 16296 16292
16292 16298 16297
16293 16298 16292
16299 16296 16297
16295 16296 16300
16301 16300 16296
16299 16301 16296
16299 16302 16301
16302 16303 16301
16303 16300 16301
16303 16302 16304
16305 16304 16302
16304 16305 16306
16306 16056 16304
16056 16306 16057
16058 16304 16056
16304 16058 16303
16058 16307 16303
16300 16303 16307
16307 16058 16059
16060 16307 16059
16307 16060 16308
16309 16300 16307
16307 16308 16309
16310 16300 16309
16295 16300 16310
16311 16308 16060
16311 16060 16062
16068 16311 16062
16311 16068 16312
16312 16068 16313
16068 16069 16313
16314 16312 16313
16309 16308 16315
16315 16308 16311
16312 16315 16311
16310 16309 16316
16309 16315 16316
16314 16317 16312
16295 16310 16318
16318 16291 16295
16319 16315 16312
16319 16312 16317
16315 16319 16316
16320 16317 16314
16317 16320 16321
16321 16319 16317
16291 16318 16322
16319 16321 16323
16323 16316 16319
16322 16318 16324
16316 16323 16325
16318 16325 16324
16325 16310 16316
16310 16325 16318
16326 16321 16320
16321 16326 16327
16327 16323 16321
16328 16322 16324
16289 16322 16328
16289 16291 16322
16323 16327 16329
16329 16325 16323
16325 16329 16324
16328 16324 16330
16328 16330 16331
16286 16289 16328
16286 16328 16331
16287 16286 16331
16302 16332 16333
16305 16302 16333
16334 16305 16333
16299 16332 16302
16335 16336 16337
16335 16338 16336
16338 16335 16339
16339 16340 16338
16336 16341 16337
16341 16342 16337
16342 16343 16337
16343 16342 16344
16344 16342 16345
16345 16346 16344
16345 16347 16346
16348 16346 16347
16348 16347 16349
16350 16351 16352
16353 16354 16355
16354 16353 16356
16357 16353 16355
16353 16357 16358
16359 16360 16361
16362 16359 16361
16359 16362 16363
16364 16365 16366
16364 16367 16365
16368 16369 16370
16369 16371 16370
16371 16369 16372
16372 16373 16371
16373 16372 16374
16373 16374 16375
16376 16377 16378
16377 16376 16379
16377 16380 16378
16380 16377 16381
16381 16382 16380
16382 16381 16383
16383 16384 16382
16384 16383 16385
16386 16384 16385
16384 16386 16387
16388 16387 16386
16387 16388 16389
16390 16391 16392
16391 16390 16393
16394 16395 16396
16396 16397 16394
16397 16398 16394
16399 16396 16395
16400 16399 16395
16400 16395 16401
16397 16396 16402
16402 16396 16399
16402 16399 16400
16398 16397 16402
16403 16400 16401
16403 16401 16404
16405 16402 16400
16405 16400 16403
16404 16406 16403
16406 16404 16407
16408 16405 16403
16408 16403 16406
16407 16409 16406
16409 16407 16410
16411 16408 16406
16409 16410 16412
16412 16410 16413
16414 16406 16409
16406 16414 16411
16409 16412 16415
16414 16409 16415
16416 16417 16418
16417 16416 16419
16420 16421 16422
16421 16420 16423
16424 16422 16421
16422 16424 16425
16424 16426 16425
16426 16424 16427
16427 16428 16426
16428 16427 16429
16420 16430 16423
16430 16420 16431
16432 16433 16434
16433 16432 16435
16436 16432 16434
16432 16436 16437
16438 16437 16436
16437 16438 16439
16440 16439 16438
16439 16440 16441
16442 16443 16444
16442 16445 16443
16444 16446 16442
16447 16446 16444
16444 16448 16447
16449 16447 16448
16448 16450 16449
16442 16451 16445
16451 16442 16446
16451 16446 16447
16450 16452 16449
16450 16453 16452
16447 16449 16454
16447 16454 16451
16452 16454 16449
16453 16455 16452
16452 16456 16454
16457 16456 16452
16452 16455 16457
16453 16458 16455
16458 16453 16459
16455 16460 16457
16459 16461 16458
16461 16459 16462
16455 16458 16463
16455 16463 16460
16464 16461 16462
16465 16458 16461
16458 16465 16466
16458 16466 16463
16461 16464 16467
16461 16467 16468
16469 16465 16461
16468 16469 16461
16470 16471 16472
16471 16470 16473
16471 16474 16472
16474 16471 16475
16476 16477 16478
16476 16479 16477
16480 16476 16478
16480 16478 16481
16482 16483 16484
16483 16482 16485
16484 16486 16482
16486 16484 16487
16487 16484 16488
16487 16489 16486
16489 16490 16486
16489 16491 16490
16491 16489 16492
16489 16493 16492
16489 16494 16493
16495 16494 16489
16489 16496 16495
16489 16497 16496
16498 16497 16489
16499 16497 16498
16497 16499 16500
16501 16500 16499
16500 16501 16502
16488 16503 16487
16504 16487 16503
16487 16504 16505
16504 16498 16505
16498 16504 16506
16498 16506 16507
16507 16499 16498
16508 16509 16510
16510 16509 16511
16510 16511 16512
16513 16512 16511
16508 16510 16514
16510 16515 16514
16510 16512 16515
16516 16515 16512
16517 16512 16513
16512 16517 16518
16519 16518 16517
16518 16519 16520
16521 16518 16520
16518 16521 16522
16512 16522 16516
16522 16512 16518
16523 16520 16519
16520 16523 16524
16523 16525 16524
16524 16525 16526
16526 16520 16524
16520 16526 16521
16527 16528 16529
16528 16527 16530
16529 16531 16527
16531 16529 16532
16532 16533 16531
16533 16532 16534
16535 16536 16537
16536 16535 16538
16539 16538 16535
16538 16539 16540
16541 16537 16536
16537 16541 16542
16541 16543 16542
16543 16541 16544
16544 16545 16543
16545 16544 16546
16545 16547 16543
16548 16543 16547
16543 16548 16549
16547 16545 16550
16548 16551 16549
16551 16548 16552
16552 16553 16551
16553 16552 16554
16554 16555 16553
16555 16554 16556
16557 16558 16559
16558 16557 16560
16561 16562 16563
16561 16564 16562
16565 16561 16563
16565 16563 16566
16563 16567 16566
16568 16569 16570
16569 16568 16571
16572 16568 16570
16568 16572 16573
16574 16573 16572
16573 16574 16575
16574 16576 16575
16576 16574 16577
16578 16579 16580
16579 16578 16581
16578 16582 16581
16582 16578 16583
16584 16585 16586
16584 16587 16585
16587 16584 16588
16589 16590 16591
16592 16591 16590
16591 16592 16593
16594 16593 16592
16593 16594 16595
16594 16596 16595
16597 16598 16599
16598 16597 16600
16601 16598 16600
16598 16601 16602
16603 16602 16601
16602 16603 16604
16605 16604 16603
16604 16605 16606
16605 16607 16606
16607 16605 16608
16608 16609 16607
16609 16608 16610
16611 16612 16613
16612 16611 16614
16615 16616 16617
16616 16615 16618
16618 16615 16619
16620 16617 16616
16621 16617 16620
16621 16622 16617
16618 16623 16616
16623 16620 16616
16623 16621 16620
16619 16623 16618
16624 16622 16621
16624 16625 16622
16626 16621 16623
16626 16624 16621
16627 16625 16624
16625 16627 16628
16629 16624 16626
16629 16627 16624
16630 16628 16627
16628 16630 16631
16632 16627 16629
16630 16633 16631
16633 16634 16631
16635 16627 16632
16627 16635 16630
16630 16636 16633
16635 16636 16630
16637 16638 16639
16638 16637 16640
16641 16642 16643
16642 16641 16644
16644 16645 16642
16645 16644 16646
16647 16645 16646
16645 16647 16648
16649 16648 16647
16648 16649 16650
16651 16641 16643
16641 16651 16652
16653 16654 16655
16654 16653 16656
16653 16657 16656
16657 16653 16658
16658 16659 16657
16659 16658 16660
16660 16661 16659
16661 16660 16662
16663 16664 16665
16663 16665 16666
16664 16663 16667
16668 16664 16667
16664 16668 16669
16670 16669 16668
16669 16670 16671
16663 16666 16672
16672 16667 16663
16672 16668 16667
16671 16670 16673
16671 16673 16674
16668 16675 16670
16668 16672 16675
16673 16670 16675
16674 16673 16676
16673 16675 16677
16678 16676 16673
16673 16677 16678
16679 16674 16676
16674 16679 16680
16681 16680 16679
16680 16681 16682
16683 16682 16681
16679 16684 16681
16684 16679 16685
16681 16686 16683
16681 16687 16686
16688 16681 16684
16687 16681 16688
16676 16678 16689
16676 16689 16690
16690 16685 16679
16676 16690 16679
16691 16692 16693
16692 16691 16694
16695 16692 16694
16692 16695 16696
16697 16698 16699
16697 16699 16700
16701 16698 16697
16701 16702 16698
16703 16704 16705
16704 16703 16706
16707 16706 16703
16706 16707 16708
16709 16708 16707
16708 16709 16710
16711 16712 16713
16712 16711 16714
16715 16716 16717
16715 16717 16718
16719 16716 16715
16719 16720 16716
16716 16720 16721
16722 16723 16724
16723 16722 16725
16722 16726 16725
16726 16722 16727
16727 16728 16726
16728 16727 16729
16730 16728 16729
16728 16730 16731
16732 16733 16734
16733 16732 16735
16735 16736 16733
16736 16735 16737
16738 16734 16733
16734 16738 16739
16740 16733 16736
16733 16740 16738
16741 16734 16739
16734 16741 16742
16742 16732 16734
16732 16742 16743
16744 16738 16740
16738 16744 16745
16746 16745 16744
16746 16744 16747
16748 16746 16747
16746 16748 16749
16750 16749 16748
16749 16750 16751
16750 16752 16751
16752 16750 16753
16754 16752 16753
16752 16754 16755
16756 16755 16754
16755 16756 16757
16756 16758 16757
16758 16756 16759
16760 16759 16756
16759 16760 16761
16762 16756 16754
16756 16762 16760
16763 16761 16760
16761 16763 16764
16765 16760 16762
16760 16765 16763
16766 16753 16750
16753 16766 16767
16762 16768 16765
16768 16762 16769
16767 16768 16769
16770 16765 16768
16765 16770 16771
16757 16758 16772
16754 16769 16762
16753 16769 16754
16767 16769 16753
16773 16764 16763
16774 16764 16773
16773 16763 16775
16765 16776 16763
16763 16776 16775
16776 16765 16771
16750 16777 16766
16748 16777 16750
16747 16777 16748
16777 16747 16778
16747 16779 16778
16744 16779 16747
16744 16780 16779
16780 16744 16781
16777 16778 16782
16778 16779 16782
16782 16783 16777
16784 16777 16783
16782 16779 16785
16780 16785 16779
16781 16786 16780
16783 16782 16787
16788 16787 16782
16785 16788 16782
16789 16786 16781
16785 16780 16790
16786 16790 16780
16788 16785 16791
16792 16785 16790
16793 16791 16785
16793 16785 16792
16790 16786 16794
16794 16786 16789
16794 16789 16795
16784 16796 16766
16766 16796 16767
16767 16796 16797
16797 16768 16767
16768 16797 16770
16766 16777 16784
16798 16755 16757
16799 16755 16798
16755 16799 16752
16799 16751 16752
16751 16799 16800
16751 16800 16749
16798 16757 16772
16801 16749 16800
16801 16746 16749
16798 16802 16799
16802 16798 16803
16772 16803 16798
16799 16804 16800
16804 16799 16802
16800 16805 16801
16805 16800 16804
16803 16772 16806
16807 16746 16801
16808 16807 16801
16808 16801 16805
16741 16807 16808
16807 16741 16739
16738 16807 16739
16807 16738 16745
16807 16745 16746
16772 16809 16806
16809 16772 16810
16810 16772 16811
16810 16811 16812
16813 16812 16811
16758 16813 16811
16813 16758 16759
16812 16813 16814
16759 16815 16813
16815 16759 16761
16814 16816 16812
16816 16814 16817
16813 16818 16814
16818 16813 16815
16819 16816 16817
16816 16819 16820
16761 16821 16815
16821 16761 16764
16819 16822 16820
16822 16819 16823
16815 16824 16818
16824 16815 16821
16817 16825 16819
16825 16817 16826
16827 16818 16824
16818 16827 16828
16826 16817 16828
16826 16828 16827
16824 16829 16827
16829 16824 16830
16831 16816 16820
16812 16816 16831
16831 16810 16812
16820 16832 16831
16820 16822 16832
16833 16822 16823
16823 16834 16833
16833 16834 16835
16833 16835 16836
16835 16834 16837
16838 16826 16827
16827 16829 16838
16834 16839 16837
16840 16839 16834
16834 16823 16840
16823 16819 16840
16819 16825 16840
16825 16826 16841
16826 16838 16841
16835 16837 16842
16842 16843 16835
16840 16844 16839
16839 16844 16837
16845 16825 16841
16825 16845 16840
16845 16846 16840
16844 16840 16846
16844 16847 16837
16842 16837 16847
16843 16842 16848
16846 16849 16844
16850 16844 16849
16847 16844 16850
16851 16843 16848
16847 16852 16842
16848 16842 16852
16850 16853 16847
16854 16852 16847
16855 16847 16853
16855 16854 16847
16852 16856 16848
16856 16851 16848
16856 16857 16851
16858 16732 16859
16732 16858 16735
16860 16735 16858
16735 16860 16737
16859 16861 16858
16861 16859 16862
16863 16858 16861
16858 16863 16860
16859 16864 16862
16864 16859 16865
16732 16865 16859
16865 16732 16743
16861 16835 16863
16835 16861 16836
16866 16861 16862
16861 16866 16836
16864 16866 16862
16866 16864 16867
16867 16868 16866
16866 16833 16836
16866 16868 16833
16868 16822 16833
16868 16832 16822
16869 16832 16868
16867 16869 16868
16832 16869 16870
16870 16831 16832
16831 16870 16871
16871 16810 16831
16810 16871 16809
16811 16772 16758
16817 16814 16828
16814 16818 16828
16872 16821 16764
16774 16872 16764
16872 16873 16821
16821 16873 16874
16824 16821 16874
16874 16830 16824
16875 16876 16877
16876 16875 16878
16879 16877 16876
16877 16879 16880
16875 16877 16881
16880 16881 16877
16882 16875 16881
16879 16883 16880
16884 16882 16881
16882 16884 16885
16886 16884 16881
16880 16886 16881
16887 16886 16880
16883 16887 16880
16887 16883 16888
16889 16888 16883
16890 16889 16883
16879 16890 16883
16887 16888 16891
16892 16876 16878
16876 16892 16893
16893 16879 16876
16879 16893 16894
16892 16895 16893
16894 16893 16895
16896 16895 16892
16896 16897 16895
16897 16896 16898
16899 16895 16897
16894 16895 16899
16900 16894 16899
16901 16894 16900
16879 16894 16901
16879 16901 16890
16890 16901 16902
16900 16903 16901
16902 16901 16903
16900 16904 16903
16902 16905 16906
16906 16905 16907
16906 16907 16908
16889 16906 16908
16909 16908 16907
16905 16909 16907
16908 16909 16910
16909 16911 16910
16911 16909 16912
16912 16913 16911
16913 16912 16914
16909 16905 16915
16916 16909 16915
16909 16916 16912
16917 16912 16916
16912 16917 16914
16890 16906 16889
16890 16902 16906
16918 16919 16920
16918 16921 16919
16920 16922 16918
16922 16923 16918
16918 16923 16924
16918 16924 16921
16922 16925 16923
16925 16924 16923
16925 16922 16926
16924 16925 16927
16926 16928 16925
16928 16927 16925
16928 16926 16929
16927 16928 16930
16929 16931 16928
16931 16930 16928
16931 16929 16932
16930 16931 16933
16932 16929 16934
16934 16935 16932
16935 16934 16936
16937 16936 16934
16929 16937 16934
16937 16929 16926
16936 16937 16938
16937 16939 16938
16939 16937 16940
16926 16940 16937
16941 16939 16940
16941 16942 16939
16942 16941 16943
16944 16942 16943
16939 16942 16944
16939 16944 16945
16945 16938 16939
16938 16945 16946
16946 16936 16938
16936 16946 16947
16947 16935 16936
16935 16947 16948
16948 16949 16935
16949 16950 16935
16935 16950 16932
16931 16932 16950
16931 16950 16951
16952 16931 16951
16933 16931 16952
16953 16933 16952
16951 16953 16952
16933 16953 16954
16951 16950 16955
16953 16951 16956
16955 16956 16951
16950 16957 16955
16957 16950 16958
16949 16958 16950
16956 16955 16959
16958 16949 16960
16961 16949 16948
16961 16948 16962
16948 16963 16962
16964 16963 16948
16963 16964 16965
16966 16965 16964
16965 16966 16967
16968 16967 16966
16967 16968 16969
16969 16970 16967
16970 16965 16967
16970 16969 16971
16972 16971 16969
16972 16969 16973
16973 16974 16972
16975 16974 16973
16969 16975 16973
16969 16968 16975
16965 16970 16976
16976 16963 16965
16963 16976 16977
16977 16976 16978
16970 16978 16976
16978 16979 16977
16979 16978 16980
16981 16980 16978
16971 16981 16970
16978 16970 16981
16980 16981 16982
16983 16982 16981
16983 16971 16972
16981 16971 16983
16982 16983 16984
16985 16982 16984
16982 16985 16986
16986 16980 16982
16980 16986 16987
16987 16979 16980
16979 16987 16988
16979 16989 16977
16963 16977 16989
16988 16990 16979
16979 16991 16989
16990 16991 16979
16988 16992 16990
16992 16991 16990
16992 16988 16993
16991 16994 16989
16991 16992 16995
16995 16994 16991
16996 16989 16994
16989 16996 16997
16962 16963 16989
16997 16962 16989
16994 16995 16998
16962 16997 16999
17000 16962 16999
16962 17000 16961
17000 16949 16961
16949 17000 16960
17001 17002 17003
17004 17001 17003
17001 17004 17005
17001 17005 17006
17007 17006 17005
17008 17006 17007
17007 17009 17008
17009 17010 17008
17011 17010 17009
17011 17012 17010
17012 17011 17013
17013 17014 17012
17014 17013 17015
17016 17014 17015
17016 17015 17017
17018 17007 17005
17019 17020 17021
17020 17022 17021
17022 17020 17023
17024 17022 17023
17022 17024 17025
17026 17025 17024
17025 17026 17027
17028 17029 17030
17028 17030 17031
17032 17033 17034
17032 17035 17033
17035 17036 17033
17036 17037 17033
17038 17039 17040
17038 17041 17039
17041 17038 17042
17043 17041 17042
17041 17043 17044
17043 17045 17044
16922 16941 16940
16922 16920 16941
16940 16926 16922
17046 17047 17048
17047 17046 17049
17050 17048 17047
17048 17050 17051
17052 17051 17050
17051 17052 17053
17054 17053 17052
17053 17054 17055
17056 17053 17055
17053 17056 17057
17057 17051 17053
17051 17057 17058
17058 17048 17051
17048 17058 17059
17059 17046 17048
17046 17059 17060
17056 17055 17061
17054 17061 17055
17062 17063 17064
17063 17062 17065
17062 17066 17065
17066 17062 17067
17068 17064 17063
17069 17068 17063
17065 17070 17063
17070 17065 17071
17066 17071 17065
17071 17066 17072
17069 17073 17068
17074 17063 17070
17063 17074 17069
17075 17073 17069
17073 17075 17076
17067 17077 17066
17077 17072 17066
17077 17067 17078
17072 17077 17079
17080 17069 17074
17069 17080 17075
17081 17070 17071
17076 17075 17082
17072 17083 17071
17071 17083 17081
17083 17084 17081
17084 17083 17085
17076 17082 17086
17087 17081 17084
17081 17087 17088
17088 17070 17081
17088 17074 17070
17089 17084 17085
17090 17085 17083
17085 17090 17091
17091 17089 17085
17090 17083 17072
17090 17072 17079
17089 17091 17092
17093 17087 17084
17089 17093 17084
17094 17088 17087
17088 17094 17095
17095 17074 17088
17090 17096 17091
17096 17092 17091
17096 17090 17097
17092 17096 17098
17093 17099 17087
17100 17074 17095
17080 17074 17100
17079 17097 17090
17101 17080 17100
17075 17080 17101
17082 17075 17101
17095 17094 17102
17095 17102 17100
17079 17103 17097
17103 17079 17077
17103 17077 17104
17078 17104 17077
17104 17078 17105
17106 17104 17105
17104 17106 17107
17103 17104 17107
17108 17103 17107
17109 17103 17108
17103 17109 17097
17110 17097 17109
17111 17097 17110
17097 17111 17096
17111 17098 17096
17098 17111 17112
17110 17109 17113
17108 17113 17109
17114 17111 17110
17110 17113 17114
17111 17114 17115
17115 17112 17111
17112 17115 17116
17117 17107 17106
17107 17117 17108
17117 17113 17108
17114 17118 17115
17114 17113 17118
17118 17116 17115
17112 17119 17098
17116 17119 17112
17098 17119 17092
17092 17119 17120
17089 17092 17120
17089 17120 17121
17089 17121 17093
17093 17121 17122
17099 17093 17122
17122 17123 17099
17123 17124 17099
17124 17087 17099
17087 17124 17094
17102 17094 17124
17125 17102 17124
17126 17117 17106
17126 17106 17127
17105 17127 17106
17128 17127 17105
17127 17128 17126
17105 17129 17128
17130 17128 17129
17131 17130 17129
17131 17132 17130
17132 17131 17133
17131 17134 17133
17130 17132 17135
17133 17134 17136
17136 17134 17137
17138 17130 17135
17128 17130 17138
17062 17137 17134
17136 17137 17139
17067 17134 17131
17134 17067 17062
17139 17137 17064
17064 17137 17062
17139 17064 17068
17129 17078 17131
17131 17078 17067
17078 17129 17105
17128 17138 17140
17140 17141 17128
17141 17140 17142
17126 17128 17141
17143 17144 17145
17145 17146 17143
17144 17143 17147
17144 17147 17148
17149 17148 17147
17149 17150 17148
17151 17152 17153
17153 17152 17154
17153 17154 17155
17113 17117 17156
17118 17113 17156
17157 17158 17159
17158 17157 17160
17159 17158 17161
17162 17157 17159
17159 17161 17163
17161 17164 17163
17163 17165 17159
17163 17164 17166
17167 17162 17159
17167 17159 17165
17168 17165 17163
17168 17163 17166
17167 17169 17162
17166 17170 17168
17171 17167 17165
17165 17168 17171
17167 17172 17169
17171 17172 17167
17168 17170 17173
17168 17173 17171
17172 17174 17169
17170 17175 17173
17176 17174 17172
17172 17171 17177
17175 17178 17173
17173 17179 17171
17179 17173 17178
17171 17179 17177
17180 17172 17177
17177 17179 17180
17181 17176 17172
17175 17182 17178
17172 17180 17183
17181 17172 17183
17182 17184 17178
17184 17179 17178
17179 17185 17180
17184 17182 17186
17184 17187 17179
17179 17187 17185
17184 17186 17188
17187 17184 17188
17189 17181 17183
17190 17183 17180
17190 17189 17183
17191 17180 17185
17191 17185 17187
17180 17191 17190
17186 17192 17188
17187 17188 17193
17192 17193 17188
17187 17193 17194
17195 17191 17187
17195 17187 17194
17190 17196 17189
17194 17193 17197
17198 17190 17191
17198 17196 17190
17199 17191 17195
17199 17198 17191
17195 17194 17200
17201 17200 17194
17201 17194 17197
17197 17202 17201
17197 17203 17202
17203 17197 17204
17204 17193 17192
17193 17204 17197
17205 17195 17200
17205 17199 17195
17206 17200 17201
17200 17207 17205
17200 17206 17207
17208 17209 17210
17208 17211 17209
17212 17208 17210
17212 17210 17213
17213 17214 17212
17213 17215 17214
16278 16284 17216
16278 17216 17217
16278 17217 16285
17217 17218 16285
17218 16294 16285
17219 16294 17218
16293 16294 17219
17220 17221 17222
17220 17223 17221
17223 17220 17224
17220 17225 17224
17226 17224 17225
17227 17226 17225
17226 17227 17228
17228 17227 17229
17230 17228 17229
17231 17230 17229
17230 17231 17232
17233 17232 17231
17232 17233 17234
17235 17234 17233
17235 17236 17234
17237 17224 17226
17238 17239 17240
17241 17238 17240
17238 17241 17242
17243 17240 17239
17239 17244 17243
17244 17239 17245
17246 17242 17241
17242 17246 17247
17244 17248 17243
17249 17248 17244
17249 17250 17248
17244 17245 17251
17245 17252 17251
17249 17253 17250
17254 17247 17246
17255 17250 17253
17256 17250 17255
17257 17256 17255
17257 17258 17256
17259 17258 17257
17258 17259 17260
17259 17261 17260
17262 17261 17259
17262 17259 17263
17255 17264 17257
17264 17255 17265
17253 17265 17255
17259 17266 17263
17257 17264 17267
17259 17267 17266
17257 17267 17259
17266 17267 17268
17268 17269 17266
17270 17264 17265
17270 17265 17271
17271 17251 17270
17244 17251 17271
17265 17249 17271
17244 17271 17249
17249 17265 17253
17272 17269 17268
17273 17269 17272
17274 17275 17276
17277 17274 17276
17274 17278 17275
17279 17275 17278
17279 17280 17275
17281 17280 17279
17281 17279 17282
17283 17281 17282
17284 17283 17282
17239 17285 17245
17286 17245 17285
17286 17252 17245
17287 17286 17285
17287 17285 17288
17289 17290 17291
17291 17292 17289
17291 17293 17292
17293 17294 17292
17289 17295 17290
17289 17292 17296
17294 17297 17292
17294 17298 17297
17298 17299 17297
17292 17297 17300
17300 17296 17292
17300 17297 17301
17300 17301 17302
17302 17301 17303
17303 17304 17302
17305 17302 17304
17305 17300 17302
17306 17300 17305
17296 17300 17306
17304 17303 17307
17304 17307 17308
17309 17304 17308
17304 17309 17310
17305 17304 17310
17311 17309 17308
17307 17312 17308
17313 17308 17312
17311 17308 17313
17311 17313 17314
17315 17314 17313
17312 17315 17313
17314 17315 17316
17316 17317 17314
17317 17316 17318
17319 17318 17316
17318 17319 17320
17321 17316 17315
17316 17321 17319
17322 17321 17315
17315 17312 17322
17321 17322 17323
17322 17324 17323
17324 17322 17325
17326 17322 17312
17322 17326 17325
17327 17326 17312
17307 17327 17312
17328 17324 17325
17328 17329 17324
17328 17330 17329
17330 17328 17331
17331 17332 17330
17330 17332 17333
17332 17334 17333
17334 17335 17333
17334 17336 17335
17336 17334 17337
17338 17337 17334
17332 17338 17334
17337 17338 17339
17338 17340 17339
17341 17340 17338
17332 17341 17338
17342 17340 17341
17340 17342 17343
17344 17343 17342
17343 17344 17345
17346 17341 17332
17346 17332 17331
17347 17341 17346
17341 17347 17342
17348 17342 17347
17342 17348 17344
17349 17347 17346
17346 17331 17349
17347 17349 17350
17350 17348 17347
17351 17349 17331
17351 17350 17349
17351 17331 17352
17331 17328 17352
17352 17328 17325
17326 17352 17325
17326 17353 17352
17352 17353 17351
17327 17353 17326
17327 17354 17353
17354 17327 17355
17307 17355 17327
17355 17307 17303
17303 17356 17355
17350 17351 17357
17357 17353 17354
17353 17357 17351
17356 17358 17355
17355 17358 17354
17359 17358 17356
17301 17359 17356
17301 17356 17303
17360 17354 17358
17354 17360 17357
17361 17357 17360
17357 17361 17350
17348 17350 17361
17359 17362 17358
17297 17359 17301
17299 17362 17359
17297 17299 17359
17363 17364 17365
17365 17364 17366
17367 17364 17363
17364 17367 17368
17363 17365 17369
17369 17370 17363
17363 17371 17367
17371 17363 17370
17370 17372 17371
17372 17370 17373
17374 17373 17370
17369 17374 17370
17373 17374 17375
17374 17376 17375
17377 17375 17376
17378 17365 17366
17365 17378 17379
17379 17369 17365
17380 17377 17376
17369 17379 17381
17369 17381 17374
17374 17381 17376
17376 17382 17380
17382 17376 17383
17376 17381 17383
17378 17384 17379
17384 17378 17385
17386 17379 17384
17379 17386 17381
17386 17383 17381
17387 17380 17382
17388 17383 17386
17389 17383 17388
17383 17389 17382
17390 17382 17389
17382 17390 17387
17385 17391 17384
17391 17385 17392
17393 17384 17391
17384 17393 17386
17393 17388 17386
17394 17388 17393
17395 17388 17394
17388 17395 17389
17396 17389 17395
17389 17396 17390
17397 17392 17385
17385 17398 17397
17398 17399 17397
17399 17398 17400
17401 17400 17398
17400 17401 17402
17402 17401 17403
17403 17404 17402
17404 17403 17405
17406 17405 17403
17405 17406 17407
17407 17408 17405
17408 17407 17409
17409 17410 17408
17410 17409 17411
17411 17412 17410
17412 17411 17413
17414 17413 17411
17415 17413 17414
17413 17415 17416
17415 17417 17416
17415 17418 17417
17417 17418 17419
17418 17420 17419
17418 17421 17420
17421 17422 17420
17422 17421 17423
17423 17424 17422
17424 17423 17425
17417 17419 17426
17426 17416 17417
17419 17427 17426
17416 17426 17428
17416 17429 17413
17428 17429 17416
17429 17412 17413
17429 17428 17430
17430 17412 17429
17431 17426 17427
17426 17431 17432
17432 17428 17426
17412 17430 17433
17433 17410 17412
17410 17433 17434
17428 17432 17435
17435 17430 17428
17436 17431 17427
17430 17435 17437
17437 17433 17430
17434 17408 17410
17408 17434 17438
17433 17437 17439
17439 17434 17433
17434 17439 17440
17440 17438 17434
17438 17405 17408
17405 17438 17404
17438 17440 17441
17441 17404 17438
17436 17442 17431
17442 17436 17443
17404 17441 17444
17445 17437 17435
17432 17445 17435
17445 17432 17446
17446 17431 17442
17431 17446 17432
17437 17445 17447
17447 17439 17437
17439 17447 17448
17448 17440 17439
17444 17402 17404
17402 17444 17400
17440 17448 17449
17450 17441 17440
17450 17444 17441
17449 17450 17440
17443 17451 17442
17443 17452 17451
17436 17452 17443
17446 17453 17445
17453 17447 17445
17442 17453 17446
17451 17453 17442
17451 17452 17454
17452 17455 17454
17455 17456 17454
17456 17455 17457
17457 17458 17456
17449 17448 17459
17453 17459 17447
17459 17448 17447
17450 17460 17444
17460 17400 17444
17460 17399 17400
17460 17461 17399
17460 17462 17461
17399 17461 17397
17461 17463 17397
17392 17397 17463
17464 17463 17461
17462 17464 17461
17462 17465 17464
17466 17467 17317
17317 17467 17314
17311 17314 17467
17289 17468 17469
17289 17470 17468
17289 17296 17470
17470 17296 17471
17471 17296 17306
17472 17471 17306
17305 17472 17306
17473 17474 17475
17473 17475 17476
17474 17473 16983
17473 17476 16985
16983 16972 17474
17473 16984 16983
17473 16985 16984
17477 17478 17479
17477 17479 17480
17480 17479 17481
17481 17479 17482
17483 17484 17485
17486 17485 17484
17485 17486 17487
17486 17488 17487
17488 17486 17489
17489 17490 17488
17490 17489 17491
17492 17493 17494
17495 17493 17492
17496 17493 17495
17496 17495 17497
17498 17496 17497
17498 17499 17496
17499 17498 17500
17500 17498 17501
17502 17501 17498
17497 17502 17498
17503 17499 17500
17495 17492 17504
17497 17505 17502
17495 17505 17497
17495 17506 17505
17506 17507 17505
17508 17507 17506
17508 17506 17495
17495 17509 17508
17495 17504 17509
17507 17508 17510
17508 17511 17510
17496 17499 17512
17513 17512 17499
17499 17514 17513
17503 17514 17499
17513 17514 17515
17516 17513 17515
17513 17516 17517
17518 17513 17517
17513 17518 17519
17512 17513 17519
17519 17518 17494
17514 17520 17515
17521 17520 17514
17503 17521 17514
17503 17522 17521
17493 17519 17494
17512 17519 17493
17496 17512 17493
17523 17524 17525
17523 17526 17524
17526 17523 17527
17528 17525 17524
17529 17525 17528
17525 17529 17530
17527 17531 17526
17531 17527 17532
17529 17528 17533
17534 17529 17533
17534 17533 17535
17529 17536 17530
17530 17536 17537
17534 17535 17538
17539 17531 17532
17540 17538 17535
17541 17540 17535
17542 17540 17541
17542 17541 17543
17543 17544 17542
17544 17543 17545
17544 17545 17546
17547 17544 17546
17547 17548 17544
17540 17542 17549
17549 17550 17540
17538 17540 17550
17544 17548 17551
17542 17552 17549
17544 17551 17552
17542 17544 17552
17551 17553 17552
17553 17551 17554
17555 17550 17549
17555 17556 17550
17556 17555 17536
17529 17556 17536
17534 17550 17556
17529 17534 17556
17550 17534 17538
17557 17554 17551
17548 17557 17551
17557 17558 17554
17554 17558 17559
17560 17554 17559
17560 17561 17554
17561 17553 17554
17559 17562 17560
17560 17562 17563
17563 17562 17564
17562 17559 17564
17559 17565 17564
17559 17558 17565
17558 17566 17565
17558 17557 17566
17557 17567 17566
17557 17568 17567
17548 17568 17557
17548 17547 17568
17568 17569 17567
17568 17547 17570
17569 17568 17570
17571 17569 17570
17547 17572 17570
17547 17546 17572
17546 17545 17572
17573 17571 17570
17572 17573 17570
17545 17574 17572
17573 17572 17574
17575 17574 17545
17575 17545 17543
17576 17575 17543
17576 17543 17541
17541 17577 17576
17577 17541 17535
17576 17577 17578
17576 17578 17579
17574 17580 17573
17575 17580 17574
17576 17579 17581
17575 17576 17581
17580 17575 17581
17580 17581 17582
17582 17573 17580
17581 17583 17582
17583 17584 17582
17582 17584 17585
17582 17585 17586
17585 17587 17586
17588 17586 17587
17589 17588 17587
17589 17590 17588
17590 17589 17591
17590 17591 17592
17592 17593 17590
17594 17593 17592
17594 17592 17595
17596 17594 17595
17597 17596 17595
17598 17596 17597
17599 17598 17597
17598 17599 17600
17600 17601 17598
17600 17599 17602
17599 17597 17602
17602 17603 17600
17597 17604 17602
17604 17597 17595
17605 17604 17595
17605 17595 17592
17606 17605 17592
17607 17606 17592
17591 17607 17592
17607 17591 17589
17608 17607 17589
17608 17589 17587
17608 17587 17609
17585 17609 17587
17610 17609 17585
17610 17585 17584
17584 17611 17610
17584 17612 17611
17583 17612 17584
17604 17605 17613
17605 17614 17613
17606 17607 17614
17614 17605 17606
17614 17615 17613
17613 17615 17616
17613 17616 17617
17613 17617 17618
17619 17613 17618
17619 17618 17620
17621 17619 17620
17621 17620 17622
17621 17622 17623
17624 17621 17623
17624 17623 17625
17626 17624 17625
17627 17626 17625
17625 17628 17627
17628 17629 17627
17630 17628 17625
17623 17630 17625
17631 17630 17623
17622 17631 17623
17622 17632 17631
17622 17620 17632
17633 17632 17620
17633 17620 17618
17618 17634 17633
17635 17624 17626
17603 17635 17626
17603 17602 17635
17635 17636 17624
17602 17636 17635
17636 17621 17624
17602 17604 17636
17619 17621 17636
17604 17613 17636
17613 17619 17636
17629 17628 17637
17628 17630 17637
17629 17637 17638
17629 17638 17639
17639 17638 17640
17639 17640 17641
17641 17640 17642
17642 17643 17641
17644 17641 17643
17645 17641 17644
17646 17641 17645
17639 17641 17646
17643 17642 17647
17648 17639 17646
17645 17648 17646
17645 17649 17648
17639 17648 17629
17650 17642 17640
17650 17640 17651
17651 17640 17638
17652 17650 17651
17650 17652 17653
17654 17645 17644
17655 17645 17654
17655 17649 17645
17655 17654 17656
17656 17654 17657
17658 17644 17643
17643 17647 17658
17647 17659 17658
17660 17659 17647
17660 17661 17659
17659 17662 17658
17662 17657 17654
17662 17659 17663
17655 17656 17664
17656 17665 17664
17665 17656 17666
17666 17656 17667
17656 17657 17667
17666 17667 17668
17668 17667 17669
17667 17657 17669
17670 17665 17666
17670 17666 17671
17666 17668 17671
17670 17671 17672
17672 17671 17673
17672 17673 17674
17672 17674 17675
17675 17674 17676
17677 17676 17674
17678 17674 17673
17678 17679 17674
17679 17677 17674
17673 17680 17678
17671 17680 17673
17668 17680 17671
17669 17680 17668
17681 17678 17680
17680 17682 17681
17683 17682 17680
17669 17683 17680
17683 17684 17682
17684 17683 17685
17686 17684 17685
17686 17685 17687
17687 17685 17663
17688 17675 17676
17688 17676 17689
17689 17676 17690
17690 17676 17691
17689 17692 17688
17679 17678 17693
17693 17694 17679
17693 17695 17694
17695 17696 17694
17694 17696 17697
17691 17698 17697
17698 17694 17697
17698 17679 17694
17698 17691 17676
17693 17699 17695
17695 17700 17696
17699 17693 17678
17678 17681 17699
17701 17695 17699
17702 17695 17701
17695 17702 17703
17695 17703 17700
17704 17702 17701
17702 17704 17705
17699 17706 17701
17681 17706 17699
17701 17706 17707
17701 17707 17704
17676 17677 17698
17698 17677 17679
17681 17682 17708
17682 17709 17708
17709 17710 17708
17710 17709 17711
17711 17712 17710
17713 17712 17711
17713 17714 17712
17713 17715 17714
17714 17715 17716
17717 17714 17716
17717 17716 17718
17719 17717 17718
17719 17718 17720
17721 17719 17720
17722 17721 17720
17721 17722 17723
17723 17722 17724
17723 17725 17721
17721 17725 17726
17726 17719 17721
17726 17727 17719
17727 17717 17719
17718 17728 17720
17728 17729 17720
17720 17729 17722
17729 17730 17722
17717 17727 17731
17731 17727 17732
17732 17727 17733
17726 17733 17727
17726 17725 17733
17733 17725 17734
17735 17734 17725
17735 17725 17736
17725 17723 17736
17737 17735 17736
17728 17738 17729
17738 17739 17729
17729 17739 17730
17737 17736 17740
17740 17741 17737
17736 17742 17740
17736 17723 17742
17723 17724 17742
17738 17743 17739
17717 17731 17714
17744 17738 17745
17728 17745 17738
17746 17745 17728
17746 17728 17718
17716 17746 17718
17747 17746 17716
17748 17745 17746
17747 17748 17746
17747 17749 17748
17747 17750 17749
17750 17747 17751
17752 17750 17751
17752 17753 17750
17749 17750 17753
17754 17753 17752
17754 17755 17753
17755 17756 17753
17753 17756 17757
17757 17758 17753
17753 17758 17759
17748 17749 17759
17753 17759 17749
17758 17760 17759
17760 17748 17759
17758 17761 17760
17761 17758 17757
17760 17761 17762
17744 17762 17761
17761 17763 17744
17763 17764 17744
17764 17763 17765
17765 17766 17764
17765 17767 17766
17768 17766 17767
17769 17766 17768
17768 17770 17769
17771 17769 17770
17772 17771 17770
17772 17773 17771
17774 17772 17770
17770 17768 17774
17772 17774 17775
17776 17774 17768
17776 17768 17767
17763 17777 17765
17777 17767 17765
17761 17777 17763
17767 17777 17778
17778 17776 17767
17777 17779 17778
17778 17779 17780
17781 17777 17761
17781 17779 17777
17780 17779 17782
17781 17782 17779
17780 17782 17783
17783 17784 17780
17784 17785 17780
17785 17778 17780
17778 17785 17776
17785 17786 17776
17776 17786 17774
17785 17784 17786
17774 17786 17787
17774 17787 17775
17788 17775 17787
17775 17788 17789
17784 17790 17786
17787 17790 17788
17786 17790 17787
17790 17791 17788
17791 17790 17792
17792 17793 17791
17793 17792 17794
17795 17793 17794
17793 17795 17796
17796 17795 17797
17798 17795 17794
17795 17798 17799
17795 17800 17797
17799 17800 17795
17800 17801 17797
17801 17802 17797
17797 17802 17803
17797 17803 17804
17796 17797 17804
17805 17804 17803
17804 17805 17806
17807 17806 17805
17806 17807 17808
17803 17809 17805
17802 17809 17803
17799 17798 17810
17800 17799 17811
17810 17811 17799
17800 17812 17801
17811 17812 17800
17812 17813 17801
17814 17811 17810
17811 17814 17815
17812 17811 17816
17816 17811 17815
17813 17812 17816
17817 17815 17814
17815 17817 17818
17818 17816 17815
17813 17816 17819
17820 17813 17819
17813 17820 17821
17816 17818 17822
17823 17820 17819
17824 17820 17823
17820 17824 17825
17820 17825 17821
17826 17825 17824
17824 17827 17826
17827 17824 17828
17828 17824 17823
17829 17828 17823
17830 17819 17816
17823 17819 17830
17830 17816 17822
17817 17831 17818
17818 17831 17822
17831 17817 17832
17833 17829 17823
17830 17833 17823
17834 17830 17822
17834 17833 17830
17832 17835 17831
17835 17832 17836
17822 17837 17834
17831 17837 17822
17838 17831 17835
17831 17838 17837
17833 17834 17839
17840 17835 17836
17835 17840 17841
17842 17834 17837
17834 17842 17839
17838 17842 17837
17843 17835 17841
17835 17843 17838
17844 17841 17840
17841 17844 17845
17845 17843 17841
17846 17839 17842
17839 17846 17847
17848 17846 17842
17849 17848 17842
17849 17838 17843
17842 17838 17849
17850 17847 17846
17848 17850 17846
17850 17851 17847
17851 17850 17852
17853 17848 17849
17854 17853 17849
17843 17854 17849
17845 17844 17855
17854 17856 17853
17856 17854 17857
17858 17852 17850
17853 17858 17848
17850 17848 17858
17852 17858 17859
17856 17860 17853
17858 17853 17860
17858 17860 17861
17861 17859 17858
17861 17860 17862
17860 17856 17862
17854 17863 17857
17857 17863 17864
17845 17864 17863
17864 17845 17865
17865 17845 17855
17855 17866 17865
17865 17866 17864
17866 17855 17867
17868 17857 17864
17856 17857 17868
17868 17869 17856
17868 17864 17870
17866 17870 17864
17866 17871 17870
17871 17866 17872
17873 17872 17866
17867 17873 17866
17870 17874 17868
17874 17870 17871
17875 17869 17868
17875 17868 17874
17873 17876 17872
17872 17877 17871
17877 17872 17878
17876 17878 17872
17878 17879 17877
17879 17878 17880
17881 17877 17879
17877 17881 17882
17882 17871 17877
17871 17882 17874
17883 17882 17881
17882 17883 17884
17884 17874 17882
17874 17884 17875
17880 17885 17879
17879 17886 17881
17879 17885 17886
17881 17887 17883
17881 17886 17887
17886 17888 17887
17886 17889 17888
17889 17886 17885
17889 17890 17888
17889 17891 17890
17890 17891 17892
17892 17893 17890
17894 17893 17892
17893 17894 17895
17895 17894 17896
17897 17894 17892
17892 17891 17897
17896 17894 17898
17898 17894 17897
17896 17898 17899
17900 17898 17897
17899 17898 17901
17901 17898 17900
17899 17901 17902
17901 17900 17903
17901 17903 17902
17899 17902 17904
17905 17902 17903
17904 17902 17906
17905 17906 17902
17904 17906 17907
17906 17905 17908
17907 17906 17909
17906 17908 17909
17907 17909 17910
17908 17910 17909
17907 17910 17911
17910 17908 17912
17911 17910 17913
17912 17913 17910
17911 17913 17914
17915 17913 17912
17914 17913 17916
17915 17916 17913
17914 17916 17917
17916 17915 17918
17917 17916 17919
17916 17918 17919
17919 17920 17917
17921 17920 17919
17919 17918 17921
17921 17922 17920
17922 17921 17923
17924 17922 17923
17925 17921 17918
17925 17923 17921
17924 17923 17926
17923 17925 17927
17923 17927 17926
17928 17914 17917
17929 17914 17928
17928 17930 17929
17929 17930 17931
17931 17932 17929
17929 17932 17933
17933 17932 17934
17934 17932 17935
17934 17935 17936
17936 17935 17937
17937 17938 17936
17939 17938 17937
17940 17938 17939
17941 17939 17937
17937 17942 17941
17941 17942 17943
17942 17937 17944
17937 17935 17944
17944 17935 17945
17945 17935 17932
17945 17932 17946
17932 17947 17946
17947 17932 17931
17947 17931 17930
17930 17948 17947
17930 17949 17948
17948 17949 17950
17928 17949 17930
17928 17951 17949
17952 17950 17949
17952 17949 17951
17953 17950 17952
17953 17952 17954
17955 17953 17954
17956 17952 17951
17956 17954 17952
17955 17954 17957
17954 17958 17957
17954 17956 17958
17917 17951 17928
17920 17951 17917
17920 17956 17951
17956 17920 17922
17956 17922 17958
17955 17957 17959
17957 17958 17959
17955 17959 17960
17959 17958 17960
17922 17924 17958
17961 17953 17955
17962 17953 17961
17963 17962 17961
17963 17961 17964
17964 17965 17963
17964 17966 17965
17966 17964 17967
17967 17968 17966
17963 17965 17969
17964 17970 17967
17964 17971 17970
17964 17961 17971
17963 17969 17972
17962 17963 17972
17969 17973 17972
17974 17973 17969
17975 17973 17974
17975 17976 17973
17977 17976 17975
17978 17977 17975
17978 17979 17977
17978 17980 17979
17979 17980 17981
17979 17981 17982
17981 17983 17982
17984 17983 17981
17983 17984 17985
17986 17985 17984
17986 17987 17985
17985 17987 17983
17983 17987 17988
17983 17988 17982
17982 17988 17989
17982 17989 17979
17979 17989 17990
17979 17990 17977
17977 17990 17991
17991 17976 17977
17992 17976 17991
17993 17976 17992
17973 17976 17993
17993 17972 17973
17972 17993 17962
17953 17962 17993
17993 17950 17953
17950 17993 17948
17992 17948 17993
17992 17947 17948
17992 17994 17947
17992 17991 17994
17994 17991 17990
17947 17994 17946
17946 17994 17995
17994 17990 17995
17995 17990 17989
17946 17995 17945
17995 17988 17945
17945 17988 17944
17944 17988 17987
17989 17988 17995
17944 17987 17986
17944 17986 17942
17986 17943 17942
17996 17997 17998
17999 17997 17996
18000 17999 17996
18000 18001 17999
17999 18001 18002
18002 18001 18003
17996 18004 18000
18004 17996 18005
17996 17998 18005
17999 18002 18006
18006 18002 18003
18006 18003 18007
18007 18003 18008
18008 18009 18007
18009 18010 18007
18010 18009 18011
18012 18011 18009
18013 18011 18012
18014 18011 18013
18010 18011 18015
18015 18011 18014
18014 18016 18015
18017 18005 17998
18017 17998 18018
18019 18017 18018
18019 18020 18017
18021 18020 18019
18022 18020 18021
18023 18024 17650
17650 17653 18023
17653 18025 18023
18025 18026 18023
18023 18026 18024
18026 18025 18027
18025 17867 18027
17873 18025 17653
18025 17873 17867
17876 17873 17653
18027 17867 17855
18027 17855 18028
18029 18027 18028
18026 18027 18029
18026 18029 18030
18030 18029 18031
18029 18028 18031
18030 18031 18032
18032 18031 18033
18032 18033 18034
18032 18034 18035
18033 18036 18034
18034 18036 17754
18034 17754 18037
18035 18034 18037
17754 18036 17755
18036 18038 17755
18039 17755 18038
17755 18039 17756
17756 18039 18040
18040 17757 17756
17757 18040 17781
17757 17781 17761
17781 18040 17782
17782 18040 18041
18039 18041 18040
18039 17817 18041
17817 18042 18041
17782 18041 18042
17782 18042 18043
17783 17782 18043
18043 18044 17783
18044 17784 17783
18044 17790 17784
17792 17790 18044
18045 17792 18044
18044 18043 18045
18045 17794 17792
17794 18045 17798
18045 17810 17798
17810 18045 18043
17814 18043 18042
18043 17814 17810
18042 17817 17814
17817 18039 17832
18038 17832 18039
17832 18038 17836
18038 17840 17836
17840 18038 18046
18038 18036 18046
18033 18046 18036
18046 18033 18047
18031 18047 18033
18047 18031 18028
18046 17844 17840
17844 18046 18047
18028 17844 18047
18028 17855 17844
18048 18049 18050
18051 18049 18048
18048 18052 18051
18049 18051 18053
18054 18049 18053
18049 18054 18055
18049 18055 18056
18050 18049 18056
18055 18054 18057
18058 18051 18052
18051 18058 18059
18060 18059 18058
18061 18060 18058
18059 18060 18062
18063 18059 18062
18059 18063 18064
18051 18064 18053
18064 18051 18059
18064 18054 18053
18063 18065 18064
18054 18064 18065
18065 18063 18066
18067 18065 18066
18065 18067 18068
18054 18068 18057
18068 18054 18065
18069 18060 18061
18060 18069 18070
18070 18062 18060
18071 18070 18069
18071 18072 18070
18062 18070 18073
18072 18073 18070
18072 18074 18073
18074 18072 18075
18076 18062 18073
18062 18076 18063
18066 18063 18076
18074 18075 18077
18078 18073 18074
18078 18076 18073
18074 18077 18079
18078 18074 18080
18081 18079 18077
18082 18080 18074
18082 18074 18079
18081 18083 18079
18084 18082 18079
18084 18079 18083
18085 18084 18083
18084 18085 18086
18087 18086 18085
18086 18087 18088
18089 18088 18087
18078 18090 18076
18076 18090 18066
18091 18066 18090
18066 18091 18067
18092 18067 18091
18067 18092 18093
18094 18092 18091
18094 18091 18095
18095 18091 18090
18095 18090 18096
18096 18097 18095
18096 18098 18097
18078 18096 18090
18096 18099 18098
18078 18080 18096
18100 18098 18099
18082 18096 18080
18082 18099 18096
18100 18099 18101
18084 18099 18082
18084 18101 18099
18084 18102 18101
18102 18084 18086
18086 18103 18102
18103 18086 18088
18089 18103 18088
18093 18104 18068
18104 18057 18068
18093 18068 18067
17618 17617 17634
17634 17617 17616
17616 18105 17634
18105 17616 18106
17615 18106 17616
17615 18107 18106
18108 18105 18106
18107 18109 18106
18108 18106 18109
18107 18110 18109
18109 18111 18108
18110 18112 18109
18109 18112 18111
18112 18110 18113
18114 18112 18113
18112 18114 18111
18115 18114 18113
18114 18115 18116
18117 18116 18115
18118 18111 18114
18116 18118 18114
18117 18119 18116
18118 18116 17927
18116 18119 17927
17607 18107 17615
17607 17615 17614
17607 17608 18107
17608 18110 18107
18110 17608 17609
18113 18110 17609
18113 17610 18115
17610 18113 17609
17610 17611 18115
18115 17611 18117
17612 18120 17611
17583 18120 17612
17583 18121 18120
18120 18121 17611
17573 17582 17586
17586 17588 17573
17571 17573 17588
17571 17588 17590
17571 17590 18122
17590 17593 18122
17571 18122 17569
18122 17567 17569
17593 18123 18122
18122 18123 17567
17593 17594 18123
18123 17566 17567
18123 17594 17565
17566 18123 17565
17594 17596 17565
17596 17564 17565
17596 17563 17564
17596 17598 17563
17563 17598 17601
17601 17600 18124
17600 18125 18124
18126 18124 18125
18126 18125 18127
18128 18126 18127
18129 18128 18127
18130 18128 18129
18131 18130 18129
18132 18130 18131
18133 18132 18131
18133 18134 18132
18134 18133 18135
18134 18135 18136
18137 18136 18135
18137 18135 18133
18137 18138 18136
18137 18139 18138
18140 18138 18139
18140 18139 18141
18142 18140 18141
17670 18142 18141
17670 17672 18142
17670 18141 17665
18139 17665 18141
18139 18143 17665
18137 18143 18139
18134 18136 18144
17665 18143 17664
18137 18145 18143
18137 18133 18145
18143 18146 17664
18145 18146 18143
18133 18147 18145
18147 18146 18145
18147 18133 18131
18147 18148 18146
18146 18148 18149
18146 18149 17664
17655 17664 18149
17649 17655 18149
18147 18131 18150
18147 18150 18148
18148 18151 18149
17649 18149 18151
18131 18129 18150
18150 18152 18148
18148 18152 18151
18150 18129 18153
18152 18150 18153
17649 18151 18154
18152 18154 18151
18154 18152 18155
18129 18127 18153
17648 17649 18154
18156 18152 18153
18155 18152 18156
18156 18153 18127
17627 17648 18154
18156 18127 18125
17626 18154 18155
17626 18155 18156
17627 18154 17626
17627 17629 17648
18156 18125 17603
18156 17603 17626
17603 18125 17600
17535 18157 17577
18157 17578 17577
17940 17895 18158
18158 17895 17896
17940 18158 17938
18158 17896 18159
17938 18158 18159
18159 17896 17899
17938 18159 17936
17904 18159 17899
17936 18159 17907
17907 18159 17904
17936 17907 17934
17934 17907 18160
18160 17933 17934
18160 17907 17911
17933 18160 17929
17929 18160 17911
17929 17911 17914
17968 17967 18161
18161 17967 17970
17805 18162 18163
17809 18162 17805
17809 17826 18162
18164 18162 17826
18165 18164 17826
18164 18165 18166
18162 18164 18166
18163 18162 18166
17827 18165 17826
18165 17827 18167
17827 18168 18167
18168 18169 18167
18169 18168 17828
18168 17827 17828
17829 18169 17828
17825 17826 17809
17802 17825 17809
17821 17825 17802
17821 17802 17801
17801 17813 17821
17716 17715 18170
17747 17716 18170
17751 17747 18170
18171 17751 18170
17752 17751 18171
17752 18171 18037
18037 17754 17752
18171 18172 18037
18037 18172 18035
18035 18172 18173
18171 18174 18172
18171 18170 18174
18170 17715 18174
17715 17713 18174
18174 17713 17711
18172 17711 18173
17711 18172 18174
17711 17709 18173
18173 17709 17682
17684 18173 17682
17686 18173 17684
17686 18035 18173
18032 18035 17686
17686 18030 18032
17661 18030 17686
17661 17660 18030
18030 17660 18026
17686 17687 17661
17659 17661 17687
17659 17687 17663
18026 17660 18024
17660 17647 18024
17647 17642 18024
18024 17642 17650
17662 17663 17685
17662 17685 18175
17657 17662 18175
18175 17685 17683
17683 17669 18175
17657 18175 17669
17662 17644 17658
17644 17662 17654
17789 18176 17775
18176 17789 18177
17772 17775 18176
17773 17772 18176
17525 17530 18178
18179 18178 17530
18179 17530 17537
18178 18179 18180
18180 18181 18178
17854 17843 17863
17845 17863 17843
18052 18182 18058
18182 18061 18058
15913 18183 15912
18184 18185 18186
18185 18184 18187
18188 18186 18185
18189 18187 18184
18187 18189 18190
18191 18185 18187
18185 18191 18192
18185 18192 18193
18185 18193 18188
18187 18194 18191
18194 18187 18190
18186 18195 18184
18195 18186 18196
18186 18197 18196
18198 18190 18189
18190 18198 18199
18199 18194 18190
18194 18199 18200
18198 18201 18199
18201 18200 18199
18201 18198 18202
18203 18198 18189
18203 18184 18195
18184 18203 18189
18198 18203 18204
18200 18201 18205
18206 18193 18192
18192 18207 18206
18208 18194 18200
18194 18208 18209
18191 18209 18207
18207 18192 18191
18209 18191 18194
18200 18210 18208
18210 18200 18211
18212 18206 18207
18206 18212 18213
18213 18214 18206
18214 18213 18215
18207 18216 18212
18216 18207 18209
18209 18217 18216
18217 18209 18208
18210 18217 18208
18217 18210 18218
18212 18219 18213
18213 18219 18220
18219 18212 18221
18216 18221 18212
18221 18216 18222
18217 18222 18216
18222 18217 18223
18206 18214 18193
18224 18225 18226
18227 18226 18225
18228 18226 18227
18226 18228 18229
18230 18226 18229
18226 18230 18224
18228 18231 18229
18231 18228 18232
18229 18233 18230
18233 18229 18231
18234 18227 18225
18235 18231 18232
18231 18235 18236
18236 18233 18231
18233 18236 18237
18238 18228 18227
18234 18238 18227
18228 18238 18239
18240 18236 18235
18236 18240 18241
18242 18228 18239
18228 18242 18232
18243 18232 18242
18232 18243 18235
18235 18244 18240
18244 18235 18243
18238 18245 18239
18245 18238 18246
18246 18238 18234
18247 18246 18234
18248 18239 18245
18239 18248 18242
18243 18242 18248
18248 18244 18243
18244 18248 18249
18246 18247 18250
18246 18251 18245
18251 18246 18250
18251 18248 18245
18248 18251 18252
17411 18253 17414
17411 17409 18253
17409 18254 18253
18254 17409 17407
17407 18255 18254
18255 17407 17406
18256 18255 17406
18257 18256 17406
17403 18257 17406
17401 18257 17403
17401 17364 18257
17364 17401 17366
17368 18257 17364
18257 17368 18258
18257 18258 18256
17398 17366 17401
17366 17398 17378
17398 17385 17378
18259 18260 18261
18262 18261 18260
18263 18260 18259
18259 18264 18263
18265 18263 18264
18265 18264 18266
18267 18262 18260
18268 18265 18266
18266 18269 18268
18269 18266 18270
18270 18271 18269
18271 18270 18272
18260 18263 18273
18272 17319 18271
17319 18272 17320
18274 18267 18260
18273 18274 18260
18263 18275 18273
18275 18263 18265
18268 18275 18265
18275 18268 18276
18269 18276 18268
18277 18267 18274
18278 18267 18277
18279 18278 18277
18276 18269 18280
18281 18277 18274
18269 18282 18280
18282 18269 18271
18283 18274 18273
18281 18274 18284
18283 18284 18274
18273 18285 18283
18276 18285 18275
18285 18273 18275
18285 18276 18286
18280 18286 18276
18284 18287 18281
18286 18280 18288
18282 18288 18280
18288 18282 18289
18283 18290 18284
18284 18290 18287
18285 18290 18283
18290 18285 18291
18286 18291 18285
18282 17323 18289
17323 18282 17321
18271 17321 18282
17321 18271 17319
18287 18290 18292
18292 18293 18287
18291 18286 18294
18288 18294 18286
18290 18295 18292
18291 18295 18290
18294 18288 18296
18289 18296 18288
18296 18297 18294
18297 18296 18298
18296 18289 18299
17323 18299 18289
18299 18298 18296
18299 17323 17324
18298 18299 18300
17324 18300 18299
17324 18301 18300
17324 17329 18301
17329 17330 18301
18302 18294 18297
18294 18302 18291
18295 18291 18302
17330 17333 18303
17333 18304 18303
18305 18303 18304
18305 18304 18306
18307 18305 18306
18307 18308 18305
17335 18306 18304
18304 17333 17335
18306 17335 17336
18308 18309 18305
18303 18305 18309
18309 18308 18310
18310 18308 18311
18312 18311 18308
18312 18308 18307
18311 18313 18310
18314 18303 18309
18310 18314 18309
18315 18310 18313
18315 18316 18310
18314 18310 18316
18313 18317 18315
18318 18319 18320
18318 18321 18319
18319 18322 18320
18322 18319 18323
18323 18324 18322
18324 18323 18325
18326 18319 18321
18326 18323 18319
18325 18327 18324
18327 18325 18328
18328 18329 18327
18329 18328 18330
18331 18329 18330
18329 18331 18332
18331 18330 18333
18331 18333 18334
18335 18331 18334
18331 18335 18336
18337 18335 18334
18335 18337 18338
18339 18325 18323
18326 18339 18323
18325 18339 18340
18334 18341 18337
18334 18333 18341
18342 18337 18341
18337 18342 18343
18330 18344 18333
18344 18330 18345
18333 18346 18341
18333 18344 18346
18347 18341 18346
18341 18347 18342
18339 18348 18340
18348 18339 18349
18326 18349 18339
18349 18326 18350
18350 18326 18351
18326 18321 18351
18352 18340 18348
18340 18352 18353
18328 18340 18353
18345 18328 18353
18340 18328 18325
18328 18345 18330
18354 18353 18352
18353 18354 18345
18345 18354 18344
18355 18347 18346
18344 18355 18346
18344 18354 18356
18344 18356 18355
18357 18354 18352
18357 18352 18348
18354 18357 18358
18358 18356 18354
18356 18358 18359
18359 18355 18356
18355 18359 18360
18347 18355 18361
18362 18363 18364
18363 18365 18364
18363 18366 18365
18367 18365 18366
18366 18368 18367
18367 18368 18369
18370 18371 18372
18371 18370 18373
18374 18372 18371
18372 18374 18375
18376 18370 18372
18370 18376 18377
18378 18370 18377
18378 18373 18370
18372 18379 18376
18379 18372 18375
18380 18377 18376
18380 18381 18377
18376 18382 18380
18382 18376 18379
18380 18382 18383
18373 18378 18384
18380 18383 18385
18385 18381 18380
18386 18385 18383
18385 18386 18387
18388 18385 18387
18385 18388 18389
18381 18385 18389
18388 18390 18389
18381 18389 18390
18390 18388 18391
18390 18392 18381
18377 18392 18378
18392 18377 18381
18393 18394 18395
18394 18393 18396
18393 18397 18396
18397 18398 18396
18393 18399 18397
18393 18400 18399
18400 18393 18401
18402 18398 18397
18398 18402 18403
18399 18404 18397
18404 18402 18397
18400 18405 18399
18399 18405 18404
18405 18400 18406
18405 18407 18404
18407 18405 18406
18408 18403 18402
18407 18409 18404
18409 18407 18410
18402 18404 18411
18408 18402 18411
18404 18409 18411
18403 18408 18412
18413 18409 18410
18409 18413 18414
18415 18412 18408
18411 18415 18408
18415 18416 18412
18416 18415 18417
18409 18418 18411
18411 18418 18415
18418 18419 18415
18419 18418 18420
18421 18420 18418
18409 18421 18418
18420 18421 18422
18409 18423 18421
18414 18423 18409
18423 18422 18421
18422 18423 18424
18425 18424 18423
18424 18425 18426
18427 18414 18413
18414 18427 18428
18428 18423 18414
18423 18428 18425
18429 18428 18427
18428 18429 18430
18430 18425 18428
18425 18430 18431
18431 18426 18425
18432 18431 18430
18431 18432 18433
18432 18434 18433
18435 18434 18432
18430 18435 18432
18435 18430 18429
18434 18435 18436
18434 18437 18433
18434 18438 18437
18438 18434 18439
18437 18440 18433
18438 18440 18437
18440 18441 18433
18441 18442 18433
18442 18441 18443
18440 18444 18441
18444 18440 18445
18440 18438 18446
18433 18447 18431
18447 18433 18448
18426 18431 18447
18449 18450 18451
18450 18452 18451
18453 18452 18450
18452 18454 18451
18451 18454 18455
18451 18455 18456
18449 18451 18456
18454 18457 18455
18458 18455 18457
18457 18459 18458
18460 18458 18459
18457 18461 18459
18462 18460 18459
18463 18459 18461
18459 18463 18464
18462 18459 18464
18453 18450 18465
18466 18450 18449
18467 17424 17425
18267 18278 18262
18468 18469 18470
18469 18468 18471
18472 18470 18469
18470 18472 18473
18474 18471 18468
18471 18474 18475
18476 18475 18474
18475 18476 18477
18478 18479 18480
18479 18478 18481
18480 18482 18478
18482 18480 18483
18483 18484 18482
18484 18483 18485
18485 18486 18484
18486 18485 18487
18488 18486 18487
18486 18488 18489
18490 18489 18488
18491 18492 18493
18494 18491 18493
18491 18494 18495
18495 18496 18491
18497 18496 18495
18496 18497 18498
18494 18493 18499
18499 18500 18494
18501 18500 18499
18500 18501 18502
18502 18503 18500
18500 18503 18494
18503 18495 18494
18503 18502 18504
18493 18505 18499
18506 18495 18503
18504 18506 18503
18506 18497 18495
18506 18504 18507
18507 18497 18506
18508 18509 18510
18508 18511 18509
18511 18508 18512
18509 18513 18510
18510 18513 18514
18515 18514 18513
18515 18513 18516
18509 18516 18513
18516 18517 18515
18517 18518 18515
18517 18519 18518
18519 18520 18518
18520 18519 18521
18521 18522 18520
18516 18523 18517
18524 18523 18516
18524 18516 18525
18525 18516 18526
18511 18527 18526
18526 18527 18528
18528 18525 18526
18525 18528 18529
18530 18529 18528
18531 18530 18528
18532 18531 18528
18527 18532 18528
18527 18533 18532
18534 18532 18533
18533 18535 18534
18535 18533 18536
18536 18533 18527
18536 18537 18535
18536 18538 18537
18512 18538 18536
18539 18538 18512
18538 18539 18540
18537 18538 18540
18540 18541 18537
18527 18511 18536
18536 18511 18512
18532 18534 18542
18529 18530 18543
18543 18530 18544
18543 18544 18545
18544 18546 18545
18544 18547 18546
18546 18547 18548
18549 18547 18544
18548 18547 18550
18545 18546 18551
18551 18546 18548
18552 18550 18547
18552 18547 18549
18553 18548 18550
18552 18553 18550
18548 18553 18554
18549 18544 18530
18545 18551 18555
18545 18556 18543
18555 18556 18545
18549 18557 18552
18551 18548 18558
18554 18558 18548
18531 18549 18530
18557 18549 18531
18558 18554 18559
18560 18555 18551
18551 18558 18560
18555 18561 18556
18562 18557 18531
18532 18562 18531
18557 18562 18563
18560 18564 18555
18564 18561 18555
18561 18565 18556
18566 18556 18565
18556 18566 18543
18543 18566 18567
18567 18529 18543
18525 18529 18567
18567 18524 18525
18523 18524 18567
18542 18562 18532
18523 18567 18568
18523 18568 18517
18569 18567 18566
18569 18566 18565
18569 18568 18567
18519 18517 18568
18569 18519 18568
18569 18565 18570
18571 18570 18565
18571 18565 18561
18561 18572 18571
18572 18561 18564
18573 18572 18564
18573 18564 18574
18574 18564 18560
18575 18574 18560
18575 18560 18558
18559 18575 18558
18559 18576 18575
18574 18575 18577
18576 18577 18575
18570 18571 18578
18571 18572 18579
18571 18579 18578
18580 18573 18574
18574 18577 18580
18573 18581 18572
18572 18581 18579
18582 18577 18576
18580 18583 18573
18583 18581 18573
18580 18577 18584
18582 18584 18577
18578 18579 18585
18579 18581 18586
18586 18585 18579
18578 18585 18587
18578 18587 18588
18588 18570 18578
18570 18588 18569
18569 18588 18519
18519 18588 18587
18584 18589 18580
18589 18583 18580
18583 18590 18581
18586 18581 18590
18582 18591 18584
18591 18589 18584
18591 18582 18592
18593 18587 18585
18589 18594 18583
18594 18590 18583
18595 18585 18586
18593 18585 18595
18587 18593 18521
18521 18519 18587
18586 18590 18596
18595 18586 18596
18591 18592 18597
18591 18598 18589
18598 18594 18589
18594 18599 18590
18599 18596 18590
18593 18595 18600
18591 18597 18601
18591 18601 18598
18598 18602 18594
18602 18599 18594
18595 18596 18603
18603 18600 18595
18600 18604 18593
18521 18593 18604
18599 18605 18596
18603 18596 18605
18598 18601 18606
18598 18606 18602
18597 18607 18601
18608 18607 18597
18609 18599 18602
18609 18605 18599
18610 18600 18603
18601 18611 18606
18607 18611 18601
18602 18606 18612
18609 18602 18612
18603 18605 18613
18603 18613 18610
18614 18606 18611
18612 18606 18614
18605 18609 18615
18613 18605 18615
18608 18616 18607
18616 18608 18617
18607 18618 18611
18618 18614 18611
18609 18612 18619
18609 18619 18615
18617 18620 18616
18620 18617 18621
18613 18615 18622
18612 18614 18623
18612 18623 18619
18624 18614 18618
18614 18624 18623
18615 18619 18625
18615 18625 18622
18620 18626 18616
18626 18624 18618
18626 18607 18616
18607 18626 18618
18626 18620 18627
18623 18628 18619
18619 18628 18625
18629 18622 18625
18626 18630 18624
18627 18630 18626
18631 18623 18624
18631 18628 18623
18624 18630 18632
18632 18631 18624
18625 18628 18633
18625 18633 18629
18633 18628 18631
18627 18634 18630
18630 18634 18632
18635 18631 18632
18631 18635 18633
18634 18636 18632
18632 18636 18635
18633 18637 18629
18638 18629 18637
18635 18639 18633
18637 18633 18639
18640 18635 18636
18635 18640 18639
18640 18636 18641
18638 18642 18629
18629 18642 18622
18622 18642 18613
18508 18643 18644
18508 18644 18645
18644 18646 18645
18646 18644 18647
18644 18648 18647
18648 18644 18643
18643 18649 18648
18649 18643 18510
18643 18508 18510
18650 18645 18646
18645 18650 18651
18508 18645 18651
18510 18514 18649
18512 18508 18651
18539 18512 18651
18652 18539 18651
18650 18652 18651
18652 18653 18539
18653 18540 18539
18654 18563 18562
18563 18654 18655
18542 18654 18562
18656 18563 18655
18563 18656 18657
18657 18557 18563
18557 18657 18658
18557 18658 18659
18659 18552 18557
18552 18659 18660
18659 18661 18660
18661 18662 18660
18661 18663 18662
18662 18664 18660
18664 18665 18660
18552 18660 18665
18663 18666 18662
18666 18664 18662
18667 18663 18661
18664 18553 18665
18552 18665 18553
18553 18664 18554
18659 18668 18661
18667 18661 18668
18658 18668 18659
18663 18669 18666
18663 18667 18670
18669 18663 18670
18658 18671 18668
18668 18671 18672
18672 18667 18668
18673 18672 18671
18673 18671 18674
18674 18675 18673
18674 18676 18675
18677 18676 18674
18678 18674 18671
18674 18678 18679
18677 18674 18679
18680 18677 18679
18678 18680 18679
18677 18680 18681
18682 18673 18675
18680 18678 18683
18678 18671 18658
18682 18675 18684
18675 18685 18684
18673 18686 18672
18686 18673 18682
18684 18686 18682
18686 18667 18672
18678 18658 18657
18683 18678 18657
18667 18686 18687
18670 18667 18687
18687 18688 18670
18684 18685 18689
18684 18689 18686
18690 18670 18688
18669 18670 18690
18691 18669 18690
18692 18669 18691
18692 18666 18669
18666 18692 18693
18666 18693 18664
18693 18554 18664
18554 18693 18559
18694 18693 18692
18559 18693 18694
18695 18692 18691
18694 18692 18695
18696 18688 18687
18696 18687 18686
18696 18686 18689
18697 18690 18688
18698 18691 18690
18690 18697 18698
18559 18694 18576
18699 18695 18691
18699 18691 18698
18695 18700 18694
18576 18694 18700
18697 18701 18698
18702 18695 18699
18695 18702 18700
18697 18703 18701
18704 18703 18697
18697 18688 18704
18696 18704 18688
18704 18696 18705
18705 18703 18704
18699 18698 18706
18698 18701 18706
18696 18707 18705
18696 18689 18707
18707 18689 18685
18582 18576 18700
18702 18699 18708
18708 18699 18706
18702 18709 18700
18582 18700 18709
18703 18710 18701
18703 18705 18711
18707 18711 18705
18703 18711 18710
18701 18712 18706
18712 18701 18710
18709 18702 18713
18713 18702 18708
18708 18706 18714
18712 18714 18706
18582 18709 18715
18715 18709 18713
18715 18592 18582
18716 18710 18711
18713 18708 18717
18717 18708 18714
18718 18712 18710
18716 18718 18710
18711 18719 18716
18712 18720 18714
18718 18720 18712
18715 18597 18592
18715 18713 18721
18721 18713 18717
18717 18714 18722
18722 18714 18720
18716 18723 18718
18715 18724 18597
18715 18721 18724
18721 18717 18725
18725 18717 18722
18718 18726 18720
18726 18718 18723
18723 18716 18727
18719 18727 18716
18722 18720 18728
18726 18728 18720
18721 18729 18724
18721 18725 18729
18597 18724 18730
18608 18597 18730
18731 18725 18722
18731 18722 18728
18732 18726 18723
18724 18729 18733
18730 18724 18733
18725 18734 18729
18731 18734 18725
18726 18735 18728
18726 18732 18735
18736 18733 18729
18734 18736 18729
18728 18737 18731
18735 18737 18728
18738 18608 18730
18608 18738 18617
18730 18733 18739
18739 18733 18736
18731 18740 18734
18731 18737 18740
18741 18617 18738
18617 18741 18621
18735 18742 18737
18734 18743 18736
18734 18740 18743
18744 18739 18736
18736 18743 18744
18737 18745 18740
18737 18742 18745
18746 18741 18738
18746 18739 18744
18746 18738 18730
18730 18739 18746
18741 18746 18747
18743 18740 18748
18740 18745 18748
18749 18745 18742
18746 18744 18750
18747 18746 18750
18751 18744 18743
18751 18743 18748
18744 18752 18750
18752 18744 18751
18745 18753 18748
18745 18749 18753
18753 18751 18748
18747 18750 18754
18750 18752 18754
18749 18755 18753
18756 18755 18749
18749 18742 18756
18757 18752 18751
18751 18753 18757
18754 18752 18758
18752 18757 18758
18753 18755 18759
18760 18759 18755
18760 18755 18756
18757 18753 18761
18759 18761 18753
18762 18757 18761
18757 18762 18758
18762 18763 18758
18756 18742 18764
18742 18735 18764
18683 18657 18656
18719 18711 18707
17748 17760 17745
17760 17762 17745
17744 17745 17762
17805 18163 17807
18765 18766 18767
18766 18765 18768
18769 18767 18766
18767 18769 18770
18771 18770 18769
18770 18771 18772
18773 18768 18765
18768 18773 18774
18773 18775 18774
18775 18773 18776
18776 18777 18775
18777 18776 18778
18778 18779 18777
18779 18778 18780
18781 18780 18778
18782 18772 18771
18772 18782 18783
18772 18783 18784
18784 18783 18785
18786 18784 18785
18784 18786 18787
18787 18788 18784
18788 18787 18789
18790 18788 18789
18788 18790 18791
18792 18791 18790
18791 18792 18793
18790 18794 18792
18794 18790 18795
18789 18795 18790
18792 18796 18793
18795 18789 18797
18787 18797 18789
18797 18787 18798
18795 18799 18794
18799 18795 18800
18797 18800 18795
18800 18797 18801
18798 18801 18797
18801 18798 18802
18798 18803 18802
18803 18798 18804
18800 18805 18799
18805 18800 18806
18801 18806 18800
18794 18807 18792
18807 18794 18808
18808 18809 18807
18809 18808 18810
18787 18804 18798
18804 18787 18786
18811 18809 18810
18809 18811 18812
18813 18812 18811
18812 18813 18814
18808 18815 18810
18815 18811 18810
18815 18808 18816
18811 18815 18817
18817 18813 18811
18813 18817 18818
18794 18816 18808
18816 18794 18799
18799 18819 18816
18819 18799 18805
18820 18816 18819
18816 18820 18815
18820 18817 18815
18817 18820 18821
18821 18818 18817
18822 18819 18805
18819 18822 18823
18823 18820 18819
18824 18823 18822
18823 18824 18825
18820 18823 18825
18818 18821 18826
18820 18827 18821
18827 18820 18825
18824 18827 18825
18827 18824 18828
18828 18821 18827
18821 18828 18826
18829 18805 18806
18830 18829 18806
18829 18830 18831
18831 18832 18829
18805 18829 18832
18832 18831 18833
18834 18833 18831
18830 18834 18831
18833 18834 18835
18834 18836 18835
18836 18834 18837
18834 18830 18837
18837 18803 18836
18803 18837 18802
18830 18802 18837
18806 18801 18830
18802 18830 18801
18838 18781 18839
18840 18838 18839
18773 18840 18839
18841 18840 18773
18838 18840 18842
18841 18842 18840
18842 18841 18796
18843 18842 18796
18842 18843 18844
18807 18844 18843
18844 18807 18809
18809 18845 18844
18842 18845 18838
18845 18842 18844
18838 18845 18814
18838 18814 18781
18845 18809 18812
18845 18812 18814
18792 18807 18843
18792 18843 18796
18796 18841 18793
18765 18793 18841
18773 18765 18841
18839 18776 18773
18767 18793 18765
18767 18791 18793
18791 18767 18770
18791 18770 18788
18788 18770 18772
18784 18788 18772
18778 18776 18839
18781 18778 18839
18846 18847 18848
18847 18846 18849
18849 18850 18847
18850 18849 18851
18852 18849 18846
18849 18852 18853
18853 18851 18849
18851 18853 18854
18855 18854 18853
18854 18855 18856
18857 18856 18855
18855 18858 18857
18858 18855 18859
18859 18853 18852
18853 18859 18855
18856 18857 18860
18861 18846 18848
18861 18852 18846
18852 18861 18862
18863 18852 18862
18852 18863 18859
18858 18859 18863
18864 18862 18861
18862 18864 18865
18866 18865 18864
18865 18866 18867
18868 18867 18866
18867 18868 18869
18870 18869 18868
18868 18871 18870
18871 18868 18872
18866 18872 18868
18869 18870 18873
18874 18869 18873
18869 18874 18875
18875 18867 18869
18876 18875 18874
18875 18876 18877
18877 18878 18875
18867 18875 18878
18878 18865 18867
18878 18877 18879
18872 18866 18880
18881 18873 18870
18881 18870 18871
18881 18871 18882
18873 18881 18883
18884 18873 18883
18873 18884 18874
18876 18874 18884
18879 18885 18878
18879 18863 18885
18865 18878 18885
18862 18885 18863
18885 18862 18865
18879 18858 18863
18886 18883 18881
18882 18886 18881
18883 18886 18887
18888 18887 18886
18882 18888 18886
18887 18888 18889
18888 18890 18889
18890 18888 18891
18892 18887 18889
18890 18892 18889
18887 18892 18893
18883 18893 18884
18893 18883 18887
18884 18893 18894
18893 18892 18894
18892 18890 18895
18896 18892 18895
18892 18896 18894
18888 18897 18891
18897 18888 18882
18897 18898 18891
18898 18897 18899
18900 18898 18899
18898 18900 18901
18902 18901 18900
18901 18902 18903
18901 18904 18898
18904 18901 18903
18904 18891 18898
18891 18904 18890
18904 18895 18890
18902 18905 18903
18905 18904 18903
18905 18902 18906
18906 18907 18905
18904 18905 18907
18895 18904 18907
18907 18896 18895
18907 18906 18908
18896 18907 18908
18894 18876 18884
18909 18910 18911
18910 18909 18912
18912 18913 18910
18913 18912 18914
18914 18915 18913
18915 18914 18916
18916 18917 18915
18917 18916 18918
18918 18916 18919
18920 18913 18915
18920 18915 18921
18921 18915 18917
18913 18920 18922
18921 18923 18920
18923 18922 18920
18922 18923 18924
18925 18924 18923
18926 18925 18923
18921 18926 18923
18925 18926 18927
18924 18925 18928
18928 18929 18924
18929 18922 18924
18929 18928 18930
18930 18931 18929
18931 18930 18932
18930 18933 18932
18928 18934 18930
18930 18934 18933
18934 18928 18935
18928 18936 18935
18936 18928 18925
18936 18925 18937
18937 18925 18927
18935 18938 18934
18933 18934 18938
18933 18938 18939
18938 18935 18940
18941 18935 18936
18935 18941 18940
18937 18941 18936
18942 18939 18938
18939 18942 18943
18944 18943 18942
18942 18945 18944
18945 18942 18946
18946 18938 18940
18938 18946 18942
18946 18947 18945
18947 18946 18948
18948 18940 18941
18940 18948 18946
18948 18949 18947
18948 18950 18949
18950 18948 18941
18937 18950 18941
18922 18929 18951
18952 18951 18929
18910 18951 18952
18913 18951 18910
18951 18913 18922
18952 18929 18931
18910 18952 18911
18880 18866 18864
18861 18880 18864
18861 18848 18880
18953 18954 18955
18954 18956 18955
18956 18954 18957
18957 18954 18958
18954 18953 18958
18953 18959 18958
18959 18960 18958
18961 18960 18959
18960 18961 18962
18963 18962 18961
18962 18963 18964
18963 18965 18964
18960 18966 18958
18966 18957 18958
18966 18960 18967
18962 18967 18960
18967 18962 18968
18968 18962 18964
18969 18957 18966
18969 18966 18967
18957 18969 18970
18957 18970 18956
18969 18971 18970
18972 18970 18971
18971 18973 18972
18974 18972 18973
18973 18975 18974
18975 18973 18976
18972 18974 18977
18978 18972 18977
18972 18978 18979
18970 18972 18979
18977 18980 18978
18980 18977 18981
18974 18981 18977
18981 18982 18980
18982 18981 18983
18981 18974 18984
18984 18983 18981
18985 18976 18973
18973 18971 18985
18986 18985 18971
18985 18986 18987
18988 18987 18986
18987 18988 18989
18990 18989 18988
18989 18990 18991
18988 18992 18990
18992 18988 18993
18986 18993 18988
18983 18984 18994
18995 18990 18992
18990 18995 18996
18996 18991 18990
18991 18996 18997
18998 18997 18996
18998 18996 18995
18997 18998 18999
19000 18999 18998
18999 19000 19001
18998 19002 19000
19002 18998 19003
19003 18998 18995
19002 19003 19004
18995 19005 19003
19005 19004 19003
18968 18992 18993
18993 18967 18968
19006 18992 18968
19005 18995 19006
19006 18995 18992
19007 18999 19001
19008 19007 19001
19007 19008 19009
19010 19007 19009
19007 19010 19011
18999 19007 19012
19011 19012 19007
19012 19011 19013
19013 19014 19012
19014 19013 19015
19015 19016 19014
19016 19015 19017
19018 19016 19017
19016 19018 19019
19020 19019 19018
19019 19020 19021
19022 19021 19020
19021 19022 19023
19024 19023 19022
19023 19024 19025
18997 19012 19014
19012 18997 18999
18991 19014 19016
19014 18991 18997
19019 18991 19016
18991 19019 18989
19021 18989 19019
18987 19021 19023
19025 18987 19023
18989 19021 18987
18987 19025 18985
18976 18985 19025
19026 19025 19024
19025 19026 18976
19027 18976 19026
18976 19027 18975
19027 19028 18975
19028 18974 18975
18974 19028 18984
19028 19027 19029
19029 19030 19028
18984 19028 19030
19030 19029 19031
19031 19032 19030
18994 19030 19032
18994 18984 19030
19032 19031 19033
19033 19034 19032
18994 19032 19034
19034 19033 19035
19035 19036 19034
19036 19035 19037
19037 19038 19036
19038 19037 19039
19040 19038 19039
19038 19040 19041
19038 19041 19042
19036 19043 19034
19036 19038 19043
19043 18994 19034
19038 19042 19043
19044 19043 19042
19043 19044 19045
19045 18994 19043
19046 19045 19044
19045 19046 19047
19048 19047 19046
19042 19049 19044
19049 19042 19050
19050 19042 19041
19050 19051 19049
19052 19049 19051
19049 19052 19053
19053 19044 19049
19044 19053 19046
19054 19046 19053
19046 19054 19055
19055 19048 19046
19051 19050 19056
19050 19057 19056
19053 19058 19054
19058 19053 19052
19059 19057 19050
19057 19059 19060
19060 19061 19057
19061 19060 19062
19059 19063 19060
19063 19059 19064
19057 19065 19056
19065 19057 19061
19060 19066 19062
19066 19060 19063
19041 19064 19059
19050 19041 19059
19064 19041 19040
19055 19067 19048
19067 19068 19048
19048 19068 19069
19070 19069 19068
19069 19070 19071
19072 19048 19069
19071 19073 19069
19073 19071 19074
19069 19075 19072
19075 19069 19073
18982 19072 19075
19072 18982 19047
19048 19072 19047
19073 19076 19075
19076 19073 19077
19074 19077 19073
19075 18980 18982
18980 19075 19076
18983 19047 18982
19047 18983 19045
18994 19045 18983
19076 18978 18980
18978 19076 19078
19077 19078 19076
19078 18979 18978
18979 19078 19079
19080 19079 19078
19078 19077 19080
19081 19080 19077
19077 19074 19081
19080 19081 19082
19082 19083 19080
19079 19080 19083
19083 19082 19084
18979 19079 18956
18956 18970 18979
18955 19079 19083
19079 18955 18956
18955 19083 19084
18953 18955 19084
19085 19086 19087
19086 19085 19088
19089 19087 19086
19089 19090 19087
19090 19089 19091
19092 19087 19090
19087 19092 19093
19093 19085 19087
19094 19092 19090
19091 19094 19090
19092 19094 19095
19096 19095 19094
19095 19096 19097
19094 19091 19098
19099 19094 19098
19099 19096 19094
19096 19099 19100
19085 19093 19101
19102 19101 19093
19101 19102 19103
19104 19093 19092
19093 19104 19102
19095 19104 19092
19105 19095 19097
19095 19105 19106
19104 19095 19106
19106 19107 19104
19107 19102 19104
19107 19106 19108
19108 19106 19109
19109 19106 19105
19102 19110 19103
19102 19107 19111
19102 19111 19110
19109 19112 19108
19112 19107 19108
19107 19112 19113
19113 19111 19107
19114 19113 19112
19115 19114 19112
19109 19115 19112
19114 19115 19116
19113 19114 19117
19118 19117 19114
19114 19119 19118
19116 19119 19114
19117 19118 19120
19121 19117 19120
19117 19121 19122
19120 19123 19121
19123 19120 19124
19120 19125 19124
19125 19120 19118
19119 19125 19118
19126 19117 19122
19117 19126 19113
19111 19113 19126
19122 19127 19126
19127 19122 19128
19122 19129 19128
19122 19121 19129
19129 19121 19123
19129 19123 19130
19131 19130 19123
19123 19124 19131
19130 19131 19132
19133 19132 19131
19134 19133 19131
19124 19134 19131
19133 19134 19135
19136 19135 19134
19136 19134 19124
19136 19124 19125
19135 19136 19137
19138 19137 19136
19139 19136 19125
19136 19139 19138
19110 19126 19127
19110 19111 19126
19119 19139 19125
19140 19141 19142
19141 19140 19143
19140 19144 19143
19144 19140 19145
19146 19142 19141
19147 19144 19145
19141 19148 19146
19141 19149 19148
19149 19141 19143
19144 19149 19143
19149 19144 19150
19147 19150 19144
19146 19151 19142
19151 19146 19152
19153 19147 19145
19147 19153 19154
19155 19142 19151
19142 19155 19156
19156 19140 19142
19140 19156 19157
19145 19158 19153
19158 19145 19159
19159 19140 19157
19140 19159 19145
19160 19156 19155
19156 19160 19161
19162 19156 19161
19156 19162 19157
19162 19159 19157
19163 19158 19159
19159 19162 19163
19158 19163 19164
19161 19165 19162
19165 19163 19162
19165 19161 19166
19166 19161 19160
19166 19160 19167
19163 19165 19168
19164 19163 19168
19166 19169 19165
19169 19168 19165
19169 19166 19170
19167 19170 19166
19170 19171 19169
19172 19169 19171
19171 19173 19172
19174 19172 19173
19173 19175 19174
19175 19173 19176
19177 19175 19176
19178 19177 19176
19177 19178 19179
19178 19180 19179
19180 19178 19181
19172 19174 19182
19168 19183 19182
19169 19172 19183
19168 19169 19183
19183 19172 19182
19173 19171 19184
19184 19176 19173
19176 19184 19178
19185 19178 19184
19178 19185 19181
19171 19185 19184
19185 19186 19181
19180 19181 19186
19187 19180 19186
19186 19185 19188
19189 19188 19185
19185 19171 19189
19171 19170 19189
19188 19189 19167
19167 19189 19170
19180 19190 19179
19190 19180 19191
19187 19191 19180
19192 19190 19191
19187 19192 19191
19190 19192 19193
19194 19193 19192
19193 19194 19195
19196 19193 19195
19193 19196 19197
19197 19190 19193
19198 19197 19196
19197 19198 19199
19190 19197 19200
19199 19200 19197
19199 19177 19200
19192 19201 19194
19201 19192 19187
19201 19202 19194
19202 19195 19194
19202 19201 19203
19204 19202 19203
19202 19204 19205
19206 19205 19204
19205 19206 19207
19208 19205 19207
19205 19208 19202
19195 19202 19208
19206 19209 19207
19209 19208 19207
19209 19206 19210
19211 19209 19210
19209 19211 19212
19208 19209 19212
19212 19195 19208
19195 19212 19196
19212 19198 19196
19198 19212 19211
19213 19214 19215
19216 19213 19215
19215 19217 19216
19218 19216 19217
19216 19218 19219
19219 19220 19216
19213 19216 19220
19220 19219 19221
19217 19215 19222
19223 19219 19218
19219 19223 19224
19218 19225 19223
19218 19226 19225
19226 19218 19227
19217 19227 19218
19227 19217 19228
19222 19228 19217
19229 19222 19215
19214 19229 19215
19222 19229 19230
19230 19231 19222
19228 19222 19231
19231 19230 19232
19224 19233 19219
19221 19219 19233
19228 19234 19227
19234 19228 19235
19235 19236 19234
19236 19235 19237
19237 19238 19236
19239 19236 19238
19236 19239 19240
19238 19237 19241
19237 19242 19241
19242 19237 19243
19235 19243 19237
19243 19244 19242
19244 19243 19245
19243 19235 19246
19247 19243 19246
19247 19245 19243
19236 19240 19248
19236 19248 19234
19228 19246 19235
19246 19228 19231
19231 19247 19246
19249 19241 19242
19241 19249 19250
19251 19250 19249
19250 19251 19252
19252 19253 19250
19253 19241 19250
19253 19252 19254
19253 19254 19255
19256 19255 19254
19255 19256 19257
19257 19256 19258
19259 19251 19249
19259 19260 19251
19260 19259 19261
19260 19261 19262
19263 19260 19262
19263 19254 19252
19254 19263 19256
19251 19263 19252
19263 19251 19260
19258 19256 19263
19263 19264 19258
19262 19264 19263
19249 19265 19259
19255 19266 19253
19266 19238 19253
19266 19239 19238
19241 19253 19238
19242 19265 19249
19242 19244 19265
19267 19268 19269
19270 19267 19269
19267 19270 19271
19268 19272 19269
19272 19268 19273
19274 19269 19272
19269 19274 19275
19275 19270 19269
19272 19276 19274
19276 19272 19277
19273 19277 19272
19278 19276 19277
19276 19278 19279
19277 19273 19280
19277 19280 19281
19270 19275 19282
19283 19277 19281
19277 19283 19278
19284 19282 19275
19282 19284 19285
19275 19286 19284
19286 19275 19274
19279 19287 19276
19274 19287 19286
19287 19274 19276
19287 19279 19288
19289 19286 19287
19289 19287 19290
19290 19287 19288
19286 19289 19291
19291 19284 19286
19284 19292 19285
19284 19291 19293
19284 19293 19292
19290 19294 19289
19289 19295 19291
19295 19289 19294
19295 19293 19291
19294 19296 19295
19296 19297 19295
19293 19295 19297
19292 19293 19297
19297 19296 19298
19298 19299 19297
19292 19297 19299
19299 19298 19300
19298 19301 19300
19296 19302 19298
19298 19302 19301
19302 19296 19303
19296 19304 19303
19304 19296 19305
19296 19294 19305
19304 19305 19306
19307 19305 19294
19305 19307 19308
19306 19305 19308
19303 19309 19302
19309 19301 19302
19310 19301 19309
19309 19303 19311
19304 19311 19303
19311 19304 19312
19312 19304 19306
19309 19313 19310
19313 19309 19314
19313 19314 19315
19316 19315 19314
19309 19316 19314
19316 19309 19311
19315 19316 19317
19316 19318 19317
19318 19316 19319
19319 19311 19312
19311 19319 19316
19320 19318 19319
19312 19320 19319
19320 19312 19321
19312 19306 19321
19290 19307 19294
19322 19323 19324
19325 19322 19324
19322 19325 19326
19323 19327 19324
19327 19323 19328
18914 19324 19327
19324 18914 18912
18912 19325 19324
19327 18916 18914
18916 19327 19329
19328 19329 19327
19329 19328 19330
19330 19331 19329
19331 19330 19332
19325 18912 18909
18919 19329 19331
19329 18919 18916
19333 18854 19334
18854 19333 18851
18851 19333 19335
19334 19336 19333
19333 19336 19335
18856 19334 18854
19334 18856 19337
19337 19338 19334
19334 19338 19336
19339 19338 19337
19338 19339 19340
19335 18850 18851
18850 19335 19341
18860 19337 18856
19337 18860 19339
19342 19343 19344
19345 19342 19344
19345 19346 19342
19346 19345 19347
19342 19348 19343
19348 19342 19346
19349 19343 19348
19348 19350 19349
19350 19348 19351
19346 19351 19348
19351 19352 19350
19352 19351 19353
19354 19353 19351
19351 19346 19354
19347 19354 19346
19353 19354 19355
19356 19350 19352
19350 19356 19357
19357 19349 19350
19349 19357 19358
19343 19349 19359
19358 19359 19349
19359 19358 19360
19360 19361 19359
19361 19360 19362
19361 19343 19359
19343 19361 19363
19364 19358 19357
19364 19357 19356
19364 19356 19365
19358 19364 19366
19366 19360 19358
19360 19366 19367
19362 19360 19367
19362 19367 19368
19354 19369 19355
19355 19369 19370
19371 19366 19364
19365 19371 19364
19366 19371 19372
19372 19367 19366
19373 19372 19371
19365 19373 19371
19374 19373 19365
19373 19374 19375
19376 19375 19374
19375 19376 19377
19377 19378 19375
19378 19377 19379
19380 19378 19379
19378 19380 19381
19382 19381 19380
19381 19382 19383
19384 19375 19378
19375 19384 19373
19381 19384 19378
19372 19373 19384
19385 19379 19377
19385 19377 19376
19385 19376 19386
19379 19385 19387
19379 19388 19380
19388 19379 19387
19382 19380 19388
19383 19389 19381
19384 19381 19389
19389 19383 19368
19389 19372 19384
19372 19389 19390
19390 19389 19368
19367 19372 19390
19367 19390 19368
19391 19387 19385
19386 19391 19385
19387 19391 19392
19391 19393 19392
19393 19391 19394
19386 19394 19391
19393 19395 19392
19395 19387 19392
19387 19395 19388
19388 19395 19396
19395 19393 19397
19395 19397 19396
19397 19398 19396
19398 19397 19399
19399 19397 19393
19393 19394 19400
19400 19394 19386
19399 19401 19398
19401 19399 19402
19402 19403 19401
19403 19404 19401
19404 19403 19405
19406 19405 19403
19402 19406 19403
19407 19405 19406
19405 19407 19408
19407 19409 19408
19405 19410 19404
19408 19410 19405
19407 19411 19409
19407 19406 19411
19412 19409 19411
19406 19412 19411
19409 19412 19413
19386 19413 19412
19414 19402 19399
19402 19414 19406
19412 19406 19414
19415 19414 19399
19412 19414 19415
19416 19417 19418
19416 19419 19417
19420 19416 19418
19416 19420 19421
19422 19421 19420
19421 19422 19423
19423 19424 19421
19416 19424 19419
19424 19416 19421
19424 19423 19425
19426 19425 19423
19426 19423 19422
19427 19418 19417
19418 19427 19428
19429 19426 19422
19426 19429 19430
19428 19431 19418
19431 19428 19432
19433 19418 19431
19418 19433 19420
19422 19434 19429
19434 19422 19435
19435 19420 19433
19420 19435 19422
19436 19431 19432
19431 19436 19437
19431 19438 19433
19438 19431 19437
19435 19439 19434
19439 19435 19440
19433 19440 19435
19440 19433 19438
19438 19441 19440
19439 19440 19441
19441 19438 19442
19438 19443 19442
19443 19438 19437
19443 19437 19436
19443 19436 19444
19445 19442 19443
19443 19444 19445
19442 19445 19446
19447 19446 19445
19444 19447 19445
19446 19447 19448
19449 19446 19448
19448 19450 19449
19451 19449 19450
19450 19452 19451
19452 19450 19453
19454 19453 19450
19450 19448 19454
19453 19454 19455
19454 19456 19455
19456 19454 19457
19457 19448 19447
19448 19457 19454
19457 19458 19456
19458 19457 19459
19447 19459 19457
19459 19447 19444
19449 19451 19460
19461 19455 19456
19461 19456 19458
19461 19458 19462
19455 19461 19463
19464 19455 19463
19455 19464 19453
19452 19453 19464
19465 19449 19460
19441 19465 19460
19446 19449 19465
19465 19442 19446
19442 19465 19441
19460 19439 19441
19466 19463 19461
19462 19466 19461
19463 19466 19467
19467 19464 19463
19468 19467 19466
19462 19468 19466
19467 19468 19469
19468 19470 19469
19470 19468 19471
19472 19467 19469
19470 19472 19469
19467 19472 19473
19464 19467 19473
19474 19464 19473
19474 19473 19472
19472 19470 19475
19476 19472 19475
19472 19476 19474
19468 19477 19471
19477 19468 19462
19478 19471 19477
19471 19478 19479
19480 19479 19478
19479 19480 19481
19480 19482 19481
19482 19480 19483
19484 19481 19482
19481 19484 19479
19471 19484 19470
19484 19471 19479
19484 19475 19470
19483 19485 19482
19485 19484 19482
19485 19483 19486
19486 19487 19485
19484 19485 19487
19475 19484 19487
19487 19486 19488
19475 19488 19476
19488 19475 19487
19474 19452 19464
19489 19490 19491
19490 19489 19492
19492 19493 19490
19493 19492 19494
19494 19495 19493
19495 19494 19496
19494 19005 19496
19495 19496 19497
19494 19492 19004
19004 19492 19489
19005 19494 19004
19002 19004 19489
19005 19006 19496
19006 19498 19496
19496 19498 19497
19499 19497 19498
19498 18965 19499
18965 19498 18964
19006 18964 19498
19006 18968 18964
18993 18986 18969
18971 18969 18986
18969 18967 18993
19369 19354 19500
19354 19347 19500
19001 19501 19008
19501 19001 19000
19396 19382 19388
19227 19248 19226
19227 19234 19248
19344 19363 19502
19363 19344 19343
19229 19214 19503
19182 19164 19168
19200 19179 19190
19179 19200 19177
19177 19199 19175
19068 19067 19504
19505 19068 19504
19068 19505 19070
19231 19232 19247
19506 18774 18775
18774 19506 19507
18775 19508 19506
19508 18775 18777
18777 19509 19508
19509 18777 18779
19510 18774 19507
18774 19510 18768
19511 18768 19510
18768 19511 18766
19512 18766 19511
18766 19512 18769
19513 18769 19512
18769 19513 18771
19514 18771 19513
18771 19514 18782
19515 19516 19517
19516 19515 19518
19519 19517 19516
19517 19519 19520
19515 19521 19518
19521 19515 19522
19522 19523 19521
19523 19522 19524
19525 19526 19527
19526 19525 19528
19529 19527 19526
19527 19529 19530
19525 19531 19528
19531 19525 19532
19532 19533 19531
19533 19532 19534
19535 19536 19537
19536 19535 19538
19539 19538 19535
19538 19539 19540
19535 19541 19539
19541 19535 19542
19537 19542 19535
19542 19537 19543
19539 19544 19540
19544 19539 19545
19541 19545 19539
19545 19546 19544
19546 19545 19547
19545 19541 19548
19548 19547 19545
19547 19548 19549
19550 19551 19552
19551 19550 19553
19554 19552 19551
19552 19554 19555
19556 19550 19552
19550 19556 19557
19552 19558 19556
19558 19552 19555
19550 19559 19553
19559 19550 19560
19560 19561 19559
19561 19560 19562
19563 19550 19557
19550 19563 19560
19564 19560 19563
19560 19564 19562
19565 19566 19567
19566 19565 19568
19569 19568 19565
19568 19569 19570
19566 19571 19567
19571 19566 19572
19572 19573 19571
19573 19572 19574
19575 19576 19577
19576 19575 19578
19579 19578 19575
19578 19579 19580
19576 19581 19577
19581 19576 19582
19582 19583 19581
19583 19582 19584
19585 19586 19587
19586 19585 19588
19588 19589 19586
19589 19588 19590
19591 19585 19587
19585 19591 19592
19591 19593 19592
19593 19591 19594
19595 19596 19597
19596 19595 19598
19598 19599 19596
19599 19598 19600
19601 19595 19597
19595 19601 19602
19603 19602 19601
19602 19603 19604
19605 19606 19607
19606 19605 19608
19609 19607 19606
19607 19609 19610
19609 19611 19610
19611 19609 19612
19612 19613 19611
19613 19612 19614
19615 19616 19617
19617 19616 19618
19617 19618 19619
19620 19617 19619
19621 19622 19617
19617 19622 19623
19617 19623 19624
19625 19617 19624
19626 19627 19628
19627 19626 19629
19630 19628 19627
19628 19630 19631
19626 19632 19629
19632 19626 19633
19633 19634 19632
19634 19633 19635
19636 19637 19638
19637 19636 19639
19640 19639 19636
19639 19640 19641
19640 19642 19641
19642 19640 19643
19643 19644 19642
19644 19643 19645
19646 19647 19648
19647 19646 19649
19650 19649 19646
19649 19650 19651
19650 19652 19651
19652 19650 19653
19653 19654 19652
19654 19653 19655
19656 19657 19658
19657 19656 19659
19658 19660 19656
19660 19658 19661
19656 19660 19662
19663 19656 19662
19664 19657 19659
19663 19662 19664
19657 19664 19665
19666 19665 19664
19664 19662 19666
19665 19666 19667
19668 19669 19662
19669 19670 19662
19671 19670 19669
19669 19672 19671
19672 19669 19673
19670 19671 19674
19675 19672 19673
19668 19662 19675
19672 19675 19676
19677 19676 19675
19675 19662 19677
19676 19677 19678
19679 19680 19681
19680 19679 19682
19683 19682 19679
19682 19683 19684
19680 19685 19681
19685 19680 19686
19686 19687 19685
19687 19686 19688
19689 19690 19691
19690 19689 19692
19693 19691 19690
19691 19693 19694
19689 19695 19692
19695 19689 19696
19696 19697 19695
19697 19696 19698
19699 19700 19701
19700 19699 19702
19703 19701 19700
19701 19703 19704
19699 19705 19702
19705 19699 19706
19706 19707 19705
19707 19706 19708
19709 19710 19711
19710 19709 19712
19713 19712 19709
19712 19713 19714
19709 19715 19713
19715 19709 19716
19711 19716 19709
19716 19711 19717
19713 19718 19714
19718 19713 19719
19715 19719 19713
19719 19720 19718
19720 19719 19721
19719 19715 19722
19722 19721 19719
19721 19722 19723
19724 19725 19726
19725 19724 19727
19728 19726 19725
19726 19728 19729
19730 19724 19726
19724 19730 19731
19726 19732 19730
19732 19726 19729
19724 19733 19727
19733 19724 19734
19734 19735 19733
19735 19734 19736
19737 19724 19731
19724 19737 19734
19738 19734 19737
19734 19738 19736
19739 19740 19741
19740 19739 19742
19743 19742 19739
19742 19743 19744
19740 19745 19741
19745 19740 19746
19746 19747 19745
19747 19746 19748
19749 19750 19751
19750 19749 19752
19753 19752 19749
19752 19753 19754
19750 19755 19751
19755 19750 19756
19756 19757 19755
19757 19756 19758
19759 19760 19761
19760 19759 19762
19763 19760 19762
19760 19763 19764
19765 19759 19761
19759 19765 19766
19767 19766 19765
19766 19767 19768
19769 19770 19771
19770 19769 19772
19772 19773 19770
19773 19772 19774
19775 19769 19771
19769 19775 19776
19777 19776 19775
19776 19777 19778
19779 19780 19781
19780 19779 19782
19783 19781 19780
19781 19783 19784
19783 19785 19784
19785 19783 19786
19786 19787 19785
19787 19786 19788
19789 19790 19791
19790 19789 19792
19793 19791 19790
19791 19793 19794
19789 19795 19792
19795 19789 19796
19796 19797 19795
19797 19796 19798
19799 19800 19801
19800 19799 19802
19803 19802 19799
19802 19803 19804
19803 19805 19804
19805 19803 19806
19806 19807 19805
19807 19806 19808
19809 19810 19811
19810 19809 19812
19813 19812 19809
19812 19813 19814
19813 19815 19814
19815 19813 19816
19816 19817 19815
19817 19816 19818
19819 19820 19821
19820 19819 19822
19823 19822 19819
19822 19823 19824
19820 19825 19821
19825 19820 19826
19826 19827 19825
19827 19826 19828
18048 18050 19829
19830 19831 19832
19832 19833 19830
19834 19830 19833
19830 19834 19835
19836 19830 19835
19831 19830 19836
19835 19837 19836
19838 19835 19834
19835 19838 19839
19837 19835 19839
19833 19832 19840
19841 19840 19832
19842 19841 19832
19832 19831 19842
19840 19841 19843
19844 19843 19841
19843 19844 19845
19846 19845 19844
19844 19847 19846
19847 19844 19848
19849 19846 19847
19846 19849 19850
19851 19850 19849
19850 19851 19852
19853 19852 19851
19852 19853 19854
19855 19848 19844
19855 19841 19842
19844 19841 19855
19853 19856 19854
19853 19857 19856
19853 19858 19857
19853 19859 19858
19859 19860 19858
19845 19846 19861
19850 19861 19846
19861 19850 19862
19852 19862 19850
19862 19852 19863
19854 19863 19852
19863 19854 19864
19854 19856 19864
19865 19866 19867
19866 19865 19868
19868 19869 19866
19869 19868 19870
19870 19871 19869
19871 19870 19872
19872 19873 19871
19873 19872 19874
19874 19875 19873
19875 19874 19876
19877 19875 19876
19875 19877 19878
19867 19879 19865
19879 19867 19880
19880 19881 19879
19882 19878 19877
19883 19880 19867
19880 19883 19884
19884 19885 19880
19885 19881 19880
19867 19886 19883
19887 19883 19886
19883 19887 19888
19886 19889 19887
19889 19886 19890
19890 19891 19889
19891 19890 19892
19892 19893 19891
19893 19892 19894
19894 19895 19893
19895 19894 19896
19896 19897 19895
19897 19896 19898
19886 19867 19866
19866 19890 19886
19890 19866 19869
19869 19892 19890
19892 19869 19871
19871 19894 19892
19894 19871 19873
19873 19896 19894
19896 19873 19875
19875 19898 19896
19898 19875 19878
19899 19898 19878
19898 19899 19900
19898 19900 19897
19900 19899 19901
19902 19900 19901
19899 19903 19901
19904 19903 19899
19903 19904 19905
19882 19899 19878
19899 19882 19906
19907 19839 19908
19839 19909 19908
19909 19839 19838
19908 19910 19907
19909 19910 19908
19909 19911 19910
19909 19912 19911
19912 19909 19913
19912 19913 19914
19915 19914 19913
19914 19915 19916
19907 19837 19839
19837 19907 19917
19917 19907 19918
19919 19917 19918
19919 19918 19920
19921 19916 19915
19921 19915 19922
19922 19923 19921
19924 19923 19922
19925 19926 19918
19907 19925 19918
19927 19928 19884
19928 19885 19884
19928 19929 19885
19929 19930 19885
19885 19930 19881
19930 19931 19881
19932 19881 19931
19881 19932 19879
19930 19933 19931
19933 19934 19931
19935 19931 19934
19935 19932 19931
19936 19935 19934
19937 19938 19939
19939 19940 19937
19939 19941 19940
19941 19939 19942
19942 19939 19943
19944 19941 19942
19943 19944 19942
19944 19943 19945
19945 19943 19946
19944 19945 19947
19945 19948 19947
19948 19945 19946
19948 19946 19949
19946 19950 19949
19946 19951 19950
19950 19952 19949
19949 19952 19953
19952 19954 19953
19955 19943 19939
19955 19939 19938
19956 19946 19943
19943 19955 19956
19946 19956 19957
19957 19951 19946
19951 19958 19950
19959 19952 19950
19952 19959 19960
19952 19960 19961
19962 19959 19950
19963 19964 19965
19966 19964 19963
19963 19967 19966
19967 19963 19968
19969 19968 19963
19965 19969 19963
19968 19969 19970
19968 19971 19967
19971 19968 19972
19970 19972 19968
19964 19966 19973
19973 19974 19964
19975 19964 19974
19964 19975 19965
19974 19973 19976
19976 19977 19974
19977 19976 19978
19978 19979 19977
19980 19977 19979
19977 19980 19981
19979 19982 19980
19982 19979 19983
19983 19984 19982
19984 19983 19985
19985 19986 19984
19986 19985 19987
19988 19977 19981
19988 19975 19974
19977 19988 19974
19986 19987 19989
19986 19989 19990
19986 19990 19991
19986 19991 19992
19992 19991 19993
19979 19978 19994
19994 19983 19979
19983 19994 19995
19995 19985 19983
19985 19995 19996
19996 19987 19985
19987 19996 19997
19987 19997 19989
19998 19999 20000
19999 19998 20001
20002 20000 19999
20000 20002 20003
20004 20003 20002
20003 20004 20005
20006 20005 20004
20005 20006 20007
20008 20007 20006
20007 20008 20009
20008 20010 20009
20010 20008 20011
20012 20001 19998
20001 20012 20013
20013 20012 20014
20015 20010 20011
20013 20016 20001
20016 20013 20017
20017 20013 20018
20018 20013 20014
20004 20019 20006
20019 20004 20020
20020 20021 20019
20021 20020 20022
20023 20022 20020
20022 20023 20024
20025 20024 20023
20016 20026 20025
20024 20025 20026
20026 20016 20027
20028 20019 20021
20019 20028 20029
20030 20029 20028
20029 20030 20031
20025 20001 20016
20001 20025 19999
20023 19999 20025
19999 20023 20002
20020 20002 20023
20002 20020 20004
20031 20008 20029
20006 20029 20008
20029 20006 20019
20008 20031 20011
20032 20011 20031
20031 20033 20032
20031 20030 20033
20033 20034 20032
20035 20034 20033
20032 20034 20036
20037 20032 20036
20036 20038 20037
20015 20011 20032
20032 20039 20015
20040 20041 19972
20042 19972 20041
19972 20042 19971
20041 20040 20043
20042 20041 20043
20042 20043 20044
20042 20044 20045
20045 20046 20042
20045 20047 20046
19970 20040 19972
20040 19970 20048
20048 20049 20040
20050 20049 20048
20050 20051 20049
20040 20049 20052
20052 20049 20053
20047 20054 20046
20054 20047 20055
20056 20054 20055
20056 20057 20054
20057 20056 20058
20059 20057 20058
20060 20017 20061
20061 20017 20018
20061 20018 20062
20062 20018 20063
20018 20014 20063
20063 20014 20064
20065 20064 20014
20014 20012 20065
20063 20064 20066
20066 20064 20067
20068 20067 20064
20068 20064 20065
20069 20067 20068
20070 20071 20072
20071 20070 20073
20071 20073 20074
20074 20075 20071
20075 20076 20071
20077 20075 20074
20076 20075 20077
20077 20078 20076
20078 20079 20076
20077 20080 20078
20078 20080 20081
20081 20079 20078
20081 20082 20079
20079 20082 20083
20079 20083 20084
20083 20082 20085
20082 20086 20085
20085 20086 20087
20088 20076 20079
20079 20089 20088
20089 20079 20084
20076 20088 20090
20090 20071 20076
20090 20072 20071
20085 20091 20092
20085 20093 20091
20092 20094 20085
20095 20096 20097
20097 20096 20098
18511 18526 18509
18509 18526 18516
