stride: 84
first vertex: 0
vertex count: 545
topology: trianglelist
element[0]:
  SemanticName: POSITION
  SemanticIndex: 0
  Format: R32G32B32_FLOAT
  InputSlot: 0
  AlignedByteOffset: 0
  InputSlotClass: per-vertex
  InstanceDataStepRate: 0
element[1]:
  SemanticName: NORMAL
  SemanticIndex: 0
  Format: R32G32B32_FLOAT
  InputSlot: 0
  AlignedByteOffset: 12
  InputSlotClass: per-vertex
  InstanceDataStepRate: 0
element[2]:
  SemanticName: TANGENT
  SemanticIndex: 0
  Format: R32G32B32A32_FLOAT
  InputSlot: 0
  AlignedByteOffset: 24
  InputSlotClass: per-vertex
  InstanceDataStepRate: 0
element[3]:
  SemanticName: BLENDWEIGHTS
  SemanticIndex: 0
  Format: R32G32B32A32_FLOAT
  InputSlot: 0
  AlignedByteOffset: 40
  InputSlotClass: per-vertex
  InstanceDataStepRate: 0
element[4]:
  SemanticName: BLENDINDICES
  SemanticIndex: 0
  Format: R32G32B32A32_UINT
  InputSlot: 0
  AlignedByteOffset: 56
  InputSlotClass: per-vertex
  InstanceDataStepRate: 0
element[5]:
  SemanticName: COLOR
  SemanticIndex: 0
  Format: R8G8B8A8_UNORM
  InputSlot: 0
  AlignedByteOffset: 72
  InputSlotClass: per-vertex
  InstanceDataStepRate: 0
element[6]:
  SemanticName: TEXCOORD
  SemanticIndex: 0
  Format: R32G32_FLOAT
  InputSlot: 0
  AlignedByteOffset: 76
  InputSlotClass: per-vertex
  InstanceDataStepRate: 0

vertex-data:

vb0[0]+000 POSITION: -0.07105965167284012, 2.565959930419922, 0.033870890736579895
vb0[0]+012 NORMAL: -0.846381425857544, -0.5282022356987, -0.06812474876642227
vb0[0]+024 TANGENT: -0.8219819068908691, -0.5313173532485962, -0.20505546033382416, -1.0
vb0[0]+040 BLENDWEIGHTS: 1.0, 0.0, 0.0, 0.0
vb0[0]+056 BLENDINDICES: 0, 0, 0, 0
vb0[0]+072 COLOR: 1.0, 0.5019607843137255, 0.5019607843137255, 0.5019607843137255
vb0[0]+076 TEXCOORD: 0.8171219229698181, 0.3179439604282379

vb0[1]+000 POSITION: -0.06611046195030212, 2.557887315750122, 0.03590979427099228
vb0[1]+012 NORMAL: -0.8144928216934204, -0.5754901170730591, -0.0735706239938736
vb0[1]+024 TANGENT: -0.7690647840499878, -0.6050786972045898, -0.20595911145210266, -1.0
vb0[1]+040 BLENDWEIGHTS: 1.0, 0.0, 0.0, 0.0
vb0[1]+056 BLENDINDICES: 0, 0, 0, 0
vb0[1]+072 COLOR: 1.0, 0.5019607843137255, 0.5019607843137255, 0.5019607843137255
vb0[1]+076 TEXCOORD: 0.8001372814178467, 0.2995228171348572

vb0[2]+000 POSITION: -0.06681360304355621, 2.5577025413513184, 0.04514065012335777
vb0[2]+012 NORMAL: -0.8305273652076721, -0.5558504462242126, 0.035419363528490067
vb0[2]+024 TANGENT: -0.8243610262870789, -0.5658343434333801, 0.016138913109898567, -1.0
vb0[2]+040 BLENDWEIGHTS: 1.0, 0.0, 0.0, 0.0
vb0[2]+056 BLENDINDICES: 0, 0, 0, 0
vb0[2]+072 COLOR: 1.0, 0.5019607843137255, 0.5019607843137255, 0.5019607843137255
vb0[2]+076 TEXCOORD: 0.7794852256774902, 0.3108937740325928

vb0[3]+000 POSITION: -0.07163684070110321, 2.5657784938812256, 0.04334460198879242
vb0[3]+012 NORMAL: -0.8591694831848145, -0.5106256604194641, 0.033002715557813644
vb0[3]+024 TANGENT: -0.8580344319343567, -0.5134373307228088, 0.01261281967163086, -1.0
vb0[3]+040 BLENDWEIGHTS: 1.0, 0.0, 0.0, 0.0
vb0[3]+056 BLENDINDICES: 0, 0, 0, 0
vb0[3]+072 COLOR: 1.0, 0.5019607843137255, 0.5019607843137255, 0.5019607843137255
vb0[3]+076 TEXCOORD: 0.7973509430885315, 0.33134403824806213

vb0[4]+000 POSITION: -0.06536559015512466, 2.558640956878662, 0.060666926205158234
vb0[4]+012 NORMAL: -0.8405694961547852, -0.5270779728889465, 0.12502703070640564
vb0[4]+024 TANGENT: -0.8370147347450256, -0.5327226519584656, 0.12495122849941254, -1.0
vb0[4]+040 BLENDWEIGHTS: 1.0, 0.0, 0.0, 0.0
vb0[4]+056 BLENDINDICES: 0, 0, 0, 0
vb0[4]+072 COLOR: 1.0, 0.5019607843137255, 0.5019607843137255, 0.5019607843137255
vb0[4]+076 TEXCOORD: 0.7422972321510315, 0.3256233334541321

vb0[5]+000 POSITION: -0.0704219713807106, 2.5666310787200928, 0.05838273838162422
vb0[5]+012 NORMAL: -0.8550735712051392, -0.504558265209198, 0.11945781111717224
vb0[5]+024 TANGENT: -0.85517817735672, -0.5045326948165894, 0.11881482601165771, -1.0
vb0[5]+040 BLENDWEIGHTS: 1.0, 0.0, 0.0, 0.0
vb0[5]+056 BLENDINDICES: 0, 0, 0, 0
vb0[5]+072 COLOR: 1.0, 0.5019607843137255, 0.5019607843137255, 0.5019607843137255
vb0[5]+076 TEXCOORD: 0.7618550658226013, 0.3468230664730072

vb0[6]+000 POSITION: -0.06344909220933914, 2.560004234313965, 0.07679815590381622
vb0[6]+012 NORMAL: -0.8425868153572083, -0.5000820159912109, 0.19991332292556763
vb0[6]+024 TANGENT: -0.8384219408035278, -0.5030848979949951, 0.20965266227722168, -1.0
vb0[6]+040 BLENDWEIGHTS: 1.0, 0.0, 0.0, 0.0
vb0[6]+056 BLENDINDICES: 0, 0, 0, 0
vb0[6]+072 COLOR: 1.0, 0.5019607843137255, 0.5019607843137255, 0.5019607843137255
vb0[6]+076 TEXCOORD: 0.704730212688446, 0.3383014500141144

vb0[7]+000 POSITION: -0.06843602657318115, 2.5680174827575684, 0.07415878027677536
vb0[7]+012 NORMAL: -0.8584011197090149, -0.47530731558799744, 0.19295217096805573
vb0[7]+024 TANGENT: -0.8580020666122437, -0.4740672707557678, 0.19771872460842133, -1.0
vb0[7]+040 BLENDWEIGHTS: 1.0, 0.0, 0.0, 0.0
vb0[7]+056 BLENDINDICES: 0, 0, 0, 0
vb0[7]+072 COLOR: 1.0, 0.5019607843137255, 0.5019607843137255, 0.5019607843137255
vb0[7]+076 TEXCOORD: 0.7236344814300537, 0.36026039719581604

vb0[8]+000 POSITION: -0.060654543340206146, 2.561948299407959, 0.08892358839511871
vb0[8]+012 NORMAL: -0.8187747597694397, -0.4659988582134247, 0.3353399336338043
vb0[8]+024 TANGENT: -0.8087785840034485, -0.4724867343902588, 0.35019052028656006, -1.0
vb0[8]+040 BLENDWEIGHTS: 1.0, 0.0, 0.0, 0.0
vb0[8]+056 BLENDINDICES: 0, 0, 0, 0
vb0[8]+072 COLOR: 1.0, 0.5019607843137255, 0.5019607843137255, 0.5019607843137255
vb0[8]+076 TEXCOORD: 0.6785295009613037, 0.3499414920806885

vb0[9]+000 POSITION: -0.06561698019504547, 2.570202589035034, 0.0876588523387909
vb0[9]+012 NORMAL: -0.8326299786567688, -0.4509508013725281, 0.32151320576667786
vb0[9]+024 TANGENT: -0.8286024332046509, -0.4458097815513611, 0.33863210678100586, -1.0
vb0[9]+040 BLENDWEIGHTS: 1.0, 0.0, 0.0, 0.0
vb0[9]+056 BLENDINDICES: 0, 0, 0, 0
vb0[9]+072 COLOR: 1.0, 0.5019607843137255, 0.5019607843137255, 0.5019607843137255
vb0[9]+076 TEXCOORD: 0.6935306191444397, 0.37283217906951904

vb0[10]+000 POSITION: -0.05734582245349884, 2.5644049644470215, 0.09743081033229828
vb0[10]+012 NORMAL: -0.7709400653839111, -0.41420167684555054, 0.4838268756866455
vb0[10]+024 TANGENT: -0.7601804733276367, -0.42512235045433044, 0.491321325302124, -1.0
vb0[10]+040 BLENDWEIGHTS: 1.0, 0.0, 0.0, 0.0
vb0[10]+056 BLENDINDICES: 0, 0, 0, 0
vb0[10]+072 COLOR: 1.0, 0.5019607843137255, 0.5019607843137255, 0.5019607843137255
vb0[10]+076 TEXCOORD: 0.6595116853713989, 0.36131390929222107

vb0[11]+000 POSITION: -0.06216557323932648, 2.5725746154785156, 0.09631374478340149
vb0[11]+012 NORMAL: -0.7825756669044495, -0.3985876441001892, 0.4782291054725647
vb0[11]+024 TANGENT: -0.7801668047904968, -0.3966875970363617, 0.48371338844299316, -1.0
vb0[11]+040 BLENDWEIGHTS: 1.0, 0.0, 0.0, 0.0
vb0[11]+056 BLENDINDICES: 0, 0, 0, 0
vb0[11]+072 COLOR: 1.0, 0.5019607843137255, 0.5019607843137255, 0.5019607843137255
vb0[11]+076 TEXCOORD: 0.674125611782074, 0.38232555985450745

vb0[12]+000 POSITION: -0.05398692935705185, 2.5669915676116943, 0.10387297719717026
vb0[12]+012 NORMAL: -0.6882482767105103, -0.34513580799102783, 0.6381187438964844
vb0[12]+024 TANGENT: -0.6708924174308777, -0.3572064936161041, 0.6498515009880066, -1.0
vb0[12]+040 BLENDWEIGHTS: 1.0, 0.0, 0.0, 0.0
vb0[12]+056 BLENDINDICES: 0, 0, 0, 0
vb0[12]+072 COLOR: 1.0, 0.5019607843137255, 0.5019607843137255, 0.5019607843137255
vb0[12]+076 TEXCOORD: 0.6450645923614502, 0.37152910232543945

vb0[13]+000 POSITION: -0.05855144187808037, 2.574985980987549, 0.10313865542411804
vb0[13]+012 NORMAL: -0.688563883304596, -0.32581785321235657, 0.6478599309921265
vb0[13]+024 TANGENT: -0.686520516872406, -0.32400766015052795, 0.6509289145469666, -1.0
vb0[13]+040 BLENDWEIGHTS: 1.0, 0.0, 0.0, 0.0
vb0[13]+056 BLENDINDICES: 0, 0, 0, 0
vb0[13]+072 COLOR: 1.0, 0.5019607843137255, 0.5019607843137255, 0.5019607843137255
vb0[13]+076 TEXCOORD: 0.6576642990112305, 0.392284095287323

vb0[14]+000 POSITION: -0.049153104424476624, 2.5704052448272705, 0.10901018232107162
vb0[14]+012 NORMAL: -0.5807273983955383, -0.21633270382881165, 0.7848285436630249
vb0[14]+024 TANGENT: -0.560429036617279, -0.2493758499622345, 0.7897664904594421, -1.0
vb0[14]+040 BLENDWEIGHTS: 1.0, 0.0, 0.0, 0.0
vb0[14]+056 BLENDINDICES: 0, 0, 0, 0
vb0[14]+072 COLOR: 1.0, 0.5019607843137255, 0.5019607843137255, 0.5019607843137255
vb0[14]+076 TEXCOORD: 0.629150390625, 0.38243368268013

vb0[15]+000 POSITION: -0.05312017351388931, 2.578021764755249, 0.10829471051692963
vb0[15]+012 NORMAL: -0.5653856992721558, -0.21348442137241364, 0.7967204451560974
vb0[15]+024 TANGENT: -0.5643399953842163, -0.2124430537223816, 0.797739565372467, -1.0
vb0[15]+040 BLENDWEIGHTS: 1.0, 0.0, 0.0, 0.0
vb0[15]+056 BLENDINDICES: 0, 0, 0, 0
vb0[15]+072 COLOR: 1.0, 0.5019607843137255, 0.5019607843137255, 0.5019607843137255
vb0[15]+076 TEXCOORD: 0.6402890682220459, 0.40135014057159424

vb0[16]+000 POSITION: -0.043754614889621735, 2.5740060806274414, 0.11340195685625076
vb0[16]+012 NORMAL: -0.5246671438217163, -0.14670732617378235, 0.8385710120201111
vb0[16]+024 TANGENT: -0.5102304220199585, -0.18205606937408447, 0.8405476808547974, -1.0
vb0[16]+040 BLENDWEIGHTS: 1.0, 0.0, 0.0, 0.0
vb0[16]+056 BLENDINDICES: 0, 0, 0, 0
vb0[16]+072 COLOR: 1.0, 0.5019607843137255, 0.5019607843137255, 0.5019607843137255
vb0[16]+076 TEXCOORD: 0.6134237051010132, 0.3933698832988739

vb0[17]+000 POSITION: -0.04731244966387749, 2.5811755657196045, 0.11261409521102905
vb0[17]+012 NORMAL: -0.5014597773551941, -0.13873830437660217, 0.8539845943450928
vb0[17]+024 TANGENT: -0.5042158961296082, -0.14080460369586945, 0.8520213961601257, -1.0
vb0[17]+040 BLENDWEIGHTS: 1.0, 0.0, 0.0, 0.0
vb0[17]+056 BLENDINDICES: 0, 0, 0, 0
vb0[17]+072 COLOR: 1.0, 0.5019607843137255, 0.5019607843137255, 0.5019607843137255
vb0[17]+076 TEXCOORD: 0.6239262223243713, 0.4114089906215668

vb0[18]+000 POSITION: -0.03609563782811165, 2.5792229175567627, 0.11855746060609818
vb0[18]+012 NORMAL: -0.4831089675426483, -0.06366928666830063, 0.873242199420929
vb0[18]+024 TANGENT: -0.4510519504547119, -0.07525240629911423, 0.8893195390701294, -1.0
vb0[18]+040 BLENDWEIGHTS: 1.0, 0.0, 0.0, 0.0
vb0[18]+056 BLENDINDICES: 0, 0, 0, 0
vb0[18]+072 COLOR: 1.0, 0.5019607843137255, 0.5019607843137255, 0.5019607843137255
vb0[18]+076 TEXCOORD: 0.5928802490234375, 0.4082971215248108

vb0[19]+000 POSITION: -0.039502449333667755, 2.5856404304504395, 0.11713562905788422
vb0[19]+012 NORMAL: -0.4665376543998718, -0.040466997772455215, 0.8835750818252563
vb0[19]+024 TANGENT: -0.4405066967010498, -0.02399224229156971, 0.8974286317825317, -1.0
vb0[19]+040 BLENDWEIGHTS: 1.0, 0.0, 0.0, 0.0
vb0[19]+056 BLENDINDICES: 0, 0, 0, 0
vb0[19]+072 COLOR: 1.0, 0.5019607843137255, 0.5019607843137255, 0.5019607843137255
vb0[19]+076 TEXCOORD: 0.6033511161804199, 0.42438989877700806

vb0[20]+000 POSITION: -0.02788475714623928, 2.584224224090576, 0.12308356165885925
vb0[20]+012 NORMAL: -0.4474588930606842, 0.0008275396539829671, 0.8943041563034058
vb0[20]+024 TANGENT: -0.4216616451740265, 0.02863657847046852, 0.9063010215759277, -1.0
vb0[20]+040 BLENDWEIGHTS: 1.0, 0.0, 0.0, 0.0
vb0[20]+056 BLENDINDICES: 0, 0, 0, 0
vb0[20]+072 COLOR: 1.0, 0.5019607843137255, 0.5019607843137255, 0.5019607843137255
vb0[20]+076 TEXCOORD: 0.5729889869689941, 0.4221215844154358

vb0[21]+000 POSITION: -0.031196994706988335, 2.5908589363098145, 0.12130512297153473
vb0[21]+012 NORMAL: -0.4255608916282654, 0.06760326027870178, 0.9024010896682739
vb0[21]+024 TANGENT: -0.3984389901161194, 0.08082497864961624, 0.9136267304420471, -1.0
vb0[21]+040 BLENDWEIGHTS: 1.0, 0.0, 0.0, 0.0
vb0[21]+056 BLENDINDICES: 0, 0, 0, 0
vb0[21]+072 COLOR: 1.0, 0.5019607843137255, 0.5019607843137255, 0.5019607843137255
vb0[21]+076 TEXCOORD: 0.583721399307251, 0.43908217549324036

vb0[22]+000 POSITION: -0.020524153485894203, 2.5885748863220215, 0.12624430656433105
vb0[22]+012 NORMAL: -0.46518296003341675, 0.09847860038280487, 0.879719614982605
vb0[22]+024 TANGENT: -0.4626597464084625, 0.12188901007175446, 0.8781167268753052, -1.0
vb0[22]+040 BLENDWEIGHTS: 1.0, 0.0, 0.0, 0.0
vb0[22]+056 BLENDINDICES: 0, 0, 0, 0
vb0[22]+072 COLOR: 1.0, 0.5019607843137255, 0.5019607843137255, 0.5019607843137255
vb0[22]+076 TEXCOORD: 0.5553790926933289, 0.4354470372200012

vb0[23]+000 POSITION: -0.02284305728971958, 2.596510171890259, 0.12355968356132507
vb0[23]+012 NORMAL: -0.44335201382637024, 0.2103920429944992, 0.8713060617446899
vb0[23]+024 TANGENT: -0.4497664272785187, 0.20691561698913574, 0.8688476085662842, -1.0
vb0[23]+040 BLENDWEIGHTS: 1.0, 0.0, 0.0, 0.0
vb0[23]+056 BLENDINDICES: 0, 0, 0, 0
vb0[23]+072 COLOR: 1.0, 0.5019607843137255, 0.5019607843137255, 0.5019607843137255
vb0[23]+076 TEXCOORD: 0.5661185383796692, 0.45627424120903015

vb0[24]+000 POSITION: -0.014330081641674042, 2.592390775680542, 0.12975041568279266
vb0[24]+012 NORMAL: -0.6641157865524292, 0.19894252717494965, 0.7206747531890869
vb0[24]+024 TANGENT: -0.6839162111282349, 0.2041248232126236, 0.7004225254058838, -1.0
vb0[24]+040 BLENDWEIGHTS: 1.0, 0.0, 0.0, 0.0
vb0[24]+056 BLENDINDICES: 0, 0, 0, 0
vb0[24]+072 COLOR: 1.0, 0.5019607843137255, 0.5019607843137255, 0.5019607843137255
vb0[24]+076 TEXCOORD: 0.5421043634414673, 0.44677168130874634

vb0[25]+000 POSITION: -0.015658576041460037, 2.6009984016418457, 0.12599444389343262
vb0[25]+012 NORMAL: -0.5474562644958496, 0.2622672915458679, 0.7946744561195374
vb0[25]+024 TANGENT: -0.5685293674468994, 0.226098895072937, 0.790982723236084, -1.0
vb0[25]+040 BLENDWEIGHTS: 1.0, 0.0, 0.0, 0.0
vb0[25]+056 BLENDINDICES: 0, 0, 0, 0
vb0[25]+072 COLOR: 1.0, 0.5019607843137255, 0.5019607843137255, 0.5019607843137255
vb0[25]+076 TEXCOORD: 0.5486354827880859, 0.4702792167663574

vb0[26]+000 POSITION: -0.00928849820047617, 2.6054975986480713, 0.1296728253364563
vb0[26]+012 NORMAL: -0.7756500244140625, 0.2745915651321411, 0.5683013200759888
vb0[26]+024 TANGENT: -0.780305802822113, 0.27022698521614075, 0.5640038847923279, -1.0
vb0[26]+040 BLENDWEIGHTS: 1.0, 0.0, 0.0, 0.0
vb0[26]+056 BLENDINDICES: 0, 0, 0, 0
vb0[26]+072 COLOR: 1.0, 0.5019607843137255, 0.5019607843137255, 0.5019607843137255
vb0[26]+076 TEXCOORD: 0.5304244756698608, 0.4827541410923004

vb0[27]+000 POSITION: -0.031490109860897064, 2.5728867053985596, 0.12081016600131989
vb0[27]+012 NORMAL: -0.4793931245803833, -0.08705514669418335, 0.8732717037200928
vb0[27]+024 TANGENT: -0.46882879734039307, -0.12241523712873459, 0.8747650980949402, -1.0
vb0[27]+040 BLENDWEIGHTS: 1.0, 0.0, 0.0, 0.0
vb0[27]+056 BLENDINDICES: 0, 0, 0, 0
vb0[27]+072 COLOR: 1.0, 0.5019607843137255, 0.5019607843137255, 0.5019607843137255
vb0[27]+076 TEXCOORD: 0.5799016952514648, 0.39219292998313904

vb0[28]+000 POSITION: -0.023210078477859497, 2.5778722763061523, 0.12525539100170135
vb0[28]+012 NORMAL: -0.47294485569000244, -0.0391516275703907, 0.8802217245101929
vb0[28]+024 TANGENT: -0.4632754325866699, -0.034589946269989014, 0.8855390548706055, -1.0
vb0[28]+040 BLENDWEIGHTS: 1.0, 0.0, 0.0, 0.0
vb0[28]+056 BLENDINDICES: 0, 0, 0, 0
vb0[28]+072 COLOR: 1.0, 0.5019607843137255, 0.5019607843137255, 0.5019607843137255
vb0[28]+076 TEXCOORD: 0.5591996908187866, 0.4059063792228699

vb0[29]+000 POSITION: -0.01723223552107811, 2.581063985824585, 0.1285402625799179
vb0[29]+012 NORMAL: -0.6173554062843323, -0.002623844426125288, 0.7866799831390381
vb0[29]+024 TANGENT: -0.6181421875953674, 0.0012578964233398438, 0.7860653400421143, -1.0
vb0[29]+040 BLENDWEIGHTS: 1.0, 0.0, 0.0, 0.0
vb0[29]+056 BLENDINDICES: 0, 0, 0, 0
vb0[29]+072 COLOR: 1.0, 0.5019607843137255, 0.5019607843137255, 0.5019607843137255
vb0[29]+076 TEXCOORD: 0.5443066954612732, 0.4157326817512512

vb0[30]+000 POSITION: -0.026500817388296127, 2.567401885986328, 0.12271524220705032
vb0[30]+012 NORMAL: -0.4901857078075409, -0.1339864283800125, 0.8612581491470337
vb0[30]+024 TANGENT: -0.49556082487106323, -0.13704362511634827, 0.8576937913894653, -1.0
vb0[30]+040 BLENDWEIGHTS: 1.0, 0.0, 0.0, 0.0
vb0[30]+056 BLENDINDICES: 0, 0, 0, 0
vb0[30]+072 COLOR: 1.0, 0.5019607843137255, 0.5019607843137255, 0.0
vb0[30]+076 TEXCOORD: 0.566123366355896, 0.3783516585826874

vb0[31]+000 POSITION: -0.0183350071310997, 2.571918249130249, 0.1278506964445114
vb0[31]+012 NORMAL: -0.5033005475997925, -0.0618923120200634, 0.86189204454422
vb0[31]+024 TANGENT: -0.49268099665641785, -0.0593368336558342, 0.8681846857070923, -1.0
vb0[31]+040 BLENDWEIGHTS: 1.0, 0.0, 0.0, 0.0
vb0[31]+056 BLENDINDICES: 0, 0, 0, 0
vb0[31]+072 COLOR: 1.0, 0.5019607843137255, 0.5019607843137255, 0.0
vb0[31]+076 TEXCOORD: 0.5440638661384583, 0.39178431034088135

vb0[32]+000 POSITION: -0.03187854215502739, 2.562469959259033, 0.11842500418424606
vb0[32]+012 NORMAL: -0.4993816018104553, -0.21708250045776367, 0.8387450575828552
vb0[32]+024 TANGENT: -0.5137288570404053, -0.22739972174167633, 0.8272678256034851, -1.0
vb0[32]+040 BLENDWEIGHTS: 1.0, 0.0, 0.0, 0.0
vb0[32]+056 BLENDINDICES: 0, 0, 0, 0
vb0[32]+072 COLOR: 1.0, 0.5019607843137255, 0.5019607843137255, 0.0
vb0[32]+076 TEXCOORD: 0.5803393721580505, 0.3644401729106903

vb0[33]+000 POSITION: -0.037276558578014374, 2.567444324493408, 0.11657293885946274
vb0[33]+012 NORMAL: -0.5205552577972412, -0.17346078157424927, 0.8360224366188049
vb0[33]+024 TANGENT: -0.5105026960372925, -0.21042487025260925, 0.8337315917015076, -1.0
vb0[33]+040 BLENDWEIGHTS: 1.0, 0.0, 0.0, 0.0
vb0[33]+056 BLENDINDICES: 0, 0, 0, 0
vb0[33]+072 COLOR: 1.0, 0.5019607843137255, 0.5019607843137255, 0.5019607843137255
vb0[33]+076 TEXCOORD: 0.5951433181762695, 0.37700021266937256

vb0[34]+000 POSITION: -0.034220874309539795, 2.5583090782165527, 0.11562944203615189
vb0[34]+012 NORMAL: -0.5345643758773804, -0.28518548607826233, 0.7955564856529236
vb0[34]+024 TANGENT: -0.5350897312164307, -0.29264938831329346, 0.7924867868423462, -1.0
vb0[34]+040 BLENDWEIGHTS: 1.0, 0.0, 0.0, 0.0
vb0[34]+056 BLENDINDICES: 0, 0, 0, 0
vb0[34]+072 COLOR: 1.0, 0.5019607843137255, 0.5019607843137255, 0.0
vb0[34]+076 TEXCOORD: 0.587272584438324, 0.3523328900337219

vb0[35]+000 POSITION: -0.0408175066113472, 2.562112331390381, 0.11240112781524658
vb0[35]+012 NORMAL: -0.538026750087738, -0.2966153919696808, 0.7890161275863647
vb0[35]+024 TANGENT: -0.5352040529251099, -0.29712003469467163, 0.7907441854476929, -1.0
vb0[35]+040 BLENDWEIGHTS: 1.0, 0.0, 0.0, 0.0
vb0[35]+056 BLENDINDICES: 0, 0, 0, 0
vb0[35]+072 COLOR: 1.0, 0.5019607843137255, 0.5019607843137255, 0.5019607843137255
vb0[35]+076 TEXCOORD: 0.605998694896698, 0.36145299673080444

vb0[36]+000 POSITION: -0.02096938155591488, 2.56125545501709, 0.1248633861541748
vb0[36]+012 NORMAL: -0.5224803686141968, -0.1570364385843277, 0.8380655646324158
vb0[36]+024 TANGENT: -0.5349496006965637, -0.16144020855426788, 0.8293166160583496, -1.0
vb0[36]+040 BLENDWEIGHTS: 1.0, 0.0, 0.0, 0.0
vb0[36]+056 BLENDINDICES: 0, 0, 0, 0
vb0[36]+072 COLOR: 1.0, 0.5019607843137255, 0.5019607843137255, 0.0
vb0[36]+076 TEXCOORD: 0.5502941608428955, 0.36414316296577454

vb0[37]+000 POSITION: -0.013315790332853794, 2.5651769638061523, 0.13022318482398987
vb0[37]+012 NORMAL: -0.49039793014526367, -0.06494460254907608, 0.8690754175186157
vb0[37]+024 TANGENT: -0.49797680974006653, -0.047247111797332764, 0.865902304649353, -1.0
vb0[37]+040 BLENDWEIGHTS: 1.0, 0.0, 0.0, 0.0
vb0[37]+056 BLENDINDICES: 0, 0, 0, 0
vb0[37]+072 COLOR: 1.0, 0.5019607843137255, 0.5019607843137255, 0.0
vb0[37]+076 TEXCOORD: 0.529949426651001, 0.3757331073284149

vb0[38]+000 POSITION: -0.02599557861685753, 2.5575473308563232, 0.12066197395324707
vb0[38]+012 NORMAL: -0.5148723721504211, -0.24364639818668365, 0.8219140768051147
vb0[38]+024 TANGENT: -0.5243319272994995, -0.26789143681526184, 0.8082761168479919, -1.0
vb0[38]+040 BLENDWEIGHTS: 1.0, 0.0, 0.0, 0.0
vb0[38]+056 BLENDINDICES: 0, 0, 0, 0
vb0[38]+072 COLOR: 1.0, 0.5019607843137255, 0.5019607843137255, 0.0
vb0[38]+076 TEXCOORD: 0.5636529326438904, 0.3527425229549408

vb0[39]+000 POSITION: -0.027738472446799278, 2.554938316345215, 0.11857224255800247
vb0[39]+012 NORMAL: -0.5065613389015198, -0.315240740776062, 0.8025079369544983
vb0[39]+024 TANGENT: -0.5024759769439697, -0.3491072356700897, 0.7909753918647766, -1.0
vb0[39]+040 BLENDWEIGHTS: 1.0, 0.0, 0.0, 0.0
vb0[39]+056 BLENDINDICES: 0, 0, 0, 0
vb0[39]+072 COLOR: 1.0, 0.5019607843137255, 0.5019607843137255, 0.0
vb0[39]+076 TEXCOORD: 0.568553626537323, 0.3449068069458008

vb0[40]+000 POSITION: -0.023664705455303192, 2.5529515743255615, 0.12002450972795486
vb0[40]+012 NORMAL: -0.4571719467639923, -0.4699680209159851, 0.7550654411315918
vb0[40]+024 TANGENT: -0.4048287868499756, -0.5647193789482117, 0.719170093536377, -1.0
vb0[40]+040 BLENDWEIGHTS: 1.0, 0.0, 0.0, 0.0
vb0[40]+056 BLENDINDICES: 0, 0, 0, 0
vb0[40]+072 COLOR: 1.0, 0.5019607843137255, 0.5019607843137255, 0.0
vb0[40]+076 TEXCOORD: 0.5576373338699341, 0.3408767580986023

vb0[41]+000 POSITION: -0.022299818694591522, 2.5544066429138184, 0.12191952764987946
vb0[41]+012 NORMAL: -0.5302280783653259, -0.33619800209999084, 0.7783502340316772
vb0[41]+024 TANGENT: -0.4960842430591583, -0.42747268080711365, 0.7557563185691833, -1.0
vb0[41]+040 BLENDWEIGHTS: 1.0, 0.0, 0.0, 0.0
vb0[41]+056 BLENDINDICES: 0, 0, 0, 0
vb0[41]+072 COLOR: 1.0, 0.5019607843137255, 0.5019607843137255, 0.0
vb0[41]+076 TEXCOORD: 0.5536225438117981, 0.3457339107990265

vb0[42]+000 POSITION: -0.02199927531182766, 2.552356719970703, 0.12008476257324219
vb0[42]+012 NORMAL: -0.28870996832847595, -0.7792989611625671, 0.5561832189559937
vb0[42]+024 TANGENT: -0.21737919747829437, -0.8206955790519714, 0.5283984541893005, -1.0
vb0[42]+040 BLENDWEIGHTS: 1.0, 0.0, 0.0, 0.0
vb0[42]+056 BLENDINDICES: 0, 0, 0, 0
vb0[42]+072 COLOR: 1.0, 0.5019607843137255, 0.5019607843137255, 0.0
vb0[42]+076 TEXCOORD: 0.5537728071212769, 0.33945417404174805

vb0[43]+000 POSITION: -0.020360080525279045, 2.5530588626861572, 0.12213003635406494
vb0[43]+012 NORMAL: -0.38652974367141724, -0.6646960973739624, 0.6393542289733887
vb0[43]+024 TANGENT: -0.3457120656967163, -0.7192555665969849, 0.6026231050491333, -1.0
vb0[43]+040 BLENDWEIGHTS: 1.0, 0.0, 0.0, 0.0
vb0[43]+056 BLENDINDICES: 0, 0, 0, 0
vb0[43]+072 COLOR: 1.0, 0.5019607843137255, 0.5019607843137255, 0.0
vb0[43]+076 TEXCOORD: 0.5489025115966797, 0.3427516520023346

vb0[44]+000 POSITION: -0.01801900379359722, 2.556506395339966, 0.12586405873298645
vb0[44]+012 NORMAL: -0.5543319582939148, -0.22255027294158936, 0.8019896745681763
vb0[44]+024 TANGENT: -0.528216540813446, -0.30560341477394104, 0.7922083139419556, -1.0
vb0[44]+040 BLENDWEIGHTS: 1.0, 0.0, 0.0, 0.0
vb0[44]+056 BLENDINDICES: 0, 0, 0, 0
vb0[44]+072 COLOR: 1.0, 0.5019607843137255, 0.5019607843137255, 0.0
vb0[44]+076 TEXCOORD: 0.5421051383018494, 0.35293716192245483

vb0[45]+000 POSITION: -0.016523269936442375, 2.5541141033172607, 0.12549848854541779
vb0[45]+012 NORMAL: -0.40101751685142517, -0.5994141697883606, 0.6927392482757568
vb0[45]+024 TANGENT: -0.3768352270126343, -0.6404966115951538, 0.6691482067108154, -1.0
vb0[45]+040 BLENDWEIGHTS: 1.0, 0.0, 0.0, 0.0
vb0[45]+056 BLENDINDICES: 0, 0, 0, 0
vb0[45]+072 COLOR: 1.0, 0.5019607843137255, 0.5019607843137255, 0.0
vb0[45]+076 TEXCOORD: 0.5385642051696777, 0.346683531999588

vb0[46]+000 POSITION: -0.01110018603503704, 2.5554163455963135, 0.12950855493545532
vb0[46]+012 NORMAL: -0.3563592731952667, -0.6035856604576111, 0.7132267355918884
vb0[46]+024 TANGENT: -0.35077664256095886, -0.6254085302352905, 0.6970078349113464, -1.0
vb0[46]+040 BLENDWEIGHTS: 1.0, 0.0, 0.0, 0.0
vb0[46]+056 BLENDINDICES: 0, 0, 0, 0
vb0[46]+072 COLOR: 1.0, 0.5019607843137255, 0.5019607843137255, 0.0
vb0[46]+076 TEXCOORD: 0.5252687335014343, 0.3509887456893921

vb0[47]+000 POSITION: -0.011649243533611298, 2.558555841445923, 0.13102787733078003
vb0[47]+012 NORMAL: -0.5322802066802979, -0.14196154475212097, 0.8345805406570435
vb0[47]+024 TANGENT: -0.4995829463005066, -0.24328750371932983, 0.8314012885093689, -1.0
vb0[47]+040 BLENDWEIGHTS: 1.0, 0.0, 0.0, 0.0
vb0[47]+056 BLENDINDICES: 0, 0, 0, 0
vb0[47]+072 COLOR: 1.0, 0.5019607843137255, 0.5019607843137255, 0.0
vb0[47]+076 TEXCOORD: 0.5262622833251953, 0.3596385419368744

vb0[48]+000 POSITION: -0.01061573438346386, 2.553234100341797, 0.1269359588623047
vb0[48]+012 NORMAL: -0.1993456333875656, -0.8312010169029236, 0.5190048813819885
vb0[48]+024 TANGENT: -0.1987072229385376, -0.8399149775505066, 0.505033016204834, -1.0
vb0[48]+040 BLENDWEIGHTS: 1.0, 0.0, 0.0, 0.0
vb0[48]+056 BLENDINDICES: 0, 0, 0, 0
vb0[48]+072 COLOR: 1.0, 0.5019607843137255, 0.5019607843137255, 0.0
vb0[48]+076 TEXCOORD: 0.5251268148422241, 0.34286218881607056

vb0[49]+000 POSITION: -0.01566825434565544, 2.5527045726776123, 0.12387444823980331
vb0[49]+012 NORMAL: -0.2114873230457306, -0.8653020262718201, 0.4544508159160614
vb0[49]+024 TANGENT: -0.20953871309757233, -0.8675867915153503, 0.45098429918289185, -1.0
vb0[49]+040 BLENDWEIGHTS: 1.0, 0.0, 0.0, 0.0
vb0[49]+056 BLENDINDICES: 0, 0, 0, 0
vb0[49]+072 COLOR: 1.0, 0.5019607843137255, 0.5019607843137255, 0.0
vb0[49]+076 TEXCOORD: 0.5376367568969727, 0.34131237864494324

vb0[50]+000 POSITION: -0.005939669907093048, 2.5666067600250244, 0.1335742473602295
vb0[50]+012 NORMAL: -0.36394304037094116, 0.054524924606084824, 0.9298238754272461
vb0[50]+024 TANGENT: -0.35447850823402405, 0.05184520035982132, 0.9336257576942444, -1.0
vb0[50]+040 BLENDWEIGHTS: 1.0, 0.0, 0.0, 0.0
vb0[50]+056 BLENDINDICES: 0, 0, 0, 0
vb0[50]+072 COLOR: 1.0, 0.5019607843137255, 0.5019607843137255, 0.0
vb0[50]+076 TEXCOORD: 0.513735294342041, 0.3762088716030121

vb0[51]+000 POSITION: -0.00551283685490489, 2.5597457885742188, 0.13530988991260529
vb0[51]+012 NORMAL: -0.4385323226451874, -0.049626827239990234, 0.8973442316055298
vb0[51]+024 TANGENT: -0.37847793102264404, -0.174346923828125, 0.9090421199798584, -1.0
vb0[51]+040 BLENDWEIGHTS: 1.0, 0.0, 0.0, 0.0
vb0[51]+056 BLENDINDICES: 0, 0, 0, 0
vb0[51]+072 COLOR: 1.0, 0.5019607843137255, 0.5019607843137255, 0.0
vb0[51]+076 TEXCOORD: 0.5133230090141296, 0.36376821994781494

vb0[52]+000 POSITION: -2.7644553419045516e-16, 2.566333055496216, 0.13495618104934692
vb0[52]+012 NORMAL: 1.4300386510512908e-06, 0.14506478607654572, 0.9894221425056458
vb0[52]+024 TANGENT: 0.0, 0.12296903133392334, 0.9924105405807495, -1.0
vb0[52]+040 BLENDWEIGHTS: 1.0, 0.0, 0.0, 0.0
vb0[52]+056 BLENDINDICES: 0, 0, 0, 0
vb0[52]+072 COLOR: 1.0, 0.5019607843137255, 0.5019607843137255, 0.30196078431372547
vb0[52]+076 TEXCOORD: 0.5, 0.37579840421676636

vb0[53]+000 POSITION: -2.7644553419045516e-16, 2.5598199367523193, 0.13721393048763275
vb0[53]+012 NORMAL: 0.0, -0.01023794710636139, 0.9999476671218872
vb0[53]+024 TANGENT: 0.0, -0.15520574152469635, 0.9878822565078735, -1.0
vb0[53]+040 BLENDWEIGHTS: 1.0, 0.0, 0.0, 0.0
vb0[53]+056 BLENDINDICES: 0, 0, 0, 0
vb0[53]+072 COLOR: 1.0, 0.5019607843137255, 0.5019607843137255, 0.30196078431372547
vb0[53]+076 TEXCOORD: 0.5, 0.36439841985702515

vb0[54]+000 POSITION: -2.7644553419045516e-16, 2.5562856197357178, 0.13467106223106384
vb0[54]+012 NORMAL: 3.5356831062927085e-07, -0.7040125131607056, 0.7101876139640808
vb0[54]+024 TANGENT: 0.0, -0.6905503869056702, 0.7232843041419983, -1.0
vb0[54]+040 BLENDWEIGHTS: 1.0, 0.0, 0.0, 0.0
vb0[54]+056 BLENDINDICES: 0, 0, 0, 0
vb0[54]+072 COLOR: 1.0, 0.5019607843137255, 0.5019607843137255, 0.10196078431372549
vb0[54]+076 TEXCOORD: 0.5, 0.3550984263420105

vb0[55]+000 POSITION: -0.0053777555003762245, 2.5562074184417725, 0.13272707164287567
vb0[55]+012 NORMAL: -0.28251519799232483, -0.6673818826675415, 0.6890475153923035
vb0[55]+024 TANGENT: -0.277492880821228, -0.6630027294158936, 0.695287823677063, -1.0
vb0[55]+040 BLENDWEIGHTS: 1.0, 0.0, 0.0, 0.0
vb0[55]+056 BLENDINDICES: 0, 0, 0, 0
vb0[55]+072 COLOR: 1.0, 0.5019607843137255, 0.5019607843137255, 0.0
vb0[55]+076 TEXCOORD: 0.5130306482315063, 0.3540082573890686

vb0[56]+000 POSITION: -2.7644553419045516e-16, 2.5712907314300537, 0.13520461320877075
vb0[56]+012 NORMAL: -6.655381525888515e-07, -0.5543097853660583, 0.8323104381561279
vb0[56]+024 TANGENT: 0.0, -0.4942968487739563, 0.869293212890625, -1.0
vb0[56]+040 BLENDWEIGHTS: 1.0, 0.0, 0.0, 0.0
vb0[56]+056 BLENDINDICES: 0, 0, 0, 0
vb0[56]+072 COLOR: 1.0, 0.5019607843137255, 0.5019607843137255, 0.2
vb0[56]+076 TEXCOORD: 0.5, 0.3866984248161316

vb0[57]+000 POSITION: -0.006392443086951971, 2.5716655254364014, 0.13371542096138
vb0[57]+012 NORMAL: -0.40707534551620483, -0.41764941811561584, 0.81231689453125
vb0[57]+024 TANGENT: -0.3866559565067291, -0.3949998617172241, 0.8333501219749451, -1.0
vb0[57]+040 BLENDWEIGHTS: 1.0, 0.0, 0.0, 0.0
vb0[57]+056 BLENDINDICES: 0, 0, 0, 0
vb0[57]+072 COLOR: 1.0, 0.5019607843137255, 0.5019607843137255, 0.0
vb0[57]+076 TEXCOORD: 0.5134591460227966, 0.3890085518360138

vb0[58]+000 POSITION: -0.004952297545969486, 2.575929880142212, 0.14005590975284576
vb0[58]+012 NORMAL: -0.41651779413223267, -0.6969161033630371, 0.5837985277175903
vb0[58]+024 TANGENT: -0.38465848565101624, -0.7135205864906311, 0.5855990648269653, -1.0
vb0[58]+040 BLENDWEIGHTS: 1.0, 0.0, 0.0, 0.0
vb0[58]+056 BLENDINDICES: 0, 0, 0, 0
vb0[58]+072 COLOR: 1.0, 0.5019607843137255, 0.5019607843137255, 0.30196078431372547
vb0[58]+076 TEXCOORD: 0.510292112827301, 0.4035561680793762

vb0[59]+000 POSITION: -2.7644553419045516e-16, 2.575071334838867, 0.14057691395282745
vb0[59]+012 NORMAL: 3.148118707940739e-07, -0.804652988910675, 0.5937454700469971
vb0[59]+024 TANGENT: 0.0, -0.8069150447845459, 0.5906674861907959, -1.0
vb0[59]+040 BLENDWEIGHTS: 1.0, 0.0, 0.0, 0.0
vb0[59]+056 BLENDINDICES: 0, 0, 0, 0
vb0[59]+072 COLOR: 1.0, 0.5019607843137255, 0.5019607843137255, 0.30196078431372547
vb0[59]+076 TEXCOORD: 0.5, 0.4005984365940094

vb0[60]+000 POSITION: -0.003290383378043771, 2.581566095352173, 0.14792397618293762
vb0[60]+012 NORMAL: -0.49301162362098694, -0.6327191591262817, 0.5971649289131165
vb0[60]+024 TANGENT: -0.490325391292572, -0.6305747628211975, 0.6016282439231873, -1.0
vb0[60]+040 BLENDWEIGHTS: 1.0, 0.0, 0.0, 0.0
vb0[60]+056 BLENDINDICES: 0, 0, 0, 0
vb0[60]+072 COLOR: 1.0, 0.5019607843137255, 0.5019607843137255, 0.5019607843137255
vb0[60]+076 TEXCOORD: 0.5063799023628235, 0.4197032153606415

vb0[61]+000 POSITION: -2.7644553419045516e-16, 2.580886125564575, 0.14852571487426758
vb0[61]+012 NORMAL: -7.791603593432228e-07, -0.795897364616394, 0.6054315567016602
vb0[61]+024 TANGENT: 0.0, -0.7880512475967407, 0.6156095862388611, -1.0
vb0[61]+040 BLENDWEIGHTS: 1.0, 0.0, 0.0, 0.0
vb0[61]+056 BLENDINDICES: 0, 0, 0, 0
vb0[61]+072 COLOR: 1.0, 0.5019607843137255, 0.5019607843137255, 0.5019607843137255
vb0[61]+076 TEXCOORD: 0.5, 0.4175983965396881

vb0[62]+000 POSITION: -2.7644553419045516e-16, 2.5534539222717285, 0.13055172562599182
vb0[62]+012 NORMAL: 0.0, -0.8677998185157776, 0.4969140291213989
vb0[62]+024 TANGENT: 0.0, -0.8642110228538513, 0.5031294822692871, -1.0
vb0[62]+040 BLENDWEIGHTS: 1.0, 0.0, 0.0, 0.0
vb0[62]+056 BLENDINDICES: 0, 0, 0, 0
vb0[62]+072 COLOR: 1.0, 0.5019607843137255, 0.5019607843137255, 0.10196078431372549
vb0[62]+076 TEXCOORD: 0.5, 0.3446999490261078

vb0[63]+000 POSITION: -0.00517796678468585, 2.553443193435669, 0.12922511994838715
vb0[63]+012 NORMAL: -0.15368416905403137, -0.8431575298309326, 0.5152344703674316
vb0[63]+024 TANGENT: -0.15401150286197662, -0.850912868976593, 0.5022228956222534, -1.0
vb0[63]+040 BLENDWEIGHTS: 1.0, 0.0, 0.0, 0.0
vb0[63]+056 BLENDINDICES: 0, 0, 0, 0
vb0[63]+072 COLOR: 1.0, 0.5019607843137255, 0.5019607843137255, 0.0
vb0[63]+076 TEXCOORD: 0.5125389099121094, 0.3440248966217041

vb0[64]+000 POSITION: -0.012940628454089165, 2.5745863914489746, 0.131039559841156
vb0[64]+012 NORMAL: -0.5943514108657837, -0.23305484652519226, 0.7696959376335144
vb0[64]+024 TANGENT: -0.5896668434143066, -0.2321910560131073, 0.7735504508018494, -1.0
vb0[64]+040 BLENDWEIGHTS: 1.0, 0.0, 0.0, 0.0
vb0[64]+056 BLENDINDICES: 0, 0, 0, 0
vb0[64]+072 COLOR: 1.0, 0.5019607843137255, 0.5019607843137255, 0.0
vb0[64]+076 TEXCOORD: 0.5283958911895752, 0.3982686698436737

vb0[65]+000 POSITION: -0.010583249852061272, 2.5790600776672363, 0.13761769235134125
vb0[65]+012 NORMAL: -0.7725069522857666, -0.2979748547077179, 0.5607531070709229
vb0[65]+024 TANGENT: -0.7566652894020081, -0.32230737805366516, 0.5688369870185852, -1.0
vb0[65]+040 BLENDWEIGHTS: 1.0, 0.0, 0.0, 0.0
vb0[65]+056 BLENDINDICES: 0, 0, 0, 0
vb0[65]+072 COLOR: 1.0, 0.5019607843137255, 0.5019607843137255, 0.30196078431372547
vb0[65]+076 TEXCOORD: 0.5228826403617859, 0.4160657525062561

vb0[66]+000 POSITION: -0.0066248830407857895, 2.5839226245880127, 0.14561781287193298
vb0[66]+012 NORMAL: -0.8567516803741455, -0.07647082209587097, 0.5100282430648804
vb0[66]+024 TANGENT: -0.8353936672210693, -0.14736308157444, 0.5295295715332031, -1.0
vb0[66]+040 BLENDWEIGHTS: 1.0, 0.0, 0.0, 0.0
vb0[66]+056 BLENDINDICES: 0, 0, 0, 0
vb0[66]+072 COLOR: 1.0, 0.5019607843137255, 0.5019607843137255, 0.5019607843137255
vb0[66]+076 TEXCOORD: 0.5172747373580933, 0.42646148800849915

vb0[67]+000 POSITION: -0.0020569770131260157, 2.584071397781372, 0.15146039426326752
vb0[67]+012 NORMAL: -0.5557758808135986, -0.47537538409233093, 0.6820054054260254
vb0[67]+024 TANGENT: -0.5158387422561646, -0.49317440390586853, 0.700492262840271, -1.0
vb0[67]+040 BLENDWEIGHTS: 1.0, 0.0, 0.0, 0.0
vb0[67]+056 BLENDINDICES: 0, 0, 0, 0
vb0[67]+072 COLOR: 1.0, 0.5019607843137255, 0.5019607843137255, 0.5019607843137255
vb0[67]+076 TEXCOORD: 0.5039072632789612, 0.42860081791877747

vb0[68]+000 POSITION: -0.0037163381930440664, 2.5870251655578613, 0.15108641982078552
vb0[68]+012 NORMAL: -0.7651544809341431, 0.21887147426605225, 0.6055029630661011
vb0[68]+024 TANGENT: -0.7370912432670593, 0.0974961444735527, 0.6687232851982117, -1.0
vb0[68]+040 BLENDWEIGHTS: 1.0, 0.0, 0.0, 0.0
vb0[68]+056 BLENDINDICES: 0, 0, 0, 0
vb0[68]+072 COLOR: 1.0, 0.5019607843137255, 0.5019607843137255, 0.5019607843137255
vb0[68]+076 TEXCOORD: 0.5090651512145996, 0.4391302764415741

vb0[69]+000 POSITION: -0.008181021548807621, 2.5897722244262695, 0.14030273258686066
vb0[69]+012 NORMAL: -0.8634323477745056, 0.23102986812591553, 0.4484527111053467
vb0[69]+024 TANGENT: -0.8540709614753723, 0.22467860579490662, 0.4691292941570282, -1.0
vb0[69]+040 BLENDWEIGHTS: 1.0, 0.0, 0.0, 0.0
vb0[69]+056 BLENDINDICES: 0, 0, 0, 0
vb0[69]+072 COLOR: 1.0, 0.5019607843137255, 0.5019607843137255, 0.5019607843137255
vb0[69]+076 TEXCOORD: 0.5244651436805725, 0.4392169415950775

vb0[70]+000 POSITION: -0.004398950841277838, 2.593235492706299, 0.14545640349388123
vb0[70]+012 NORMAL: -0.7345106601715088, 0.39052265882492065, 0.5549650192260742
vb0[70]+024 TANGENT: -0.7034231424331665, 0.4109106659889221, 0.5799553990364075, -1.0
vb0[70]+040 BLENDWEIGHTS: 1.0, 0.0, 0.0, 0.0
vb0[70]+056 BLENDINDICES: 0, 0, 0, 0
vb0[70]+072 COLOR: 1.0, 0.5019607843137255, 0.5019607843137255, 0.5019607843137255
vb0[70]+076 TEXCOORD: 0.5122548937797546, 0.45275768637657166

vb0[71]+000 POSITION: -0.004870738834142685, 2.600480794906616, 0.14030826091766357
vb0[71]+012 NORMAL: -0.7003538012504578, 0.3758911192417145, 0.6068034768104553
vb0[71]+024 TANGENT: -0.6749496459960938, 0.3967564105987549, 0.6221152544021606, -1.0
vb0[71]+040 BLENDWEIGHTS: 1.0, 0.0, 0.0, 0.0
vb0[71]+056 BLENDINDICES: 0, 0, 0, 0
vb0[71]+072 COLOR: 1.0, 0.5019607843137255, 0.5019607843137255, 0.5019607843137255
vb0[71]+076 TEXCOORD: 0.5135737657546997, 0.4704287648200989

vb0[72]+000 POSITION: -0.008896104991436005, 2.596714973449707, 0.13506214320659637
vb0[72]+012 NORMAL: -0.8214341402053833, 0.2607197165489197, 0.5072190761566162
vb0[72]+024 TANGENT: -0.8236781358718872, 0.2624979019165039, 0.5026422739028931, -1.0
vb0[72]+040 BLENDWEIGHTS: 1.0, 0.0, 0.0, 0.0
vb0[72]+056 BLENDINDICES: 0, 0, 0, 0
vb0[72]+072 COLOR: 1.0, 0.5019607843137255, 0.5019607843137255, 0.5019607843137255
vb0[72]+076 TEXCOORD: 0.5273785591125488, 0.458968847990036

vb0[73]+000 POSITION: -0.005109542980790138, 2.609088897705078, 0.13474269211292267
vb0[73]+012 NORMAL: -0.6686423420906067, 0.3905624449253082, 0.6327546238899231
vb0[73]+024 TANGENT: -0.6523661613464355, 0.39933767914772034, 0.6441644430160522, -1.0
vb0[73]+040 BLENDWEIGHTS: 1.0, 0.0, 0.0, 0.0
vb0[73]+056 BLENDINDICES: 0, 0, 0, 0
vb0[73]+072 COLOR: 1.0, 0.5019607843137255, 0.5019607843137255, 0.5019607843137255
vb0[73]+076 TEXCOORD: 0.5146420001983643, 0.4929388165473938

vb0[74]+000 POSITION: -2.7644553419045516e-16, 2.6104259490966797, 0.1365022212266922
vb0[74]+012 NORMAL: 0.0, 0.5421273112297058, 0.8402963876724243
vb0[74]+024 TANGENT: 0.0, 0.5467802286148071, 0.8372761607170105, -1.0
vb0[74]+040 BLENDWEIGHTS: 1.0, 0.0, 0.0, 0.0
vb0[74]+056 BLENDINDICES: 0, 0, 0, 0
vb0[74]+072 COLOR: 1.0, 0.5019607843137255, 0.5019607843137255, 0.5019607843137255
vb0[74]+076 TEXCOORD: 0.5, 0.49655282497406006

vb0[75]+000 POSITION: -2.7644553419045516e-16, 2.6017472743988037, 0.142357736825943
vb0[75]+012 NORMAL: -1.031898591463687e-06, 0.5656155347824097, 0.8246690630912781
vb0[75]+024 TANGENT: 0.0, 0.5639484524726868, 0.8258100152015686, -1.0
vb0[75]+040 BLENDWEIGHTS: 1.0, 0.0, 0.0, 0.0
vb0[75]+056 BLENDINDICES: 0, 0, 0, 0
vb0[75]+072 COLOR: 1.0, 0.5019607843137255, 0.5019607843137255, 0.5019607843137255
vb0[75]+076 TEXCOORD: 0.5, 0.47694820165634155

vb0[76]+000 POSITION: -0.012746047228574753, 2.5852572917938232, 0.13377508521080017
vb0[76]+012 NORMAL: -0.8290339112281799, 0.1337440460920334, 0.5429689884185791
vb0[76]+024 TANGENT: -0.827855110168457, 0.1348257064819336, 0.5444978475570679, -1.0
vb0[76]+040 BLENDWEIGHTS: 1.0, 0.0, 0.0, 0.0
vb0[76]+056 BLENDINDICES: 0, 0, 0, 0
vb0[76]+072 COLOR: 1.0, 0.5019607843137255, 0.5019607843137255, 0.5019607843137255
vb0[76]+076 TEXCOORD: 0.5343419909477234, 0.4283076226711273

vb0[77]+000 POSITION: -2.7644553419045516e-16, 2.594510555267334, 0.14786243438720703
vb0[77]+012 NORMAL: 2.2465229676527088e-07, 0.6265381574630737, 0.7793906927108765
vb0[77]+024 TANGENT: 0.0, 0.6163944005966187, 0.7874374985694885, -1.0
vb0[77]+040 BLENDWEIGHTS: 1.0, 0.0, 0.0, 0.0
vb0[77]+056 BLENDINDICES: 0, 0, 0, 0
vb0[77]+072 COLOR: 1.0, 0.5019607843137255, 0.5019607843137255, 0.5019607843137255
vb0[77]+076 TEXCOORD: 0.5, 0.45869842171669006

vb0[78]+000 POSITION: -2.7644553419045516e-16, 2.588101387023926, 0.1537657529115677
vb0[78]+012 NORMAL: -1.2476702693220432e-07, 0.5111268162727356, 0.8595052361488342
vb0[78]+024 TANGENT: 0.0, 0.2744925022125244, 0.9615892171859741, -1.0
vb0[78]+040 BLENDWEIGHTS: 1.0, 0.0, 0.0, 0.0
vb0[78]+056 BLENDINDICES: 0, 0, 0, 0
vb0[78]+072 COLOR: 1.0, 0.5019607843137255, 0.5019607843137255, 0.5019607843137255
vb0[78]+076 TEXCOORD: 0.5, 0.44414839148521423

vb0[79]+000 POSITION: -2.7644553419045516e-16, 2.584618091583252, 0.15302763879299164
vb0[79]+012 NORMAL: 2.1849680820196227e-07, -0.4862777590751648, 0.8738043308258057
vb0[79]+024 TANGENT: 0.0, -0.43601366877555847, 0.8999400734901428, -1.0
vb0[79]+040 BLENDWEIGHTS: 1.0, 0.0, 0.0, 0.0
vb0[79]+056 BLENDINDICES: 0, 0, 0, 0
vb0[79]+072 COLOR: 1.0, 0.5019607843137255, 0.5019607843137255, 0.5019607843137255
vb0[79]+076 TEXCOORD: 0.5, 0.4281984269618988

vb0[80]+000 POSITION: 0.004870738834142685, 2.600480794906616, 0.14030826091766357
vb0[80]+012 NORMAL: 0.7003509998321533, 0.37588977813720703, 0.6068075895309448
vb0[80]+024 TANGENT: 0.6749494671821594, 0.39675667881965637, 0.6221153140068054, -1.0
vb0[80]+040 BLENDWEIGHTS: 1.0, 0.0, 0.0, 0.0
vb0[80]+056 BLENDINDICES: 0, 0, 0, 0
vb0[80]+072 COLOR: 1.0, 0.5019607843137255, 0.5019607843137255, 0.5019607843137255
vb0[80]+076 TEXCOORD: 0.4864211678504944, 0.4704309403896332

vb0[81]+000 POSITION: 0.005109542980790138, 2.609088897705078, 0.13474269211292267
vb0[81]+012 NORMAL: 0.6686423420906067, 0.3905624449253082, 0.6327546238899231
vb0[81]+024 TANGENT: 0.6523661613464355, 0.39933767914772034, 0.6441644430160522, -1.0
vb0[81]+040 BLENDWEIGHTS: 1.0, 0.0, 0.0, 0.0
vb0[81]+056 BLENDINDICES: 0, 0, 0, 0
vb0[81]+072 COLOR: 1.0, 0.5019607843137255, 0.5019607843137255, 0.5019607843137255
vb0[81]+076 TEXCOORD: 0.4853580594062805, 0.4929409921169281

vb0[82]+000 POSITION: 0.00928849820047617, 2.6054975986480713, 0.1296728253364563
vb0[82]+012 NORMAL: 0.7756503820419312, 0.2745914161205292, 0.5683009624481201
vb0[82]+024 TANGENT: 0.7803067564964294, 0.27022719383239746, 0.5640023946762085, -1.0
vb0[82]+040 BLENDWEIGHTS: 1.0, 0.0, 0.0, 0.0
vb0[82]+056 BLENDINDICES: 0, 0, 0, 0
vb0[82]+072 COLOR: 1.0, 0.5019607843137255, 0.5019607843137255, 0.5019607843137255
vb0[82]+076 TEXCOORD: 0.469570517539978, 0.4827563166618347

vb0[83]+000 POSITION: 0.008896104991436005, 2.596714973449707, 0.13506214320659637
vb0[83]+012 NORMAL: 0.8214331865310669, 0.2607194185256958, 0.5072208642959595
vb0[83]+024 TANGENT: 0.8236783742904663, 0.26249781250953674, 0.5026419758796692, -1.0
vb0[83]+040 BLENDWEIGHTS: 1.0, 0.0, 0.0, 0.0
vb0[83]+056 BLENDINDICES: 0, 0, 0, 0
vb0[83]+072 COLOR: 1.0, 0.5019607843137255, 0.5019607843137255, 0.5019607843137255
vb0[83]+076 TEXCOORD: 0.47261637449264526, 0.4589710235595703

vb0[84]+000 POSITION: 0.008181021548807621, 2.5897722244262695, 0.14030273258686066
vb0[84]+012 NORMAL: 0.8634310960769653, 0.23102961480617523, 0.44845515489578247
vb0[84]+024 TANGENT: 0.8540731072425842, 0.22467899322509766, 0.4691251516342163, -1.0
vb0[84]+040 BLENDWEIGHTS: 1.0, 0.0, 0.0, 0.0
vb0[84]+056 BLENDINDICES: 0, 0, 0, 0
vb0[84]+072 COLOR: 1.0, 0.5019607843137255, 0.5019607843137255, 0.5019607843137255
vb0[84]+076 TEXCOORD: 0.4755348563194275, 0.4392191171646118

vb0[85]+000 POSITION: 0.004398950841277838, 2.593235492706299, 0.14545640349388123
vb0[85]+012 NORMAL: 0.7345086336135864, 0.39052170515060425, 0.5549683570861816
vb0[85]+024 TANGENT: 0.7034245729446411, 0.41091156005859375, 0.5799530744552612, -1.0
vb0[85]+040 BLENDWEIGHTS: 1.0, 0.0, 0.0, 0.0
vb0[85]+056 BLENDINDICES: 0, 0, 0, 0
vb0[85]+072 COLOR: 1.0, 0.5019607843137255, 0.5019607843137255, 0.5019607843137255
vb0[85]+076 TEXCOORD: 0.48774510622024536, 0.45275986194610596

vb0[86]+000 POSITION: 0.012746047228574753, 2.5852572917938232, 0.13377508521080017
vb0[86]+012 NORMAL: 0.8290316462516785, 0.13374412059783936, 0.5429723858833313
vb0[86]+024 TANGENT: 0.8278561234474182, 0.13482582569122314, 0.5444964170455933, -1.0
vb0[86]+040 BLENDWEIGHTS: 1.0, 0.0, 0.0, 0.0
vb0[86]+056 BLENDINDICES: 0, 0, 0, 0
vb0[86]+072 COLOR: 1.0, 0.5019607843137255, 0.5019607843137255, 0.5019607843137255
vb0[86]+076 TEXCOORD: 0.4656580090522766, 0.4283097982406616

vb0[87]+000 POSITION: 0.014330081641674042, 2.592390775680542, 0.12975041568279266
vb0[87]+012 NORMAL: 0.6641157269477844, 0.1989423930644989, 0.7206748127937317
vb0[87]+024 TANGENT: 0.6839179396629333, 0.2041252702474594, 0.7004206776618958, -1.0
vb0[87]+040 BLENDWEIGHTS: 1.0, 0.0, 0.0, 0.0
vb0[87]+056 BLENDINDICES: 0, 0, 0, 0
vb0[87]+072 COLOR: 1.0, 0.5019607843137255, 0.5019607843137255, 0.5019607843137255
vb0[87]+076 TEXCOORD: 0.4581151604652405, 0.44677233695983887

vb0[88]+000 POSITION: 0.015658576041460037, 2.6009984016418457, 0.12599444389343262
vb0[88]+012 NORMAL: 0.5474570393562317, 0.26226720213890076, 0.7946739196777344
vb0[88]+024 TANGENT: 0.5685330629348755, 0.22609998285770416, 0.79097980260849, -1.0
vb0[88]+040 BLENDWEIGHTS: 1.0, 0.0, 0.0, 0.0
vb0[88]+056 BLENDINDICES: 0, 0, 0, 0
vb0[88]+072 COLOR: 1.0, 0.5019607843137255, 0.5019607843137255, 0.5019607843137255
vb0[88]+076 TEXCOORD: 0.45136451721191406, 0.47028136253356934

vb0[89]+000 POSITION: 0.02284305728971958, 2.596510171890259, 0.12355968356132507
vb0[89]+012 NORMAL: 0.4433504641056061, 0.21039116382598877, 0.8713070750236511
vb0[89]+024 TANGENT: 0.4497644007205963, 0.20691442489624023, 0.8688489198684692, -1.0
vb0[89]+040 BLENDWEIGHTS: 1.0, 0.0, 0.0, 0.0
vb0[89]+056 BLENDINDICES: 0, 0, 0, 0
vb0[89]+072 COLOR: 1.0, 0.5019607843137255, 0.5019607843137255, 0.5019607843137255
vb0[89]+076 TEXCOORD: 0.4338814616203308, 0.45627644658088684

vb0[90]+000 POSITION: 0.020524153485894203, 2.5885748863220215, 0.12624430656433105
vb0[90]+012 NORMAL: 0.4651833474636078, 0.09847845137119293, 0.8797195553779602
vb0[90]+024 TANGENT: 0.4626581370830536, 0.12188827246427536, 0.8781177401542664, -1.0
vb0[90]+040 BLENDWEIGHTS: 1.0, 0.0, 0.0, 0.0
vb0[90]+056 BLENDINDICES: 0, 0, 0, 0
vb0[90]+072 COLOR: 1.0, 0.5019607843137255, 0.5019607843137255, 0.5019607843137255
vb0[90]+076 TEXCOORD: 0.44462090730667114, 0.4354492127895355

vb0[91]+000 POSITION: 0.031196994706988335, 2.5908589363098145, 0.12130512297153473
vb0[91]+012 NORMAL: 0.42556220293045044, 0.06760299205780029, 0.9024004340171814
vb0[91]+024 TANGENT: 0.39843690395355225, 0.08082401752471924, 0.9136276841163635, -1.0
vb0[91]+040 BLENDWEIGHTS: 1.0, 0.0, 0.0, 0.0
vb0[91]+056 BLENDINDICES: 0, 0, 0, 0
vb0[91]+072 COLOR: 1.0, 0.5019607843137255, 0.5019607843137255, 0.5019607843137255
vb0[91]+076 TEXCOORD: 0.416278600692749, 0.43908435106277466

vb0[92]+000 POSITION: 0.02788475714623928, 2.584224224090576, 0.12308356165885925
vb0[92]+012 NORMAL: 0.4474561810493469, 0.0008280965266749263, 0.8943055272102356
vb0[92]+024 TANGENT: 0.4216597080230713, 0.028636455535888672, 0.9063017964363098, -1.0
vb0[92]+040 BLENDWEIGHTS: 1.0, 0.0, 0.0, 0.0
vb0[92]+056 BLENDINDICES: 0, 0, 0, 0
vb0[92]+072 COLOR: 1.0, 0.5019607843137255, 0.5019607843137255, 0.5019607843137255
vb0[92]+076 TEXCOORD: 0.4270058572292328, 0.4221227169036865

vb0[93]+000 POSITION: 0.039502449333667755, 2.5856404304504395, 0.11713562905788422
vb0[93]+012 NORMAL: 0.46653780341148376, -0.04046686738729477, 0.8835750818252563
vb0[93]+024 TANGENT: 0.44050493836402893, -0.023991823196411133, 0.8974295854568481, -1.0
vb0[93]+040 BLENDWEIGHTS: 1.0, 0.0, 0.0, 0.0
vb0[93]+056 BLENDINDICES: 0, 0, 0, 0
vb0[93]+072 COLOR: 1.0, 0.5019607843137255, 0.5019607843137255, 0.5019607843137255
vb0[93]+076 TEXCOORD: 0.3966488838195801, 0.42439207434654236

vb0[94]+000 POSITION: 0.03609563782811165, 2.5792229175567627, 0.11855746060609818
vb0[94]+012 NORMAL: 0.4831063449382782, -0.06366872042417526, 0.8732437491416931
vb0[94]+024 TANGENT: 0.45105528831481934, -0.07525301724672318, 0.8893177509307861, -1.0
vb0[94]+040 BLENDWEIGHTS: 1.0, 0.0, 0.0, 0.0
vb0[94]+056 BLENDINDICES: 0, 0, 0, 0
vb0[94]+072 COLOR: 1.0, 0.5019607843137255, 0.5019607843137255, 0.5019607843137255
vb0[94]+076 TEXCOORD: 0.4071197509765625, 0.4082992970943451

vb0[95]+000 POSITION: 0.04731244966387749, 2.5811755657196045, 0.11261409521102905
vb0[95]+012 NORMAL: 0.5014597773551941, -0.13873817026615143, 0.8539847135543823
vb0[95]+024 TANGENT: 0.5042144656181335, -0.14080427587032318, 0.8520222306251526, -1.0
vb0[95]+040 BLENDWEIGHTS: 1.0, 0.0, 0.0, 0.0
vb0[95]+056 BLENDINDICES: 0, 0, 0, 0
vb0[95]+072 COLOR: 1.0, 0.5019607843137255, 0.5019607843137255, 0.5019607843137255
vb0[95]+076 TEXCOORD: 0.37607377767562866, 0.4114111661911011

vb0[96]+000 POSITION: 0.043754614889621735, 2.5740060806274414, 0.11340195685625076
vb0[96]+012 NORMAL: 0.5246670246124268, -0.14670751988887787, 0.8385710716247559
vb0[96]+024 TANGENT: 0.5102320909500122, -0.18205660581588745, 0.8405466079711914, -1.0
vb0[96]+040 BLENDWEIGHTS: 1.0, 0.0, 0.0, 0.0
vb0[96]+056 BLENDINDICES: 0, 0, 0, 0
vb0[96]+072 COLOR: 1.0, 0.5019607843137255, 0.5019607843137255, 0.5019607843137255
vb0[96]+076 TEXCOORD: 0.3865762948989868, 0.3933720588684082

vb0[97]+000 POSITION: 0.05312017351388931, 2.578021764755249, 0.10829471051692963
vb0[97]+012 NORMAL: 0.5653921365737915, -0.21348731219768524, 0.7967150807380676
vb0[97]+024 TANGENT: 0.5643376708030701, -0.21244186162948608, 0.7977415323257446, -1.0
vb0[97]+040 BLENDWEIGHTS: 1.0, 0.0, 0.0, 0.0
vb0[97]+056 BLENDINDICES: 0, 0, 0, 0
vb0[97]+072 COLOR: 1.0, 0.5019607843137255, 0.5019607843137255, 0.5019607843137255
vb0[97]+076 TEXCOORD: 0.3597109317779541, 0.40135231614112854

vb0[98]+000 POSITION: 0.049153104424476624, 2.5704052448272705, 0.10901018232107162
vb0[98]+012 NORMAL: 0.5807318091392517, -0.2163347750902176, 0.7848247289657593
vb0[98]+024 TANGENT: 0.5604251027107239, -0.24937422573566437, 0.7897697687149048, -1.0
vb0[98]+040 BLENDWEIGHTS: 1.0, 0.0, 0.0, 0.0
vb0[98]+056 BLENDINDICES: 0, 0, 0, 0
vb0[98]+072 COLOR: 1.0, 0.5019607843137255, 0.5019607843137255, 0.5019607843137255
vb0[98]+076 TEXCOORD: 0.370849609375, 0.3824358582496643

vb0[99]+000 POSITION: 0.05855144187808037, 2.574985980987549, 0.10313866287469864
vb0[99]+012 NORMAL: 0.6885675191879272, -0.32582008838653564, 0.6478550434112549
vb0[99]+024 TANGENT: 0.6865129470825195, -0.3240039348602295, 0.650938868522644, -1.0
vb0[99]+040 BLENDWEIGHTS: 1.0, 0.0, 0.0, 0.0
vb0[99]+056 BLENDINDICES: 0, 0, 0, 0
vb0[99]+072 COLOR: 1.0, 0.5019607843137255, 0.5019607843137255, 0.5019607843137255
vb0[99]+076 TEXCOORD: 0.34233570098876953, 0.3922862708568573

vb0[100]+000 POSITION: 0.05398692935705185, 2.5669915676116943, 0.10387297719717026
vb0[100]+012 NORMAL: 0.6882566809654236, -0.34514009952545166, 0.6381074786186218
vb0[100]+024 TANGENT: 0.6708874702453613, -0.35720402002334595, 0.6498578786849976, -1.0
vb0[100]+040 BLENDWEIGHTS: 1.0, 0.0, 0.0, 0.0
vb0[100]+056 BLENDINDICES: 0, 0, 0, 0
vb0[100]+072 COLOR: 1.0, 0.5019607843137255, 0.5019607843137255, 0.5019607843137255
vb0[100]+076 TEXCOORD: 0.3549354076385498, 0.37153127789497375

vb0[101]+000 POSITION: 0.06216557323932648, 2.5725746154785156, 0.09631374478340149
vb0[101]+012 NORMAL: 0.7825770974159241, -0.39858853816986084, 0.47822633385658264
vb0[101]+024 TANGENT: 0.7801637649536133, -0.39668625593185425, 0.48371943831443787, -1.0
vb0[101]+040 BLENDWEIGHTS: 1.0, 0.0, 0.0, 0.0
vb0[101]+056 BLENDINDICES: 0, 0, 0, 0
vb0[101]+072 COLOR: 1.0, 0.5019607843137255, 0.5019607843137255, 0.5019607843137255
vb0[101]+076 TEXCOORD: 0.325874388217926, 0.38232773542404175

vb0[102]+000 POSITION: 0.05734582245349884, 2.5644049644470215, 0.09743081033229828
vb0[102]+012 NORMAL: 0.7709428668022156, -0.4142029285430908, 0.48382124304771423
vb0[102]+024 TANGENT: 0.7601788640022278, -0.4251214563846588, 0.4913245439529419, -1.0
vb0[102]+040 BLENDWEIGHTS: 1.0, 0.0, 0.0, 0.0
vb0[102]+056 BLENDINDICES: 0, 0, 0, 0
vb0[102]+072 COLOR: 1.0, 0.5019607843137255, 0.5019607843137255, 0.5019607843137255
vb0[102]+076 TEXCOORD: 0.3404883146286011, 0.36131608486175537

vb0[103]+000 POSITION: 0.06561698019504547, 2.570202589035034, 0.0876588523387909
vb0[103]+012 NORMAL: 0.8326293230056763, -0.4509500563144684, 0.32151585817337036
vb0[103]+024 TANGENT: 0.8286024332046509, -0.44580963253974915, 0.33863210678100586, -1.0
vb0[103]+040 BLENDWEIGHTS: 1.0, 0.0, 0.0, 0.0
vb0[103]+056 BLENDINDICES: 0, 0, 0, 0
vb0[103]+072 COLOR: 1.0, 0.5019607843137255, 0.5019607843137255, 0.5019607843137255
vb0[103]+076 TEXCOORD: 0.3064693808555603, 0.37283435463905334

vb0[104]+000 POSITION: 0.060654543340206146, 2.561948299407959, 0.08892358839511871
vb0[104]+012 NORMAL: 0.8187735080718994, -0.46599799394607544, 0.33534425497055054
vb0[104]+024 TANGENT: 0.8087790012359619, -0.47248658537864685, 0.35018977522850037, -1.0
vb0[104]+040 BLENDWEIGHTS: 1.0, 0.0, 0.0, 0.0
vb0[104]+056 BLENDINDICES: 0, 0, 0, 0
vb0[104]+072 COLOR: 1.0, 0.5019607843137255, 0.5019607843137255, 0.5019607843137255
vb0[104]+076 TEXCOORD: 0.3214704990386963, 0.3499436676502228

vb0[105]+000 POSITION: 0.06843602657318115, 2.5680174827575684, 0.07415878027677536
vb0[105]+012 NORMAL: 0.8584009408950806, -0.47530654072761536, 0.19295461475849152
vb0[105]+024 TANGENT: 0.8580026626586914, -0.47406715154647827, 0.1977163702249527, -1.0
vb0[105]+040 BLENDWEIGHTS: 1.0, 0.0, 0.0, 0.0
vb0[105]+056 BLENDINDICES: 0, 0, 0, 0
vb0[105]+072 COLOR: 1.0, 0.5019607843137255, 0.5019607843137255, 0.5019607843137255
vb0[105]+076 TEXCOORD: 0.2763655185699463, 0.36026257276535034

vb0[106]+000 POSITION: 0.06344909220933914, 2.560004234313965, 0.07679815590381622
vb0[106]+012 NORMAL: 0.8425864577293396, -0.5000815987586975, 0.1999160349369049
vb0[106]+024 TANGENT: 0.8384225368499756, -0.5030848979949951, 0.20965003967285156, -1.0
vb0[106]+040 BLENDWEIGHTS: 1.0, 0.0, 0.0, 0.0
vb0[106]+056 BLENDINDICES: 0, 0, 0, 0
vb0[106]+072 COLOR: 1.0, 0.5019607843137255, 0.5019607843137255, 0.5019607843137255
vb0[106]+076 TEXCOORD: 0.29526978731155396, 0.3383036255836487

vb0[107]+000 POSITION: 0.0704219713807106, 2.5666310787200928, 0.05838273838162422
vb0[107]+012 NORMAL: 0.8550733327865601, -0.5045586228370667, 0.11945787817239761
vb0[107]+024 TANGENT: 0.8551781177520752, -0.5045326352119446, 0.11881590634584427, -1.0
vb0[107]+040 BLENDWEIGHTS: 1.0, 0.0, 0.0, 0.0
vb0[107]+056 BLENDINDICES: 0, 0, 0, 0
vb0[107]+072 COLOR: 1.0, 0.5019607843137255, 0.5019607843137255, 0.5019607843137255
vb0[107]+076 TEXCOORD: 0.23814493417739868, 0.3468252420425415

vb0[108]+000 POSITION: 0.06536559015512466, 2.558640956878662, 0.060666926205158234
vb0[108]+012 NORMAL: 0.8405696153640747, -0.527077853679657, 0.12502722442150116
vb0[108]+024 TANGENT: 0.8370150327682495, -0.5327228307723999, 0.12494945526123047, -1.0
vb0[108]+040 BLENDWEIGHTS: 1.0, 0.0, 0.0, 0.0
vb0[108]+056 BLENDINDICES: 0, 0, 0, 0
vb0[108]+072 COLOR: 1.0, 0.5019607843137255, 0.5019607843137255, 0.5019607843137255
vb0[108]+076 TEXCOORD: 0.2577027678489685, 0.3256255090236664

vb0[109]+000 POSITION: 0.07163684070110321, 2.5657784938812256, 0.04334460198879242
vb0[109]+012 NORMAL: 0.8591694831848145, -0.5106257200241089, 0.033001355826854706
vb0[109]+024 TANGENT: 0.8580345511436462, -0.513437032699585, 0.012612818740308285, -1.0
vb0[109]+040 BLENDWEIGHTS: 1.0, 0.0, 0.0, 0.0
vb0[109]+056 BLENDINDICES: 0, 0, 0, 0
vb0[109]+072 COLOR: 1.0, 0.5019607843137255, 0.5019607843137255, 0.5019607843137255
vb0[109]+076 TEXCOORD: 0.20263880491256714, 0.33134403824806213

vb0[110]+000 POSITION: 0.06681360304355621, 2.5577025413513184, 0.04514065012335777
vb0[110]+012 NORMAL: 0.8305269479751587, -0.5558515191078186, 0.03541368991136551
vb0[110]+024 TANGENT: 0.8243612051010132, -0.5658340454101562, 0.01614237017929554, -1.0
vb0[110]+040 BLENDWEIGHTS: 1.0, 0.0, 0.0, 0.0
vb0[110]+056 BLENDINDICES: 0, 0, 0, 0
vb0[110]+072 COLOR: 1.0, 0.5019607843137255, 0.5019607843137255, 0.5019607843137255
vb0[110]+076 TEXCOORD: 0.22050906717777252, 0.31089484691619873

vb0[111]+000 POSITION: 0.07105965167284012, 2.565959930419922, 0.033870890736579895
vb0[111]+012 NORMAL: 0.8463814854621887, -0.5282019376754761, -0.06812476366758347
vb0[111]+024 TANGENT: 0.8219817280769348, -0.5313166379928589, -0.20505771040916443, -1.0
vb0[111]+040 BLENDWEIGHTS: 1.0, 0.0, 0.0, 0.0
vb0[111]+056 BLENDINDICES: 0, 0, 0, 0
vb0[111]+072 COLOR: 1.0, 0.5019607843137255, 0.5019607843137255, 0.5019607843137255
vb0[111]+076 TEXCOORD: 0.18286782503128052, 0.3179439902305603

vb0[112]+000 POSITION: 0.06611046195030212, 2.557887315750122, 0.03590979427099228
vb0[112]+012 NORMAL: 0.8144911527633667, -0.5754927396774292, -0.07356858253479004
vb0[112]+024 TANGENT: 0.769065260887146, -0.6050785183906555, -0.20595765113830566, -1.0
vb0[112]+040 BLENDWEIGHTS: 1.0, 0.0, 0.0, 0.0
vb0[112]+056 BLENDINDICES: 0, 0, 0, 0
vb0[112]+072 COLOR: 1.0, 0.5019607843137255, 0.5019607843137255, 0.5019607843137255
vb0[112]+076 TEXCOORD: 0.19985617697238922, 0.2995235323905945

vb0[113]+000 POSITION: 0.051725421100854874, 2.555988311767578, 0.09881557524204254
vb0[113]+012 NORMAL: 0.7426230907440186, -0.45552101731300354, 0.4909292459487915
vb0[113]+024 TANGENT: 0.7295730113983154, -0.4701542854309082, 0.4966669976711273, -1.0
vb0[113]+040 BLENDWEIGHTS: 1.0, 0.0, 0.0, 0.0
vb0[113]+056 BLENDINDICES: 0, 0, 0, 0
vb0[113]+072 COLOR: 1.0, 0.5019607843137255, 0.5019607843137255, 0.5019607843137255
vb0[113]+076 TEXCOORD: 0.3559049963951111, 0.33968180418014526

vb0[114]+000 POSITION: 0.05522073805332184, 2.5541908740997314, 0.0906667411327362
vb0[114]+012 NORMAL: 0.7867297530174255, -0.5092072486877441, 0.34894758462905884
vb0[114]+024 TANGENT: 0.776801347732544, -0.519574761390686, 0.35583946108818054, -1.0
vb0[114]+040 BLENDWEIGHTS: 1.0, 0.0, 0.0, 0.0
vb0[114]+056 BLENDINDICES: 0, 0, 0, 0
vb0[114]+072 COLOR: 1.0, 0.5019607843137255, 0.5019607843137255, 0.5019607843137255
vb0[114]+076 TEXCOORD: 0.3375392556190491, 0.33014023303985596

vb0[115]+000 POSITION: 0.04667072743177414, 2.5486907958984375, 0.09907819330692291
vb0[115]+012 NORMAL: 0.7151758074760437, -0.5076819658279419, 0.48039841651916504
vb0[115]+024 TANGENT: 0.7084991931915283, -0.5050005316734314, 0.4929536283016205, -1.0
vb0[115]+040 BLENDWEIGHTS: 1.0, 0.0, 0.0, 0.0
vb0[115]+056 BLENDINDICES: 0, 0, 0, 0
vb0[115]+072 COLOR: 1.0, 0.5019607843137255, 0.5019607843137255, 0.5019607843137255
vb0[115]+076 TEXCOORD: 0.36957019567489624, 0.32056817412376404

vb0[116]+000 POSITION: 0.049955882132053375, 2.5473740100860596, 0.09155705571174622
vb0[116]+012 NORMAL: 0.7483944296836853, -0.5714277029037476, 0.3367137014865875
vb0[116]+024 TANGENT: 0.7474285364151001, -0.5718175172805786, 0.33819425106048584, -1.0
vb0[116]+040 BLENDWEIGHTS: 1.0, 0.0, 0.0, 0.0
vb0[116]+056 BLENDINDICES: 0, 0, 0, 0
vb0[116]+072 COLOR: 1.0, 0.5019607843137255, 0.5019607843137255, 0.5019607843137255
vb0[116]+076 TEXCOORD: 0.35211920738220215, 0.31314817070961

vb0[117]+000 POSITION: 0.05810708925127983, 2.5527772903442383, 0.07995046675205231
vb0[117]+012 NORMAL: 0.7994672060012817, -0.5654845833778381, 0.20268051326274872
vb0[117]+024 TANGENT: 0.7943660616874695, -0.569130539894104, 0.2123040109872818, -1.0
vb0[117]+040 BLENDWEIGHTS: 1.0, 0.0, 0.0, 0.0
vb0[117]+056 BLENDINDICES: 0, 0, 0, 0
vb0[117]+072 COLOR: 1.0, 0.5019607843137255, 0.5019607843137255, 0.5019607843137255
vb0[117]+076 TEXCOORD: 0.31345081329345703, 0.3195343613624573

vb0[118]+000 POSITION: 0.05235467851161957, 2.546405553817749, 0.0824873074889183
vb0[118]+012 NORMAL: 0.7512120008468628, -0.6305049061775208, 0.1953049749135971
vb0[118]+024 TANGENT: 0.7517806887626648, -0.6267095804214478, 0.2050875425338745, -1.0
vb0[118]+040 BLENDWEIGHTS: 1.0, 0.0, 0.0, 0.0
vb0[118]+056 BLENDINDICES: 0, 0, 0, 0
vb0[118]+072 COLOR: 1.0, 0.5019607843137255, 0.5019607843137255, 0.5019607843137255
vb0[118]+076 TEXCOORD: 0.33034348487854004, 0.30466997623443604

vb0[119]+000 POSITION: 0.060183968394994736, 2.5519044399261475, 0.06495719403028488
vb0[119]+012 NORMAL: 0.7954694032669067, -0.5934951901435852, 0.12244143337011337
vb0[119]+024 TANGENT: 0.7916973829269409, -0.5985043048858643, 0.12250638753175735, -1.0
vb0[119]+040 BLENDWEIGHTS: 1.0, 0.0, 0.0, 0.0
vb0[119]+056 BLENDINDICES: 0, 0, 0, 0
vb0[119]+072 COLOR: 1.0, 0.5019607843137255, 0.5019607843137255, 0.5019607843137255
vb0[119]+076 TEXCOORD: 0.27822357416152954, 0.307736337184906

vb0[120]+000 POSITION: 0.05468570068478584, 2.545926570892334, 0.06880242377519608
vb0[120]+012 NORMAL: 0.7498113512992859, -0.6504534482955933, 0.12121611088514328
vb0[120]+024 TANGENT: 0.748897910118103, -0.651189923286438, 0.12289617955684662, -1.0
vb0[120]+040 BLENDWEIGHTS: 1.0, 0.0, 0.0, 0.0
vb0[120]+056 BLENDINDICES: 0, 0, 0, 0
vb0[120]+072 COLOR: 1.0, 0.5019607843137255, 0.5019607843137255, 0.5019607843137255
vb0[120]+076 TEXCOORD: 0.29820960760116577, 0.2923066020011902

vb0[121]+000 POSITION: 0.06162117421627045, 2.5512678623199463, 0.049084920436143875
vb0[121]+012 NORMAL: 0.7684691548347473, -0.6389027833938599, 0.03547453135251999
vb0[121]+024 TANGENT: 0.7602719664573669, -0.6493014097213745, 0.01985788345336914, -1.0
vb0[121]+040 BLENDWEIGHTS: 1.0, 0.0, 0.0, 0.0
vb0[121]+056 BLENDINDICES: 0, 0, 0, 0
vb0[121]+072 COLOR: 1.0, 0.5019607843137255, 0.5019607843137255, 0.5019607843137255
vb0[121]+076 TEXCOORD: 0.23917731642723083, 0.2944132685661316

vb0[122]+000 POSITION: 0.05629270523786545, 2.5455644130706787, 0.05442892387509346
vb0[122]+012 NORMAL: 0.6937130689620972, -0.7202264666557312, 0.005993613041937351
vb0[122]+024 TANGENT: 0.6833983659744263, -0.7299615144729614, -0.011088669300079346, -1.0
vb0[122]+040 BLENDWEIGHTS: 1.0, 0.0, 0.0, 0.0
vb0[122]+056 BLENDINDICES: 0, 0, 0, 0
vb0[122]+072 COLOR: 1.0, 0.5019607843137255, 0.5019607843137255, 0.5019607843137255
vb0[122]+076 TEXCOORD: 0.26224619150161743, 0.28122949600219727

vb0[123]+000 POSITION: 0.06065882369875908, 2.550917863845825, 0.03852323815226555
vb0[123]+012 NORMAL: 0.7269091606140137, -0.6834731101989746, -0.06684080511331558
vb0[123]+024 TANGENT: 0.6554464101791382, -0.7337017059326172, -0.17908594012260437, -1.0
vb0[123]+040 BLENDWEIGHTS: 1.0, 0.0, 0.0, 0.0
vb0[123]+056 BLENDINDICES: 0, 0, 0, 0
vb0[123]+072 COLOR: 1.0, 0.5019607843137255, 0.5019607843137255, 0.5019607843137255
vb0[123]+076 TEXCOORD: 0.21756646037101746, 0.2842114269733429

vb0[124]+000 POSITION: 0.04342932254076004, 2.5498416423797607, 0.10381751507520676
vb0[124]+012 NORMAL: 0.6499531269073486, -0.45741912722587585, 0.6069008708000183
vb0[124]+024 TANGENT: 0.6477106809616089, -0.45623505115509033, 0.6101805567741394, -1.0
vb0[124]+040 BLENDWEIGHTS: 1.0, 0.0, 0.0, 0.0
vb0[124]+056 BLENDINDICES: 0, 0, 0, 0
vb0[124]+072 COLOR: 1.0, 0.5019607843137255, 0.5019607843137255, 0.5019607843137255
vb0[124]+076 TEXCOORD: 0.38241976499557495, 0.32591813802719116

vb0[125]+000 POSITION: 0.0452733114361763, 2.5419960021972656, 0.0922260656952858
vb0[125]+012 NORMAL: 0.7284440398216248, -0.6063149571418762, 0.31898513436317444
vb0[125]+024 TANGENT: 0.7272430658340454, -0.6057919263839722, 0.32269740104675293, -1.0
vb0[125]+040 BLENDWEIGHTS: 1.0, 0.0, 0.0, 0.0
vb0[125]+056 BLENDINDICES: 0, 0, 0, 0
vb0[125]+072 COLOR: 1.0, 0.5019607843137255, 0.5019607843137255, 0.5019607843137255
vb0[125]+076 TEXCOORD: 0.36330336332321167, 0.2977440357208252

vb0[126]+000 POSITION: 0.04239116236567497, 2.54313588142395, 0.09925253689289093
vb0[126]+012 NORMAL: 0.6993139982223511, -0.5536984205245972, 0.4520817697048187
vb0[126]+024 TANGENT: 0.6947279572486877, -0.5472704172134399, 0.4667421877384186, -1.0
vb0[126]+040 BLENDWEIGHTS: 1.0, 0.0, 0.0, 0.0
vb0[126]+056 BLENDINDICES: 0, 0, 0, 0
vb0[126]+072 COLOR: 1.0, 0.5019607843137255, 0.5019607843137255, 0.5019607843137255
vb0[126]+076 TEXCOORD: 0.38052040338516235, 0.30546125769615173

vb0[127]+000 POSITION: 0.04715258628129959, 2.5411291122436523, 0.0844230130314827
vb0[127]+012 NORMAL: 0.7151769995689392, -0.6725662350654602, 0.19020123779773712
vb0[127]+024 TANGENT: 0.7205995321273804, -0.6638830900192261, 0.1999887228012085, -1.0
vb0[127]+040 BLENDWEIGHTS: 1.0, 0.0, 0.0, 0.0
vb0[127]+056 BLENDINDICES: 0, 0, 0, 0
vb0[127]+072 COLOR: 1.0, 0.5019607843137255, 0.5019607843137255, 0.5019607843137255
vb0[127]+076 TEXCOORD: 0.34597694873809814, 0.28813236951828003

vb0[128]+000 POSITION: 0.04976041987538338, 2.5398190021514893, 0.061225488781929016
vb0[128]+012 NORMAL: 0.6161472797393799, -0.7870271801948547, -0.03083183988928795
vb0[128]+024 TANGENT: 0.6015899181365967, -0.7972856760025024, -0.049246128648519516, -1.0
vb0[128]+040 BLENDWEIGHTS: 1.0, 0.0, 0.0, 0.0
vb0[128]+056 BLENDINDICES: 0, 0, 0, 0
vb0[128]+072 COLOR: 1.0, 0.5019607843137255, 0.5019607843137255, 0.5019607843137255
vb0[128]+076 TEXCOORD: 0.2900071442127228, 0.2676945924758911

vb0[129]+000 POSITION: 0.04883628711104393, 2.5403411388397217, 0.0734633281826973
vb0[129]+012 NORMAL: 0.7112621068954468, -0.6924224495887756, 0.12106804549694061
vb0[129]+024 TANGENT: 0.711703896522522, -0.6914156079292297, 0.12418556958436966, -1.0
vb0[129]+040 BLENDWEIGHTS: 1.0, 0.0, 0.0, 0.0
vb0[129]+056 BLENDINDICES: 0, 0, 0, 0
vb0[129]+072 COLOR: 1.0, 0.5019607843137255, 0.5019607843137255, 0.5019607843137255
vb0[129]+076 TEXCOORD: 0.31959807872772217, 0.27886417508125305

vb0[130]+000 POSITION: 0.05475302413105965, 2.5459203720092773, 0.044880278408527374
vb0[130]+012 NORMAL: 0.5533759593963623, -0.8227747082710266, -0.1296798586845398
vb0[130]+024 TANGENT: 0.4973067343235016, -0.8459804654121399, -0.1923614889383316, -1.0
vb0[130]+040 BLENDWEIGHTS: 1.0, 0.0, 0.0, 0.0
vb0[130]+056 BLENDINDICES: 0, 0, 0, 0
vb0[130]+072 COLOR: 1.0, 0.5019607843137255, 0.5019607843137255, 0.5019607843137255
vb0[130]+076 TEXCOORD: 0.2416195571422577, 0.27049317955970764

vb0[131]+000 POSITION: 0.04714270308613777, 2.5399348735809326, 0.05348207801580429
vb0[131]+012 NORMAL: 0.4742257297039032, -0.8626566529273987, -0.17587898671627045
vb0[131]+024 TANGENT: 0.4674701988697052, -0.8622351288795471, -0.19499269127845764, -1.0
vb0[131]+040 BLENDWEIGHTS: 1.0, 0.0, 0.0, 0.0
vb0[131]+056 BLENDINDICES: 0, 0, 0, 0
vb0[131]+072 COLOR: 1.0, 0.5019607843137255, 0.5019607843137255, 0.5019607843137255
vb0[131]+076 TEXCOORD: 0.27596986293792725, 0.25646790862083435

vb0[132]+000 POSITION: 0.03969453647732735, 2.5360569953918457, 0.09333042055368423
vb0[132]+012 NORMAL: 0.7010223269462585, -0.6743463277816772, 0.23200154304504395
vb0[132]+024 TANGENT: 0.7075985670089722, -0.6497180461883545, 0.27779626846313477, -1.0
vb0[132]+040 BLENDWEIGHTS: 1.0, 0.0, 0.0, 0.0
vb0[132]+056 BLENDINDICES: 0, 0, 0, 0
vb0[132]+072 COLOR: 1.0, 0.5019607843137255, 0.5019607843137255, 0.5019607843137255
vb0[132]+076 TEXCOORD: 0.3774591088294983, 0.28158536553382874

vb0[133]+000 POSITION: 0.03736969828605652, 2.5374865531921387, 0.0997515544295311
vb0[133]+012 NORMAL: 0.6980322599411011, -0.5667946338653564, 0.43760114908218384
vb0[133]+024 TANGENT: 0.6935412883758545, -0.5611395239830017, 0.4517996311187744, -1.0
vb0[133]+040 BLENDWEIGHTS: 1.0, 0.0, 0.0, 0.0
vb0[133]+056 BLENDINDICES: 0, 0, 0, 0
vb0[133]+072 COLOR: 1.0, 0.5019607843137255, 0.5019607843137255, 0.5019607843137255
vb0[133]+076 TEXCOORD: 0.39232969284057617, 0.2899959087371826

vb0[134]+000 POSITION: 0.039706695824861526, 2.5441997051239014, 0.10348264127969742
vb0[134]+012 NORMAL: 0.6499759554862976, -0.48492196202278137, 0.5851340889930725
vb0[134]+024 TANGENT: 0.6500728130340576, -0.48314592242240906, 0.5864940881729126, -1.0
vb0[134]+040 BLENDWEIGHTS: 1.0, 0.0, 0.0, 0.0
vb0[134]+056 BLENDINDICES: 0, 0, 0, 0
vb0[134]+072 COLOR: 1.0, 0.5019607843137255, 0.5019607843137255, 0.5019607843137255
vb0[134]+076 TEXCOORD: 0.3914242386817932, 0.310609370470047

vb0[135]+000 POSITION: 0.03502792492508888, 2.538601875305176, 0.10409055650234222
vb0[135]+012 NORMAL: 0.6587061285972595, -0.49450427293777466, 0.5670729875564575
vb0[135]+024 TANGENT: 0.6471980214118958, -0.49411579966545105, 0.580503523349762, -1.0
vb0[135]+040 BLENDWEIGHTS: 1.0, 0.0, 0.0, 0.0
vb0[135]+056 BLENDINDICES: 0, 0, 0, 0
vb0[135]+072 COLOR: 1.0, 0.5019607843137255, 0.5019607843137255, 0.5019607843137255
vb0[135]+076 TEXCOORD: 0.403436541557312, 0.2956363558769226

vb0[136]+000 POSITION: 0.030541960150003433, 2.5336623191833496, 0.10495976358652115
vb0[136]+012 NORMAL: 0.649097740650177, -0.47873014211654663, 0.591176450252533
vb0[136]+024 TANGENT: 0.6500117778778076, -0.48388591408729553, 0.5859514474868774, -1.0
vb0[136]+040 BLENDWEIGHTS: 1.0, 0.0, 0.0, 0.0
vb0[136]+056 BLENDINDICES: 0, 0, 0, 0
vb0[136]+072 COLOR: 1.0, 0.5019607843137255, 0.5019607843137255, 0.5019607843137255
vb0[136]+076 TEXCOORD: 0.41584205627441406, 0.2811187207698822

vb0[137]+000 POSITION: 0.03299726918339729, 2.5300791263580322, 0.09664811193943024
vb0[137]+012 NORMAL: 0.6979712843894958, -0.6827399730682373, 0.2161070704460144
vb0[137]+024 TANGENT: 0.7038228511810303, -0.6534030437469482, 0.2787433862686157, -1.0
vb0[137]+040 BLENDWEIGHTS: 1.0, 0.0, 0.0, 0.0
vb0[137]+056 BLENDINDICES: 0, 0, 0, 0
vb0[137]+072 COLOR: 1.0, 0.5019607843137255, 0.5019607843137255, 0.5019607843137255
vb0[137]+076 TEXCOORD: 0.39730435609817505, 0.2663156986236572

vb0[138]+000 POSITION: 0.03243239223957062, 2.526394844055176, 0.08179789036512375
vb0[138]+012 NORMAL: 0.6000628471374512, -0.7996576428413391, 0.02172696962952614
vb0[138]+024 TANGENT: 0.5716924667358398, -0.8202587962150574, -0.018526015803217888, -1.0
vb0[138]+040 BLENDWEIGHTS: 1.0, 0.0, 0.0, 0.0
vb0[138]+056 BLENDINDICES: 0, 0, 0, 0
vb0[138]+072 COLOR: 1.0, 0.5019607843137255, 0.5019607843137255, 0.5019607843137255
vb0[138]+076 TEXCOORD: 0.367892324924469, 0.24216800928115845

vb0[139]+000 POSITION: 0.02284836210310459, 2.51955509185791, 0.09285398572683334
vb0[139]+012 NORMAL: 0.6319050192832947, -0.7721382975578308, 0.06707029789686203
vb0[139]+024 TANGENT: 0.5653700232505798, -0.8248373866081238, 0.0, -1.0
vb0[139]+040 BLENDWEIGHTS: 1.0, 0.0, 0.0, 0.0
vb0[139]+056 BLENDINDICES: 0, 0, 0, 0
vb0[139]+072 COLOR: 1.0, 0.5019607843137255, 0.5019607843137255, 0.5019607843137255
vb0[139]+076 TEXCOORD: 0.40998315811157227, 0.23033292591571808

vb0[140]+000 POSITION: 0.031906355172395706, 2.5321402549743652, 0.10144664347171783
vb0[140]+012 NORMAL: 0.6966703534126282, -0.5631072521209717, 0.44447779655456543
vb0[140]+024 TANGENT: 0.694791853427887, -0.5590463280677795, 0.45247241854667664, -1.0
vb0[140]+040 BLENDWEIGHTS: 1.0, 0.0, 0.0, 0.0
vb0[140]+056 BLENDINDICES: 0, 0, 0, 0
vb0[140]+072 COLOR: 1.0, 0.5019607843137255, 0.5019607843137255, 0.5019607843137255
vb0[140]+076 TEXCOORD: 0.4085777997970581, 0.27613139152526855

vb0[141]+000 POSITION: 0.02388838306069374, 2.5263712406158447, 0.10657747834920883
vb0[141]+012 NORMAL: 0.6464517712593079, -0.46441730856895447, 0.6053235530853271
vb0[141]+024 TANGENT: 0.6488155722618103, -0.4744892418384552, 0.5948935747146606, -1.0
vb0[141]+040 BLENDWEIGHTS: 1.0, 0.0, 0.0, 0.0
vb0[141]+056 BLENDINDICES: 0, 0, 0, 0
vb0[141]+072 COLOR: 1.0, 0.5019607843137255, 0.5019607843137255, 0.5019607843137255
vb0[141]+076 TEXCOORD: 0.4327789545059204, 0.2617786228656769

vb0[142]+000 POSITION: 0.028250403702259064, 2.5361979007720947, 0.10855522006750107
vb0[142]+012 NORMAL: 0.5451911091804504, -0.4127482771873474, 0.7296611666679382
vb0[142]+024 TANGENT: 0.5399184823036194, -0.4188573360443115, 0.7301003932952881, -1.0
vb0[142]+040 BLENDWEIGHTS: 1.0, 0.0, 0.0, 0.0
vb0[142]+056 BLENDINDICES: 0, 0, 0, 0
vb0[142]+072 COLOR: 1.0, 0.5019607843137255, 0.5019607843137255, 0.5019607843137255
vb0[142]+076 TEXCOORD: 0.42390215396881104, 0.29015085101127625

vb0[143]+000 POSITION: 0.021694568917155266, 2.532832622528076, 0.11127430945634842
vb0[143]+012 NORMAL: 0.48235172033309937, -0.3351401686668396, 0.8093317747116089
vb0[143]+024 TANGENT: 0.4684698283672333, -0.34098199009895325, 0.815026044845581, -1.0
vb0[143]+040 BLENDWEIGHTS: 1.0, 0.0, 0.0, 0.0
vb0[143]+056 BLENDINDICES: 0, 0, 0, 0
vb0[143]+072 COLOR: 1.0, 0.5019607843137255, 0.5019607843137255, 0.5019607843137255
vb0[143]+076 TEXCOORD: 0.44201552867889404, 0.28093814849853516

vb0[144]+000 POSITION: 0.015209987759590149, 2.5215468406677246, 0.11154301464557648
vb0[144]+012 NORMAL: 0.571740448474884, -0.3121424615383148, 0.7587357759475708
vb0[144]+024 TANGENT: 0.5811986923217773, -0.33273375034332275, 0.7426279783248901, -1.0
vb0[144]+040 BLENDWEIGHTS: 1.0, 0.0, 0.0, 0.0
vb0[144]+056 BLENDINDICES: 0, 0, 0, 0
vb0[144]+072 COLOR: 1.0, 0.5019607843137255, 0.5019607843137255, 0.5019607843137255
vb0[144]+076 TEXCOORD: 0.45906293392181396, 0.24789878726005554

vb0[145]+000 POSITION: 0.024524489417672157, 2.540628671646118, 0.11340320110321045
vb0[145]+012 NORMAL: 0.4347076117992401, -0.41019493341445923, 0.8017289638519287
vb0[145]+024 TANGENT: 0.44308340549468994, -0.4107891321182251, 0.7968244552612305, -1.0
vb0[145]+040 BLENDWEIGHTS: 1.0, 0.0, 0.0, 0.0
vb0[145]+056 BLENDINDICES: 0, 0, 0, 0
vb0[145]+072 COLOR: 1.0, 0.5019607843137255, 0.5019607843137255, 0.0
vb0[145]+076 TEXCOORD: 0.4364416003227234, 0.30361613631248474

vb0[146]+000 POSITION: 0.027995586395263672, 2.543429136276245, 0.11292796581983566
vb0[146]+012 NORMAL: 0.4949130415916443, -0.41128426790237427, 0.7654451131820679
vb0[146]+024 TANGENT: 0.4915994107723236, -0.4079671800136566, 0.7693458199501038, -1.0
vb0[146]+040 BLENDWEIGHTS: 1.0, 0.0, 0.0, 0.0
vb0[146]+056 BLENDINDICES: 0, 0, 0, 0
vb0[146]+072 COLOR: 1.0, 0.5019607843137255, 0.5019607843137255, 0.0
vb0[146]+076 TEXCOORD: 0.42754554748535156, 0.3115670084953308

vb0[147]+000 POSITION: 0.023882759734988213, 2.546597719192505, 0.11671993881464005
vb0[147]+012 NORMAL: 0.3863365054130554, -0.3630921244621277, 0.8478845953941345
vb0[147]+024 TANGENT: 0.41573843359947205, -0.3256477117538452, 0.849185049533844, -1.0
vb0[147]+040 BLENDWEIGHTS: 1.0, 0.0, 0.0, 0.0
vb0[147]+056 BLENDINDICES: 0, 0, 0, 0
vb0[147]+072 COLOR: 1.0, 0.5019607843137255, 0.5019607843137255, 0.0
vb0[147]+076 TEXCOORD: 0.43996065855026245, 0.3208377957344055

vb0[148]+000 POSITION: 0.025631006807088852, 2.54854679107666, 0.11673209816217422
vb0[148]+012 NORMAL: 0.4167098104953766, -0.36093610525131226, 0.8343129754066467
vb0[148]+024 TANGENT: 0.39143866300582886, -0.33551377058029175, 0.8568584322929382, -1.0
vb0[148]+040 BLENDWEIGHTS: 1.0, 0.0, 0.0, 0.0
vb0[148]+056 BLENDINDICES: 0, 0, 0, 0
vb0[148]+072 COLOR: 1.0, 0.5019607843137255, 0.5019607843137255, 0.0
vb0[148]+076 TEXCOORD: 0.4353005886077881, 0.32625582814216614

vb0[149]+000 POSITION: 0.03094903938472271, 2.546541452407837, 0.11253263056278229
vb0[149]+012 NORMAL: 0.5387850403785706, -0.3906016945838928, 0.7464187741279602
vb0[149]+024 TANGENT: 0.5288896560668945, -0.39259427785873413, 0.7524263262748718, -1.0
vb0[149]+040 BLENDWEIGHTS: 1.0, 0.0, 0.0, 0.0
vb0[149]+056 BLENDINDICES: 0, 0, 0, 0
vb0[149]+072 COLOR: 1.0, 0.5019607843137255, 0.5019607843137255, 0.0
vb0[149]+076 TEXCOORD: 0.4200281500816345, 0.32017916440963745

vb0[150]+000 POSITION: 0.021281911060214043, 2.5447983741760254, 0.1170472502708435
vb0[150]+012 NORMAL: 0.3957493007183075, -0.4005959928035736, 0.8263808488845825
vb0[150]+024 TANGENT: 0.43839213252067566, -0.38173648715019226, 0.8136888742446899, -1.0
vb0[150]+040 BLENDWEIGHTS: 1.0, 0.0, 0.0, 0.0
vb0[150]+056 BLENDINDICES: 0, 0, 0, 0
vb0[150]+072 COLOR: 1.0, 0.5019607843137255, 0.5019607843137255, 0.0
vb0[150]+076 TEXCOORD: 0.4463436007499695, 0.31538912653923035

vb0[151]+000 POSITION: 0.03251122310757637, 2.540097951889038, 0.10762286186218262
vb0[151]+012 NORMAL: 0.5798894166946411, -0.43242281675338745, 0.6904627680778503
vb0[151]+024 TANGENT: 0.5759919881820679, -0.43981635570526123, 0.6890535354614258, -1.0
vb0[151]+040 BLENDWEIGHTS: 1.0, 0.0, 0.0, 0.0
vb0[151]+056 BLENDINDICES: 0, 0, 0, 0
vb0[151]+072 COLOR: 1.0, 0.5019607843137255, 0.5019607843137255, 0.5019607843137255
vb0[151]+076 TEXCOORD: 0.41271400451660156, 0.3010207414627075

vb0[152]+000 POSITION: 0.018948981538414955, 2.538266897201538, 0.11471163481473923
vb0[152]+012 NORMAL: 0.3759514391422272, -0.38273561000823975, 0.8439040780067444
vb0[152]+024 TANGENT: 0.3980064392089844, -0.39393502473831177, 0.8284962177276611, -1.0
vb0[152]+040 BLENDWEIGHTS: 1.0, 0.0, 0.0, 0.0
vb0[152]+056 BLENDINDICES: 0, 0, 0, 0
vb0[152]+072 COLOR: 1.0, 0.5019607843137255, 0.5019607843137255, 0.0
vb0[152]+076 TEXCOORD: 0.45101654529571533, 0.29661086201667786

vb0[153]+000 POSITION: 0.01391852367669344, 2.5306451320648193, 0.11402812600135803
vb0[153]+012 NORMAL: 0.4017820954322815, -0.20980674028396606, 0.8913766145706177
vb0[153]+024 TANGENT: 0.3893696963787079, -0.22221535444259644, 0.89387446641922, -1.0
vb0[153]+040 BLENDWEIGHTS: 1.0, 0.0, 0.0, 0.0
vb0[153]+056 BLENDINDICES: 0, 0, 0, 0
vb0[153]+072 COLOR: 1.0, 0.5019607843137255, 0.5019607843137255, 0.5019607843137255
vb0[153]+076 TEXCOORD: 0.46269041299819946, 0.27443066239356995

vb0[154]+000 POSITION: 0.01228821650147438, 2.5364763736724854, 0.11678914725780487
vb0[154]+012 NORMAL: 0.3494267463684082, -0.3687761127948761, 0.8613390922546387
vb0[154]+024 TANGENT: 0.34604719281196594, -0.375286728143692, 0.8598902821540833, -1.0
vb0[154]+040 BLENDWEIGHTS: 1.0, 0.0, 0.0, 0.0
vb0[154]+056 BLENDINDICES: 0, 0, 0, 0
vb0[154]+072 COLOR: 1.0, 0.5019607843137255, 0.5019607843137255, 0.0
vb0[154]+076 TEXCOORD: 0.4683007597923279, 0.2910041809082031

vb0[155]+000 POSITION: 0.016791628673672676, 2.5428225994110107, 0.11821123957633972
vb0[155]+012 NORMAL: 0.4121895730495453, -0.47660791873931885, 0.7764950394630432
vb0[155]+024 TANGENT: 0.4254723787307739, -0.476369708776474, 0.7694446444511414, -1.0
vb0[155]+040 BLENDWEIGHTS: 1.0, 0.0, 0.0, 0.0
vb0[155]+056 BLENDINDICES: 0, 0, 0, 0
vb0[155]+072 COLOR: 1.0, 0.5019607843137255, 0.5019607843137255, 0.0
vb0[155]+076 TEXCOORD: 0.45788341760635376, 0.3092605769634247

vb0[156]+000 POSITION: 0.018826082348823547, 2.547863721847534, 0.11983361095190048
vb0[156]+012 NORMAL: 0.5492802262306213, -0.3310997188091278, 0.7672445774078369
vb0[156]+024 TANGENT: 0.5349271893501282, -0.2077149748802185, 0.8189671635627747, -1.0
vb0[156]+040 BLENDWEIGHTS: 1.0, 0.0, 0.0, 0.0
vb0[156]+056 BLENDINDICES: 0, 0, 0, 0
vb0[156]+072 COLOR: 1.0, 0.5019607843137255, 0.5019607843137255, 0.0
vb0[156]+076 TEXCOORD: 0.4540292024612427, 0.3236355483531952

vb0[157]+000 POSITION: 0.015381243079900742, 2.5466952323913574, 0.12222441285848618
vb0[157]+012 NORMAL: 0.4936912953853607, -0.45837393403053284, 0.7390279769897461
vb0[157]+024 TANGENT: 0.4987254738807678, -0.30502060055732727, 0.8113170862197876, -1.0
vb0[157]+040 BLENDWEIGHTS: 1.0, 0.0, 0.0, 0.0
vb0[157]+056 BLENDINDICES: 0, 0, 0, 0
vb0[157]+072 COLOR: 1.0, 0.5019607843137255, 0.5019607843137255, 0.0
vb0[157]+076 TEXCOORD: 0.4640740156173706, 0.3210287392139435

vb0[158]+000 POSITION: 0.015147109515964985, 2.5484039783477783, 0.12243326753377914
vb0[158]+012 NORMAL: 0.4988439381122589, 0.024863634258508682, 0.8663351535797119
vb0[158]+024 TANGENT: 0.5053747892379761, 0.026270627975463867, 0.8624999523162842, -1.0
vb0[158]+040 BLENDWEIGHTS: 1.0, 0.0, 0.0, 0.0
vb0[158]+056 BLENDINDICES: 0, 0, 0, 0
vb0[158]+072 COLOR: 1.0, 0.5019607843137255, 0.5019607843137255, 0.0
vb0[158]+076 TEXCOORD: 0.4641304016113281, 0.3255091905593872

vb0[159]+000 POSITION: 0.01038938295096159, 2.547832727432251, 0.12477634102106094
vb0[159]+012 NORMAL: 0.3671830892562866, -0.009417502209544182, 0.9301010370254517
vb0[159]+024 TANGENT: 0.37390661239624023, -0.0037005541380494833, 0.9274590015411377, -1.0
vb0[159]+040 BLENDWEIGHTS: 1.0, 0.0, 0.0, 0.0
vb0[159]+056 BLENDINDICES: 0, 0, 0, 0
vb0[159]+072 COLOR: 1.0, 0.5019607843137255, 0.5019607843137255, 0.0
vb0[159]+076 TEXCOORD: 0.4752257466316223, 0.3246459662914276

vb0[160]+000 POSITION: 0.010457229800522327, 2.5458154678344727, 0.12467528879642487
vb0[160]+012 NORMAL: 0.3426746726036072, -0.534940779209137, 0.7722774147987366
vb0[160]+024 TANGENT: 0.3619877099990845, -0.3738100826740265, 0.8539502024650574, -1.0
vb0[160]+040 BLENDWEIGHTS: 1.0, 0.0, 0.0, 0.0
vb0[160]+056 BLENDINDICES: 0, 0, 0, 0
vb0[160]+072 COLOR: 1.0, 0.5019607843137255, 0.5019607843137255, 0.0
vb0[160]+076 TEXCOORD: 0.4751935601234436, 0.3194286525249481

vb0[161]+000 POSITION: 0.005199400242418051, 2.5454835891723633, 0.1262485682964325
vb0[161]+012 NORMAL: 0.18763470649719238, -0.5792962908744812, 0.793226957321167
vb0[161]+024 TANGENT: 0.2009454220533371, -0.41071057319641113, 0.8893467783927917, -1.0
vb0[161]+040 BLENDWEIGHTS: 1.0, 0.0, 0.0, 0.0
vb0[161]+056 BLENDINDICES: 0, 0, 0, 0
vb0[161]+072 COLOR: 1.0, 0.5019607843137255, 0.5019607843137255, 0.0
vb0[161]+076 TEXCOORD: 0.4883056879043579, 0.3185005486011505

vb0[162]+000 POSITION: 0.005129045806825161, 2.547654867172241, 0.12649568915367126
vb0[162]+012 NORMAL: 0.2174956202507019, -0.02475314773619175, 0.9757474064826965
vb0[162]+024 TANGENT: 0.2102959305047989, -0.021332621574401855, 0.9774050116539001, -1.0
vb0[162]+040 BLENDWEIGHTS: 1.0, 0.0, 0.0, 0.0
vb0[162]+056 BLENDINDICES: 0, 0, 0, 0
vb0[162]+072 COLOR: 1.0, 0.5019607843137255, 0.5019607843137255, 0.0
vb0[162]+076 TEXCOORD: 0.48811060190200806, 0.32385745644569397

vb0[163]+000 POSITION: -2.7644553419045516e-16, 2.545372486114502, 0.12686118483543396
vb0[163]+012 NORMAL: 4.783291842613835e-07, -0.5879321694374084, 0.8089102506637573
vb0[163]+024 TANGENT: 0.0, -0.4248890280723572, 0.9052454233169556, -1.0
vb0[163]+040 BLENDWEIGHTS: 1.0, 0.0, 0.0, 0.0
vb0[163]+056 BLENDINDICES: 0, 0, 0, 0
vb0[163]+072 COLOR: 1.0, 0.5019607843137255, 0.5019607843137255, 0.30196078431372547
vb0[163]+076 TEXCOORD: 0.4999999701976776, 0.3181307017803192

vb0[164]+000 POSITION: -2.7644553419045516e-16, 2.5398619174957275, 0.1214575469493866
vb0[164]+012 NORMAL: 4.107344295789517e-07, -0.6241990327835083, 0.781265377998352
vb0[164]+024 TANGENT: 0.0, -0.5988259315490723, 0.800879180431366, -1.0
vb0[164]+040 BLENDWEIGHTS: 1.0, 0.0, 0.0, 0.0
vb0[164]+056 BLENDINDICES: 0, 0, 0, 0
vb0[164]+072 COLOR: 1.0, 0.5019607843137255, 0.5019607843137255, 0.30196078431372547
vb0[164]+076 TEXCOORD: 0.5, 0.30157986283302307

vb0[165]+000 POSITION: -0.005199400242418051, 2.5454835891723633, 0.1262485682964325
vb0[165]+012 NORMAL: -0.18763503432273865, -0.5792942643165588, 0.793228268623352
vb0[165]+024 TANGENT: -0.20094753801822662, -0.4107113778591156, 0.8893460631370544, -1.0
vb0[165]+040 BLENDWEIGHTS: 1.0, 0.0, 0.0, 0.0
vb0[165]+056 BLENDINDICES: 0, 0, 0, 0
vb0[165]+072 COLOR: 1.0, 0.5019607843137255, 0.5019607843137255, 0.0
vb0[165]+076 TEXCOORD: 0.5116943120956421, 0.3184983730316162

vb0[166]+000 POSITION: -0.005463830195367336, 2.540351629257202, 0.12105023860931396
vb0[166]+012 NORMAL: -0.16954438388347626, -0.5992004871368408, 0.782440721988678
vb0[166]+024 TANGENT: -0.17538665235042572, -0.5908764600753784, 0.7874671220779419, -1.0
vb0[166]+040 BLENDWEIGHTS: 1.0, 0.0, 0.0, 0.0
vb0[166]+056 BLENDINDICES: 0, 0, 0, 0
vb0[166]+072 COLOR: 1.0, 0.5019607843137255, 0.5019607843137255, 0.0
vb0[166]+076 TEXCOORD: 0.512601375579834, 0.30232205986976624

vb0[167]+000 POSITION: -0.005129045806825161, 2.547654867172241, 0.12649568915367126
vb0[167]+012 NORMAL: -0.2175050973892212, -0.024750633165240288, 0.9757453799247742
vb0[167]+024 TANGENT: -0.2102944701910019, -0.02133268304169178, 0.9774052500724792, -1.0
vb0[167]+040 BLENDWEIGHTS: 1.0, 0.0, 0.0, 0.0
vb0[167]+056 BLENDINDICES: 0, 0, 0, 0
vb0[167]+072 COLOR: 1.0, 0.5019607843137255, 0.5019607843137255, 0.0
vb0[167]+076 TEXCOORD: 0.5118893980979919, 0.32385528087615967

vb0[168]+000 POSITION: -2.7644553419045516e-16, 2.5475833415985107, 0.1271018236875534
vb0[168]+012 NORMAL: 1.543970284956231e-07, -0.03372396528720856, 0.9994311928749084
vb0[168]+024 TANGENT: 0.0, -0.029458999633789062, 0.9995660185813904, -1.0
vb0[168]+040 BLENDWEIGHTS: 1.0, 0.0, 0.0, 0.0
vb0[168]+056 BLENDINDICES: 0, 0, 0, 0
vb0[168]+072 COLOR: 1.0, 0.5019607843137255, 0.5019607843137255, 0.2
vb0[168]+076 TEXCOORD: 0.4999999701976776, 0.3236968517303467

vb0[169]+000 POSITION: -0.01038938295096159, 2.547832727432251, 0.12477634102106094
vb0[169]+012 NORMAL: -0.3671856224536896, -0.0094163091853261, 0.9300999641418457
vb0[169]+024 TANGENT: -0.37390992045402527, -0.0037015671841800213, 0.9274575710296631, -1.0
vb0[169]+040 BLENDWEIGHTS: 1.0, 0.0, 0.0, 0.0
vb0[169]+056 BLENDINDICES: 0, 0, 0, 0
vb0[169]+072 COLOR: 1.0, 0.5019607843137255, 0.5019607843137255, 0.0
vb0[169]+076 TEXCOORD: 0.5247742533683777, 0.3246437907218933

vb0[170]+000 POSITION: -0.010457229800522327, 2.5458154678344727, 0.12467528879642487
vb0[170]+012 NORMAL: -0.3426729738712311, -0.5349442362785339, 0.7722758054733276
vb0[170]+024 TANGENT: -0.36199378967285156, -0.37381216883659363, 0.8539466857910156, -1.0
vb0[170]+040 BLENDWEIGHTS: 1.0, 0.0, 0.0, 0.0
vb0[170]+056 BLENDINDICES: 0, 0, 0, 0
vb0[170]+072 COLOR: 1.0, 0.5019607843137255, 0.5019607843137255, 0.0
vb0[170]+076 TEXCOORD: 0.5248064398765564, 0.3194264769554138

vb0[171]+000 POSITION: -0.015381243079900742, 2.5466952323913574, 0.12222441285848618
vb0[171]+012 NORMAL: -0.4936909079551697, -0.4583745300769806, 0.739027738571167
vb0[171]+024 TANGENT: -0.49872756004333496, -0.30502381920814514, 0.811314582824707, -1.0
vb0[171]+040 BLENDWEIGHTS: 1.0, 0.0, 0.0, 0.0
vb0[171]+056 BLENDINDICES: 0, 0, 0, 0
vb0[171]+072 COLOR: 1.0, 0.5019607843137255, 0.5019607843137255, 0.0
vb0[171]+076 TEXCOORD: 0.5359259843826294, 0.3210265636444092

vb0[172]+000 POSITION: -0.015147109515964985, 2.5484039783477783, 0.12243326753377914
vb0[172]+012 NORMAL: -0.49884432554244995, 0.024862688034772873, 0.866334855556488
vb0[172]+024 TANGENT: -0.5053780674934387, 0.026271585375070572, 0.8624981045722961, -1.0
vb0[172]+040 BLENDWEIGHTS: 1.0, 0.0, 0.0, 0.0
vb0[172]+056 BLENDINDICES: 0, 0, 0, 0
vb0[172]+072 COLOR: 1.0, 0.5019607843137255, 0.5019607843137255, 0.0
vb0[172]+076 TEXCOORD: 0.5358695983886719, 0.3255070149898529

vb0[173]+000 POSITION: -0.018826082348823547, 2.547863721847534, 0.11983361095190048
vb0[173]+012 NORMAL: -0.5492780804634094, -0.3311057686805725, 0.7672434449195862
vb0[173]+024 TANGENT: -0.5349321365356445, -0.20771805942058563, 0.8189632892608643, -1.0
vb0[173]+040 BLENDWEIGHTS: 1.0, 0.0, 0.0, 0.0
vb0[173]+056 BLENDINDICES: 0, 0, 0, 0
vb0[173]+072 COLOR: 1.0, 0.5019607843137255, 0.5019607843137255, 0.0
vb0[173]+076 TEXCOORD: 0.5459707975387573, 0.3236333727836609

vb0[174]+000 POSITION: -0.018584446981549263, 2.549161195755005, 0.12007995694875717
vb0[174]+012 NORMAL: -0.5649325251579285, 0.05441661551594734, 0.8233408331871033
vb0[174]+024 TANGENT: -0.5503343343734741, 0.060410503298044205, 0.8327561020851135, -1.0
vb0[174]+040 BLENDWEIGHTS: 1.0, 0.0, 0.0, 0.0
vb0[174]+056 BLENDINDICES: 0, 0, 0, 0
vb0[174]+072 COLOR: 1.0, 0.5019607843137255, 0.5019607843137255, 0.0
vb0[174]+076 TEXCOORD: 0.5455169081687927, 0.3272404372692108

vb0[175]+000 POSITION: -0.020495843142271042, 2.5501365661621094, 0.11870784312486649
vb0[175]+012 NORMAL: -0.46476584672927856, 0.050503894686698914, 0.8839921355247498
vb0[175]+024 TANGENT: -0.42631393671035767, 0.03930187225341797, 0.9037211537361145, -1.0
vb0[175]+040 BLENDWEIGHTS: 1.0, 0.0, 0.0, 0.0
vb0[175]+056 BLENDINDICES: 0, 0, 0, 0
vb0[175]+072 COLOR: 1.0, 0.5019607843137255, 0.5019607843137255, 0.0
vb0[175]+076 TEXCOORD: 0.5512739419937134, 0.33008652925491333

vb0[176]+000 POSITION: -0.02116652950644493, 2.549107074737549, 0.1183997243642807
vb0[176]+012 NORMAL: -0.4641208350658417, -0.19131283462047577, 0.8648648858070374
vb0[176]+024 TANGENT: -0.4154681861400604, -0.1456417292356491, 0.897872269153595, -1.0
vb0[176]+040 BLENDWEIGHTS: 1.0, 0.0, 0.0, 0.0
vb0[176]+056 BLENDINDICES: 0, 0, 0, 0
vb0[176]+072 COLOR: 1.0, 0.5019607843137255, 0.5019607843137255, 0.0
vb0[176]+076 TEXCOORD: 0.5527778267860413, 0.32766154408454895

vb0[177]+000 POSITION: -0.016791628673672676, 2.5428225994110107, 0.11821123957633972
vb0[177]+012 NORMAL: -0.41218942403793335, -0.47660741209983826, 0.7764955759048462
vb0[177]+024 TANGENT: -0.42547607421875, -0.47637343406677246, 0.7694404125213623, -1.0
vb0[177]+040 BLENDWEIGHTS: 1.0, 0.0, 0.0, 0.0
vb0[177]+056 BLENDINDICES: 0, 0, 0, 0
vb0[177]+072 COLOR: 1.0, 0.5019607843137255, 0.5019607843137255, 0.0
vb0[177]+076 TEXCOORD: 0.5421165823936462, 0.3092584013938904

vb0[178]+000 POSITION: -0.021281911060214043, 2.5447983741760254, 0.1170472502708435
vb0[178]+012 NORMAL: -0.3957515358924866, -0.40059807896614075, 0.8263787627220154
vb0[178]+024 TANGENT: -0.4383924603462219, -0.38173773884773254, 0.8136880397796631, -1.0
vb0[178]+040 BLENDWEIGHTS: 1.0, 0.0, 0.0, 0.0
vb0[178]+056 BLENDINDICES: 0, 0, 0, 0
vb0[178]+072 COLOR: 1.0, 0.5019607843137255, 0.5019607843137255, 0.0
vb0[178]+076 TEXCOORD: 0.5536563992500305, 0.31538695096969604

vb0[179]+000 POSITION: -0.021637262776494026, 2.550767183303833, 0.1183757409453392
vb0[179]+012 NORMAL: -0.22666984796524048, -0.11628591269254684, 0.9670048952102661
vb0[179]+024 TANGENT: -0.18689703941345215, -0.1401105672121048, 0.9723366498947144, -1.0
vb0[179]+040 BLENDWEIGHTS: 1.0, 0.0, 0.0, 0.0
vb0[179]+056 BLENDINDICES: 0, 0, 0, 0
vb0[179]+072 COLOR: 1.0, 0.5019607843137255, 0.5019607843137255, 0.0
vb0[179]+076 TEXCOORD: 0.5541131496429443, 0.33229178190231323

vb0[180]+000 POSITION: -0.022664718329906464, 2.550028085708618, 0.11799628287553787
vb0[180]+012 NORMAL: -0.2812086343765259, -0.2540208697319031, 0.9254161715507507
vb0[180]+024 TANGENT: -0.25221845507621765, -0.2453027367591858, 0.9360621571540833, -1.0
vb0[180]+040 BLENDWEIGHTS: 1.0, 0.0, 0.0, 0.0
vb0[180]+056 BLENDINDICES: 0, 0, 0, 0
vb0[180]+072 COLOR: 1.0, 0.5019607843137255, 0.5019607843137255, 0.0
vb0[180]+076 TEXCOORD: 0.5565100312232971, 0.33080530166625977

vb0[181]+000 POSITION: -0.018948981538414955, 2.538266897201538, 0.11471163481473923
vb0[181]+012 NORMAL: -0.3759502172470093, -0.3827340304851532, 0.8439053297042847
vb0[181]+024 TANGENT: -0.39800313115119934, -0.39393287897109985, 0.828498899936676, -1.0
vb0[181]+040 BLENDWEIGHTS: 1.0, 0.0, 0.0, 0.0
vb0[181]+056 BLENDINDICES: 0, 0, 0, 0
vb0[181]+072 COLOR: 1.0, 0.5019607843137255, 0.5019607843137255, 0.0
vb0[181]+076 TEXCOORD: 0.5489833950996399, 0.29660868644714355

vb0[182]+000 POSITION: -0.024524489417672157, 2.540628671646118, 0.11340320110321045
vb0[182]+012 NORMAL: -0.4347071945667267, -0.4101950228214264, 0.8017292022705078
vb0[182]+024 TANGENT: -0.44308197498321533, -0.4107888340950012, 0.7968255281448364, -1.0
vb0[182]+040 BLENDWEIGHTS: 1.0, 0.0, 0.0, 0.0
vb0[182]+056 BLENDINDICES: 0, 0, 0, 0
vb0[182]+072 COLOR: 1.0, 0.5019607843137255, 0.5019607843137255, 0.0
vb0[182]+076 TEXCOORD: 0.5635583996772766, 0.3036139905452728

vb0[183]+000 POSITION: -0.023882759734988213, 2.546597719192505, 0.11671993881464005
vb0[183]+012 NORMAL: -0.38633471727371216, -0.36309149861335754, 0.8478856086730957
vb0[183]+024 TANGENT: -0.41574060916900635, -0.3256506621837616, 0.8491827845573425, -1.0
vb0[183]+040 BLENDWEIGHTS: 1.0, 0.0, 0.0, 0.0
vb0[183]+056 BLENDINDICES: 0, 0, 0, 0
vb0[183]+072 COLOR: 1.0, 0.5019607843137255, 0.5019607843137255, 0.0
vb0[183]+076 TEXCOORD: 0.5600393414497375, 0.3208356201648712

vb0[184]+000 POSITION: -0.027995586395263672, 2.543429136276245, 0.11292796581983566
vb0[184]+012 NORMAL: -0.49491333961486816, -0.4112844467163086, 0.7654449939727783
vb0[184]+024 TANGENT: -0.49160921573638916, -0.4079757630825043, 0.7693349123001099, -1.0
vb0[184]+040 BLENDWEIGHTS: 1.0, 0.0, 0.0, 0.0
vb0[184]+056 BLENDINDICES: 0, 0, 0, 0
vb0[184]+072 COLOR: 1.0, 0.5019607843137255, 0.5019607843137255, 0.0
vb0[184]+076 TEXCOORD: 0.5724544525146484, 0.3115648329257965

vb0[185]+000 POSITION: -0.025631006807088852, 2.54854679107666, 0.11673209816217422
vb0[185]+012 NORMAL: -0.41671520471572876, -0.3609408140182495, 0.8343081474304199
vb0[185]+024 TANGENT: -0.39144623279571533, -0.33552172780036926, 0.8568517565727234, -1.0
vb0[185]+040 BLENDWEIGHTS: 1.0, 0.0, 0.0, 0.0
vb0[185]+056 BLENDINDICES: 0, 0, 0, 0
vb0[185]+072 COLOR: 1.0, 0.5019607843137255, 0.5019607843137255, 0.0
vb0[185]+076 TEXCOORD: 0.5646994113922119, 0.32625365257263184

vb0[186]+000 POSITION: -0.03094903938472271, 2.546541452407837, 0.11253263056278229
vb0[186]+012 NORMAL: -0.5387851595878601, -0.3906019628047943, 0.7464185357093811
vb0[186]+024 TANGENT: -0.5288981199264526, -0.39260098338127136, 0.7524169683456421, -1.0
vb0[186]+040 BLENDWEIGHTS: 1.0, 0.0, 0.0, 0.0
vb0[186]+056 BLENDINDICES: 0, 0, 0, 0
vb0[186]+072 COLOR: 1.0, 0.5019607843137255, 0.5019607843137255, 0.0
vb0[186]+076 TEXCOORD: 0.5799718499183655, 0.32017698884010315

vb0[187]+000 POSITION: -0.028250403702259064, 2.5361979007720947, 0.10855522006750107
vb0[187]+012 NORMAL: -0.5451921820640564, -0.41274863481521606, 0.7296602725982666
vb0[187]+024 TANGENT: -0.5399191379547119, -0.4188581109046936, 0.7300994396209717, -1.0
vb0[187]+040 BLENDWEIGHTS: 1.0, 0.0, 0.0, 0.0
vb0[187]+056 BLENDINDICES: 0, 0, 0, 0
vb0[187]+072 COLOR: 1.0, 0.5019607843137255, 0.5019607843137255, 0.5019607843137255
vb0[187]+076 TEXCOORD: 0.576097846031189, 0.29014870524406433

vb0[188]+000 POSITION: -0.03251122310757637, 2.540097951889038, 0.10762286186218262
vb0[188]+012 NORMAL: -0.5798895955085754, -0.43242278695106506, 0.690462589263916
vb0[188]+024 TANGENT: -0.5759931802749634, -0.4398173987865448, 0.6890518665313721, -1.0
vb0[188]+040 BLENDWEIGHTS: 1.0, 0.0, 0.0, 0.0
vb0[188]+056 BLENDINDICES: 0, 0, 0, 0
vb0[188]+072 COLOR: 1.0, 0.5019607843137255, 0.5019607843137255, 0.5019607843137255
vb0[188]+076 TEXCOORD: 0.5872859954833984, 0.3010185658931732

vb0[189]+000 POSITION: -0.021694568917155266, 2.532832622528076, 0.11127430945634842
vb0[189]+012 NORMAL: -0.4823533892631531, -0.3351415991783142, 0.8093301057815552
vb0[189]+024 TANGENT: -0.468467652797699, -0.34098008275032043, 0.8150278925895691, -1.0
vb0[189]+040 BLENDWEIGHTS: 1.0, 0.0, 0.0, 0.0
vb0[189]+056 BLENDINDICES: 0, 0, 0, 0
vb0[189]+072 COLOR: 1.0, 0.5019607843137255, 0.5019607843137255, 0.5019607843137255
vb0[189]+076 TEXCOORD: 0.557984471321106, 0.28093597292900085

vb0[190]+000 POSITION: -0.02388838306069374, 2.5263712406158447, 0.10657747834920883
vb0[190]+012 NORMAL: -0.6464523077011108, -0.46441757678985596, 0.6053228974342346
vb0[190]+024 TANGENT: -0.6488157510757446, -0.47448939085006714, 0.5948930978775024, -1.0
vb0[190]+040 BLENDWEIGHTS: 1.0, 0.0, 0.0, 0.0
vb0[190]+056 BLENDINDICES: 0, 0, 0, 0
vb0[190]+072 COLOR: 1.0, 0.5019607843137255, 0.5019607843137255, 0.5019607843137255
vb0[190]+076 TEXCOORD: 0.5672210454940796, 0.2617764472961426

vb0[191]+000 POSITION: -0.015209987759590149, 2.5215468406677246, 0.11154301464557648
vb0[191]+012 NORMAL: -0.5717398524284363, -0.3121420741081238, 0.758736252784729
vb0[191]+024 TANGENT: -0.58119797706604, -0.33273327350616455, 0.742628812789917, -1.0
vb0[191]+040 BLENDWEIGHTS: 1.0, 0.0, 0.0, 0.0
vb0[191]+056 BLENDINDICES: 0, 0, 0, 0
vb0[191]+072 COLOR: 1.0, 0.5019607843137255, 0.5019607843137255, 0.5019607843137255
vb0[191]+076 TEXCOORD: 0.5409498810768127, 0.2478903830051422

vb0[192]+000 POSITION: -0.01391852367669344, 2.5306451320648193, 0.11402812600135803
vb0[192]+012 NORMAL: -0.4017820954322815, -0.2098073661327362, 0.8913764953613281
vb0[192]+024 TANGENT: -0.389369934797287, -0.22221475839614868, 0.89387446641922, -1.0
vb0[192]+040 BLENDWEIGHTS: 1.0, 0.0, 0.0, 0.0
vb0[192]+056 BLENDINDICES: 0, 0, 0, 0
vb0[192]+072 COLOR: 1.0, 0.5019607843137255, 0.5019607843137255, 0.5019607843137255
vb0[192]+076 TEXCOORD: 0.5373095870018005, 0.27442848682403564

vb0[193]+000 POSITION: -0.01228821650147438, 2.5364763736724854, 0.11678914725780487
vb0[193]+012 NORMAL: -0.34942716360092163, -0.3687775135040283, 0.8613383769989014
vb0[193]+024 TANGENT: -0.34604716300964355, -0.37528640031814575, 0.859890341758728, -1.0
vb0[193]+040 BLENDWEIGHTS: 1.0, 0.0, 0.0, 0.0
vb0[193]+056 BLENDINDICES: 0, 0, 0, 0
vb0[193]+072 COLOR: 1.0, 0.5019607843137255, 0.5019607843137255, 0.0
vb0[193]+076 TEXCOORD: 0.5316992402076721, 0.2910020053386688

vb0[194]+000 POSITION: -0.03665395453572273, 2.5450940132141113, 0.10714112967252731
vb0[194]+012 NORMAL: -0.5962508320808411, -0.42339664697647095, 0.6820705533027649
vb0[194]+024 TANGENT: -0.5989254713058472, -0.42867282032966614, 0.676408052444458, -1.0
vb0[194]+040 BLENDWEIGHTS: 1.0, 0.0, 0.0, 0.0
vb0[194]+056 BLENDINDICES: 0, 0, 0, 0
vb0[194]+072 COLOR: 1.0, 0.5019607843137255, 0.5019607843137255, 0.5019607843137255
vb0[194]+076 TEXCOORD: 0.5979087948799133, 0.3144008219242096

vb0[195]+000 POSITION: -0.011215641163289547, 2.5412814617156982, 0.12005292624235153
vb0[195]+012 NORMAL: -0.3269036114215851, -0.5568569302558899, 0.7635734677314758
vb0[195]+024 TANGENT: -0.32847166061401367, -0.5539838075637817, 0.7649890780448914, -1.0
vb0[195]+040 BLENDWEIGHTS: 1.0, 0.0, 0.0, 0.0
vb0[195]+056 BLENDINDICES: 0, 0, 0, 0
vb0[195]+072 COLOR: 1.0, 0.5019607843137255, 0.5019607843137255, 0.0
vb0[195]+076 TEXCOORD: 0.527281641960144, 0.3047330677509308

vb0[196]+000 POSITION: -0.006031817756593227, 2.5357186794281006, 0.11852029711008072
vb0[196]+012 NORMAL: -0.18519820272922516, -0.33457985520362854, 0.9239902496337891
vb0[196]+024 TANGENT: -0.20086871087551117, -0.36524876952171326, 0.9089801907539368, -1.0
vb0[196]+040 BLENDWEIGHTS: 1.0, 0.0, 0.0, 0.0
vb0[196]+056 BLENDINDICES: 0, 0, 0, 0
vb0[196]+072 COLOR: 1.0, 0.5019607843137255, 0.5019607843137255, 0.0
vb0[196]+076 TEXCOORD: 0.5151280760765076, 0.2885279953479767

vb0[197]+000 POSITION: -2.7644553419045516e-16, 2.5353853702545166, 0.11886575073003769
vb0[197]+012 NORMAL: 0.0, -0.316875696182251, 0.9484670758247375
vb0[197]+024 TANGENT: 0.0, -0.3563995361328125, 0.9343336224555969, -1.0
vb0[197]+040 BLENDWEIGHTS: 1.0, 0.0, 0.0, 0.0
vb0[197]+056 BLENDINDICES: 0, 0, 0, 0
vb0[197]+072 COLOR: 1.0, 0.5019607843137255, 0.5019607843137255, 0.5019607843137255
vb0[197]+076 TEXCOORD: 0.5, 0.28674551844596863

vb0[198]+000 POSITION: -2.7644553419045516e-16, 2.528709888458252, 0.11756525933742523
vb0[198]+012 NORMAL: 2.9002444534853566e-07, -0.10097578167915344, 0.994888961315155
vb0[198]+024 TANGENT: 0.0, -0.12810319662094116, 0.9917608499526978, -1.0
vb0[198]+040 BLENDWEIGHTS: 1.0, 0.0, 0.0, 0.0
vb0[198]+056 BLENDINDICES: 0, 0, 0, 0
vb0[198]+072 COLOR: 1.0, 0.5019607843137255, 0.5019607843137255, 0.5019607843137255
vb0[198]+076 TEXCOORD: 0.49999916553497314, 0.2688034474849701

vb0[199]+000 POSITION: -0.007144245319068432, 2.529402017593384, 0.11669770628213882
vb0[199]+012 NORMAL: -0.2610588073730469, -0.13005976378917694, 0.956521213054657
vb0[199]+024 TANGENT: -0.25534728169441223, -0.15245027840137482, 0.9547547698020935, -1.0
vb0[199]+040 BLENDWEIGHTS: 1.0, 0.0, 0.0, 0.0
vb0[199]+056 BLENDINDICES: 0, 0, 0, 0
vb0[199]+072 COLOR: 1.0, 0.5019607843137255, 0.5019607843137255, 0.5019607843137255
vb0[199]+076 TEXCOORD: 0.5184076428413391, 0.27128082513809204

vb0[200]+000 POSITION: -0.004941333085298538, 2.516813278198242, 0.11648239940404892
vb0[200]+012 NORMAL: -0.2262783795595169, -0.19309191405773163, 0.9547322392463684
vb0[200]+024 TANGENT: -0.2692234516143799, -0.30344218015670776, 0.9140248894691467, -1.0
vb0[200]+040 BLENDWEIGHTS: 1.0, 0.0, 0.0, 0.0
vb0[200]+056 BLENDINDICES: 0, 0, 0, 0
vb0[200]+072 COLOR: 1.0, 0.5019607843137255, 0.5019607843137255, 0.5019607843137255
vb0[200]+076 TEXCOORD: 0.5113287568092346, 0.2346784770488739

vb0[201]+000 POSITION: -2.7644553419045516e-16, 2.5159177780151367, 0.11705394834280014
vb0[201]+012 NORMAL: 3.5780857388090226e-07, -0.22133585810661316, 0.9751976132392883
vb0[201]+024 TANGENT: 0.0, -0.34294790029525757, 0.939354419708252, -1.0
vb0[201]+040 BLENDWEIGHTS: 1.0, 0.0, 0.0, 0.0
vb0[201]+056 BLENDINDICES: 0, 0, 0, 0
vb0[201]+072 COLOR: 1.0, 0.5019607843137255, 0.5019607843137255, 0.5019607843137255
vb0[201]+076 TEXCOORD: 0.49999916553497314, 0.2330186516046524

vb0[202]+000 POSITION: -0.008697827346622944, 2.5181455612182617, 0.11518947035074234
vb0[202]+012 NORMAL: -0.4748179316520691, -0.2247236669063568, 0.8509097099304199
vb0[202]+024 TANGENT: -0.47430288791656494, -0.2771638035774231, 0.8355938196182251, -1.0
vb0[202]+040 BLENDWEIGHTS: 1.0, 0.0, 0.0, 0.0
vb0[202]+056 BLENDINDICES: 0, 0, 0, 0
vb0[202]+072 COLOR: 1.0, 0.5019607843137255, 0.5019607843137255, 0.5019607843137255
vb0[202]+076 TEXCOORD: 0.521268367767334, 0.23756654560565948

vb0[203]+000 POSITION: -0.008857819251716137, 2.513533592224121, 0.11227240413427353
vb0[203]+012 NORMAL: -0.5542375445365906, -0.610854983329773, 0.5653997659683228
vb0[203]+024 TANGENT: -0.5135471224784851, -0.6350335478782654, 0.5770631432533264, -1.0
vb0[203]+040 BLENDWEIGHTS: 1.0, 0.0, 0.0, 0.0
vb0[203]+056 BLENDINDICES: 0, 0, 0, 0
vb0[203]+072 COLOR: 1.0, 0.5019607843137255, 0.5019607843137255, 0.5019607843137255
vb0[203]+076 TEXCOORD: 0.5235891938209534, 0.22645919024944305

vb0[204]+000 POSITION: -0.004929971881210804, 2.5124564170837402, 0.11353107541799545
vb0[204]+012 NORMAL: -0.2716495394706726, -0.699702799320221, 0.6607741713523865
vb0[204]+024 TANGENT: -0.27883684635162354, -0.7070839405059814, 0.6498324275016785, -1.0
vb0[204]+040 BLENDWEIGHTS: 1.0, 0.0, 0.0, 0.0
vb0[204]+056 BLENDINDICES: 0, 0, 0, 0
vb0[204]+072 COLOR: 1.0, 0.5019607843137255, 0.5019607843137255, 0.5019607843137255
vb0[204]+076 TEXCOORD: 0.512353777885437, 0.2225717157125473

vb0[205]+000 POSITION: -0.004943511448800564, 2.510152578353882, 0.10941115021705627
vb0[205]+012 NORMAL: -0.2279995232820511, -0.9468551278114319, 0.22689557075500488
vb0[205]+024 TANGENT: -0.2458493858575821, -0.9355878829956055, 0.25344300270080566, -1.0
vb0[205]+040 BLENDWEIGHTS: 1.0, 0.0, 0.0, 0.0
vb0[205]+056 BLENDINDICES: 0, 0, 0, 0
vb0[205]+072 COLOR: 1.0, 0.5019607843137255, 0.5019607843137255, 0.5019607843137255
vb0[205]+076 TEXCOORD: 0.5150138139724731, 0.2142558991909027

vb0[206]+000 POSITION: -0.008793111890554428, 2.5111539363861084, 0.10761716961860657
vb0[206]+012 NORMAL: -0.49796155095100403, -0.8422452807426453, 0.2065364122390747
vb0[206]+024 TANGENT: -0.45403778553009033, -0.872124969959259, 0.18233956396579742, -1.0
vb0[206]+040 BLENDWEIGHTS: 1.0, 0.0, 0.0, 0.0
vb0[206]+056 BLENDINDICES: 0, 0, 0, 0
vb0[206]+072 COLOR: 1.0, 0.5019607843137255, 0.5019607843137255, 0.5019607843137255
vb0[206]+076 TEXCOORD: 0.5273807048797607, 0.215966135263443

vb0[207]+000 POSITION: -0.005107603035867214, 2.509589433670044, 0.10087891668081284
vb0[207]+012 NORMAL: -0.18455561995506287, -0.9813336730003357, 0.05406906083226204
vb0[207]+024 TANGENT: -0.15869688987731934, -0.98029625415802, -0.117619588971138, -1.0
vb0[207]+040 BLENDWEIGHTS: 1.0, 0.0, 0.0, 0.0
vb0[207]+056 BLENDINDICES: 0, 0, 0, 0
vb0[207]+072 COLOR: 1.0, 0.5019607843137255, 0.5019607843137255, 0.5019607843137255
vb0[207]+076 TEXCOORD: 0.5220645070075989, 0.19977673888206482

vb0[208]+000 POSITION: -0.009233484044671059, 2.510685920715332, 0.0991736575961113
vb0[208]+012 NORMAL: -0.49263331294059753, -0.8681609630584717, 0.06007424369454384
vb0[208]+024 TANGENT: -0.31871548295021057, -0.9363260865211487, -0.14735627174377441, -1.0
vb0[208]+040 BLENDWEIGHTS: 1.0, 0.0, 0.0, 0.0
vb0[208]+056 BLENDINDICES: 0, 0, 0, 0
vb0[208]+072 COLOR: 1.0, 0.5019607843137255, 0.5019607843137255, 0.5019607843137255
vb0[208]+076 TEXCOORD: 0.5428052544593811, 0.2050933539867401

vb0[209]+000 POSITION: -2.7644553419045516e-16, 2.5095763206481934, 0.1101769357919693
vb0[209]+012 NORMAL: -2.388405562214757e-07, -0.9742684364318848, 0.22539085149765015
vb0[209]+024 TANGENT: 0.0, -0.95990389585495, 0.2803293466567993, -1.0
vb0[209]+040 BLENDWEIGHTS: 1.0, 0.0, 0.0, 0.0
vb0[209]+056 BLENDINDICES: 0, 0, 0, 0
vb0[209]+072 COLOR: 1.0, 0.5019607843137255, 0.5019607843137255, 0.5019607843137255
vb0[209]+076 TEXCOORD: 0.5000078082084656, 0.21243596076965332

vb0[210]+000 POSITION: -2.7644553419045516e-16, 2.5117874145507812, 0.11401328444480896
vb0[210]+012 NORMAL: 2.5508774115223787e-07, -0.7367020845413208, 0.6762174367904663
vb0[210]+024 TANGENT: 0.0, -0.7469574213027954, 0.6648719906806946, -1.0
vb0[210]+040 BLENDWEIGHTS: 1.0, 0.0, 0.0, 0.0
vb0[210]+056 BLENDINDICES: 0, 0, 0, 0
vb0[210]+072 COLOR: 1.0, 0.5019607843137255, 0.5019607843137255, 0.5019607843137255
vb0[210]+076 TEXCOORD: 0.49999916553497314, 0.22144363820552826

vb0[211]+000 POSITION: -0.015491247177124023, 2.5171396732330322, 0.10798133909702301
vb0[211]+012 NORMAL: -0.6591969132423401, -0.6245903372764587, 0.41874366998672485
vb0[211]+024 TANGENT: -0.6573311686515808, -0.6143900752067566, 0.43639492988586426, -1.0
vb0[211]+040 BLENDWEIGHTS: 1.0, 0.0, 0.0, 0.0
vb0[211]+056 BLENDINDICES: 0, 0, 0, 0
vb0[211]+072 COLOR: 1.0, 0.5019607843137255, 0.5019607843137255, 0.5019607843137255
vb0[211]+076 TEXCOORD: 0.5458511710166931, 0.2355833649635315

vb0[212]+000 POSITION: -0.015243102796375751, 2.5147719383239746, 0.10150120407342911
vb0[212]+012 NORMAL: -0.6110019683837891, -0.7785383462905884, 0.14336934685707092
vb0[212]+024 TANGENT: -0.5657593011856079, -0.8215376734733582, 0.0706557035446167, -1.0
vb0[212]+040 BLENDWEIGHTS: 1.0, 0.0, 0.0, 0.0
vb0[212]+056 BLENDINDICES: 0, 0, 0, 0
vb0[212]+072 COLOR: 1.0, 0.5019607843137255, 0.5019607843137255, 0.5019607843137255
vb0[212]+076 TEXCOORD: 0.5556423664093018, 0.22230301797389984

vb0[213]+000 POSITION: -2.753353122246212e-16, 2.5093939304351807, 0.10170454531908035
vb0[213]+012 NORMAL: 0.0, -0.9997687935829163, 0.021504364907741547
vb0[213]+024 TANGENT: 0.0, -0.9940274953842163, -0.10912919044494629, -1.0
vb0[213]+040 BLENDWEIGHTS: 1.0, 0.0, 0.0, 0.0
vb0[213]+056 BLENDINDICES: 0, 0, 0, 0
vb0[213]+072 COLOR: 1.0, 0.5019607843137255, 0.5019607843137255, 0.5019607843137255
vb0[213]+076 TEXCOORD: 0.5000075101852417, 0.19892367720603943

vb0[214]+000 POSITION: -0.015520276501774788, 2.5145339965820312, 0.0923282578587532
vb0[214]+012 NORMAL: -0.5632426142692566, -0.8262355327606201, -0.009629221633076668
vb0[214]+024 TANGENT: -0.38086920976638794, -0.9039604067802429, -0.19440768659114838, -1.0
vb0[214]+040 BLENDWEIGHTS: 1.0, 0.0, 0.0, 0.0
vb0[214]+056 BLENDINDICES: 0, 0, 0, 0
vb0[214]+072 COLOR: 1.0, 0.5019607843137255, 0.5019607843137255, 0.5019607843137255
vb0[214]+076 TEXCOORD: 0.5671931505203247, 0.21164022386074066

vb0[215]+000 POSITION: -0.02284836210310459, 2.51955509185791, 0.09285398572683334
vb0[215]+012 NORMAL: -0.6319049000740051, -0.7721382975578308, 0.06707238405942917
vb0[215]+024 TANGENT: -0.5653700232505798, -0.8248373866081238, 0.0, -1.0
vb0[215]+040 BLENDWEIGHTS: 1.0, 0.0, 0.0, 0.0
vb0[215]+056 BLENDINDICES: 0, 0, 0, 0
vb0[215]+072 COLOR: 1.0, 0.5019607843137255, 0.5019607843137255, 0.5019607843137255
vb0[215]+076 TEXCOORD: 0.5900512933731079, 0.2303309589624405

vb0[216]+000 POSITION: -0.024254953488707542, 2.52301025390625, 0.10169802606105804
vb0[216]+012 NORMAL: -0.6857291460037231, -0.6721853017807007, 0.2791820466518402
vb0[216]+024 TANGENT: -0.6887874603271484, -0.655343770980835, 0.3099942207336426, -1.0
vb0[216]+040 BLENDWEIGHTS: 1.0, 0.0, 0.0, 0.0
vb0[216]+056 BLENDINDICES: 0, 0, 0, 0
vb0[216]+072 COLOR: 1.0, 0.5019607843137255, 0.5019607843137255, 0.5019607843137255
vb0[216]+076 TEXCOORD: 0.5765960216522217, 0.24906250834465027

vb0[217]+000 POSITION: -0.022248947992920876, 2.520627975463867, 0.08327346295118332
vb0[217]+012 NORMAL: -0.5210562348365784, -0.8440042734146118, -0.12711109220981598
vb0[217]+024 TANGENT: -0.45943912863731384, -0.8694753646850586, -0.18146128952503204, -1.0
vb0[217]+040 BLENDWEIGHTS: 1.0, 0.0, 0.0, 0.0
vb0[217]+056 BLENDINDICES: 0, 0, 0, 0
vb0[217]+072 COLOR: 1.0, 0.5019607843137255, 0.5019607843137255, 0.5019607843137255
vb0[217]+076 TEXCOORD: 0.6015681624412537, 0.22100064158439636

vb0[218]+000 POSITION: -0.02910781465470791, 2.525970458984375, 0.07467684149742126
vb0[218]+012 NORMAL: -0.46317705512046814, -0.8709754943847656, -0.16391675174236298
vb0[218]+024 TANGENT: -0.44474250078201294, -0.8779109716415405, -0.17741574347019196, -1.0
vb0[218]+040 BLENDWEIGHTS: 1.0, 0.0, 0.0, 0.0
vb0[218]+056 BLENDINDICES: 0, 0, 0, 0
vb0[218]+072 COLOR: 1.0, 0.5019607843137255, 0.5019607843137255, 0.5019607843137255
vb0[218]+076 TEXCOORD: 0.6396909356117249, 0.23083844780921936

vb0[219]+000 POSITION: -0.03299726918339729, 2.5300791263580322, 0.09664811193943024
vb0[219]+012 NORMAL: -0.6979707479476929, -0.6827394962310791, 0.21611006557941437
vb0[219]+024 TANGENT: -0.7038240432739258, -0.6534041166305542, 0.27873778343200684, -1.0
vb0[219]+040 BLENDWEIGHTS: 1.0, 0.0, 0.0, 0.0
vb0[219]+056 BLENDINDICES: 0, 0, 0, 0
vb0[219]+072 COLOR: 1.0, 0.5019607843137255, 0.5019607843137255, 0.5019607843137255
vb0[219]+076 TEXCOORD: 0.602695643901825, 0.2663135230541229

vb0[220]+000 POSITION: -0.03243239223957062, 2.526394844055176, 0.08179789036512375
vb0[220]+012 NORMAL: -0.6000626683235168, -0.7996576428413391, 0.02173164114356041
vb0[220]+024 TANGENT: -0.5716924667358398, -0.8202587962150574, -0.018524466082453728, -1.0
vb0[220]+040 BLENDWEIGHTS: 1.0, 0.0, 0.0, 0.0
vb0[220]+056 BLENDINDICES: 0, 0, 0, 0
vb0[220]+072 COLOR: 1.0, 0.5019607843137255, 0.5019607843137255, 0.5019607843137255
vb0[220]+076 TEXCOORD: 0.6321154236793518, 0.2421751469373703

vb0[221]+000 POSITION: -0.03969453647732735, 2.5360569953918457, 0.09333042055368423
vb0[221]+012 NORMAL: -0.7010231614112854, -0.6743471622467041, 0.23199644684791565
vb0[221]+024 TANGENT: -0.7075996398925781, -0.64971923828125, 0.2777906656265259, -1.0
vb0[221]+040 BLENDWEIGHTS: 1.0, 0.0, 0.0, 0.0
vb0[221]+056 BLENDINDICES: 0, 0, 0, 0
vb0[221]+072 COLOR: 1.0, 0.5019607843137255, 0.5019607843137255, 0.5019607843137255
vb0[221]+076 TEXCOORD: 0.6225408315658569, 0.2815832197666168

vb0[222]+000 POSITION: -0.03736969828605652, 2.5374865531921387, 0.0997515544295311
vb0[222]+012 NORMAL: -0.698032021522522, -0.5667940974235535, 0.4376022219657898
vb0[222]+024 TANGENT: -0.6935421228408813, -0.5611404180526733, 0.4517972469329834, -1.0
vb0[222]+040 BLENDWEIGHTS: 1.0, 0.0, 0.0, 0.0
vb0[222]+056 BLENDINDICES: 0, 0, 0, 0
vb0[222]+072 COLOR: 1.0, 0.5019607843137255, 0.5019607843137255, 0.5019607843137255
vb0[222]+076 TEXCOORD: 0.6076703071594238, 0.2899937331676483

vb0[223]+000 POSITION: -0.041742242872714996, 2.534496784210205, 0.07897041738033295
vb0[223]+012 NORMAL: -0.680070698261261, -0.7192152738571167, 0.14224357903003693
vb0[223]+024 TANGENT: -0.6809272170066833, -0.719929039478302, 0.1343146711587906, -1.0
vb0[223]+040 BLENDWEIGHTS: 1.0, 0.0, 0.0, 0.0
vb0[223]+056 BLENDINDICES: 0, 0, 0, 0
vb0[223]+072 COLOR: 1.0, 0.5019607843137255, 0.5019607843137255, 0.5019607843137255
vb0[223]+076 TEXCOORD: 0.6554974913597107, 0.26407960057258606

vb0[224]+000 POSITION: -0.04242679104208946, 2.5339879989624023, 0.0701252669095993
vb0[224]+012 NORMAL: -0.5694746971130371, -0.820003092288971, -0.05738947540521622
vb0[224]+024 TANGENT: -0.5714715719223022, -0.8189033269882202, -0.0530816912651062, -1.0
vb0[224]+040 BLENDWEIGHTS: 1.0, 0.0, 0.0, 0.0
vb0[224]+056 BLENDINDICES: 0, 0, 0, 0
vb0[224]+072 COLOR: 1.0, 0.5019607843137255, 0.5019607843137255, 0.5019607843137255
vb0[224]+076 TEXCOORD: 0.6763090491294861, 0.25568723678588867

vb0[225]+000 POSITION: -0.03870745748281479, 2.533503293991089, 0.06326445192098618
vb0[225]+012 NORMAL: -0.4552547335624695, -0.870876669883728, -0.18524819612503052
vb0[225]+024 TANGENT: -0.472994863986969, -0.8642697930335999, -0.17121174931526184, -1.0
vb0[225]+040 BLENDWEIGHTS: 1.0, 0.0, 0.0, 0.0
vb0[225]+056 BLENDINDICES: 0, 0, 0, 0
vb0[225]+072 COLOR: 1.0, 0.5019607843137255, 0.5019607843137255, 0.5019607843137255
vb0[225]+076 TEXCOORD: 0.6854931712150574, 0.24332492053508759

vb0[226]+000 POSITION: -0.04239116236567497, 2.54313588142395, 0.09925253689289093
vb0[226]+012 NORMAL: -0.699313759803772, -0.5536985397338867, 0.4520820081233978
vb0[226]+024 TANGENT: -0.6947279572486877, -0.5472704172134399, 0.4667421877384186, -1.0
vb0[226]+040 BLENDWEIGHTS: 1.0, 0.0, 0.0, 0.0
vb0[226]+056 BLENDINDICES: 0, 0, 0, 0
vb0[226]+072 COLOR: 1.0, 0.5019607843137255, 0.5019607843137255, 0.5019607843137255
vb0[226]+076 TEXCOORD: 0.6194795966148376, 0.30545908212661743

vb0[227]+000 POSITION: -0.039706695824861526, 2.5441997051239014, 0.10348264127969742
vb0[227]+012 NORMAL: -0.6499713063240051, -0.4849189221858978, 0.5851417779922485
vb0[227]+024 TANGENT: -0.6500782370567322, -0.4831497371196747, 0.5864848494529724, -1.0
vb0[227]+040 BLENDWEIGHTS: 1.0, 0.0, 0.0, 0.0
vb0[227]+056 BLENDINDICES: 0, 0, 0, 0
vb0[227]+072 COLOR: 1.0, 0.5019607843137255, 0.5019607843137255, 0.5019607843137255
vb0[227]+076 TEXCOORD: 0.6085757613182068, 0.3106071949005127

vb0[228]+000 POSITION: -0.03502792492508888, 2.538601875305176, 0.10409055650234222
vb0[228]+012 NORMAL: -0.6587087512016296, -0.4945060908794403, 0.567068338394165
vb0[228]+024 TANGENT: -0.6471982598304749, -0.49411553144454956, 0.5805034041404724, -1.0
vb0[228]+040 BLENDWEIGHTS: 1.0, 0.0, 0.0, 0.0
vb0[228]+056 BLENDINDICES: 0, 0, 0, 0
vb0[228]+072 COLOR: 1.0, 0.5019607843137255, 0.5019607843137255, 0.5019607843137255
vb0[228]+076 TEXCOORD: 0.596563458442688, 0.2956341803073883

vb0[229]+000 POSITION: -0.030541960150003433, 2.5336623191833496, 0.10495976358652115
vb0[229]+012 NORMAL: -0.6490970849990845, -0.4787292182445526, 0.5911779403686523
vb0[229]+024 TANGENT: -0.6500118970870972, -0.48388585448265076, 0.5859514474868774, -1.0
vb0[229]+040 BLENDWEIGHTS: 1.0, 0.0, 0.0, 0.0
vb0[229]+056 BLENDINDICES: 0, 0, 0, 0
vb0[229]+072 COLOR: 1.0, 0.5019607843137255, 0.5019607843137255, 0.5019607843137255
vb0[229]+076 TEXCOORD: 0.5841579437255859, 0.2811165452003479

vb0[230]+000 POSITION: -0.031906355172395706, 2.5321402549743652, 0.10144664347171783
vb0[230]+012 NORMAL: -0.6966672539710999, -0.5631043314933777, 0.44448649883270264
vb0[230]+024 TANGENT: -0.6947945356369019, -0.559048593044281, 0.45246565341949463, -1.0
vb0[230]+040 BLENDWEIGHTS: 1.0, 0.0, 0.0, 0.0
vb0[230]+056 BLENDINDICES: 0, 0, 0, 0
vb0[230]+072 COLOR: 1.0, 0.5019607843137255, 0.5019607843137255, 0.5019607843137255
vb0[230]+076 TEXCOORD: 0.5914222002029419, 0.27612921595573425

vb0[231]+000 POSITION: -0.0452733114361763, 2.5419960021972656, 0.0922260656952858
vb0[231]+012 NORMAL: -0.7284473776817322, -0.6063178777694702, 0.31897175312042236
vb0[231]+024 TANGENT: -0.7272452116012573, -0.6057937741279602, 0.32268914580345154, -1.0
vb0[231]+040 BLENDWEIGHTS: 1.0, 0.0, 0.0, 0.0
vb0[231]+056 BLENDINDICES: 0, 0, 0, 0
vb0[231]+072 COLOR: 1.0, 0.5019607843137255, 0.5019607843137255, 0.5019607843137255
vb0[231]+076 TEXCOORD: 0.6366966366767883, 0.2977418601512909

vb0[232]+000 POSITION: -0.04667072743177414, 2.5486907958984375, 0.09907819330692291
vb0[232]+012 NORMAL: -0.715174674987793, -0.5076811909675598, 0.48040086030960083
vb0[232]+024 TANGENT: -0.708500862121582, -0.5050012469291687, 0.492950439453125, -1.0
vb0[232]+040 BLENDWEIGHTS: 1.0, 0.0, 0.0, 0.0
vb0[232]+056 BLENDINDICES: 0, 0, 0, 0
vb0[232]+072 COLOR: 1.0, 0.5019607843137255, 0.5019607843137255, 0.5019607843137255
vb0[232]+076 TEXCOORD: 0.6304298043251038, 0.32056599855422974

vb0[233]+000 POSITION: -0.049955882132053375, 2.5473740100860596, 0.09155705571174622
vb0[233]+012 NORMAL: -0.7483921647071838, -0.5714261531829834, 0.3367214798927307
vb0[233]+024 TANGENT: -0.747427761554718, -0.5718166828155518, 0.3381974995136261, -1.0
vb0[233]+040 BLENDWEIGHTS: 1.0, 0.0, 0.0, 0.0
vb0[233]+056 BLENDINDICES: 0, 0, 0, 0
vb0[233]+072 COLOR: 1.0, 0.5019607843137255, 0.5019607843137255, 0.5019607843137255
vb0[233]+076 TEXCOORD: 0.6478807926177979, 0.3131459951400757

vb0[234]+000 POSITION: -0.05522073805332184, 2.5541908740997314, 0.0906667411327362
vb0[234]+012 NORMAL: -0.786726713180542, -0.5092051029205322, 0.3489573895931244
vb0[234]+024 TANGENT: -0.7768014073371887, -0.519574761390686, 0.355839341878891, -1.0
vb0[234]+040 BLENDWEIGHTS: 1.0, 0.0, 0.0, 0.0
vb0[234]+056 BLENDINDICES: 0, 0, 0, 0
vb0[234]+072 COLOR: 1.0, 0.5019607843137255, 0.5019607843137255, 0.5019607843137255
vb0[234]+076 TEXCOORD: 0.6624607443809509, 0.33013805747032166

vb0[235]+000 POSITION: -0.051725421100854874, 2.555988311767578, 0.09881557524204254
vb0[235]+012 NORMAL: -0.742624044418335, -0.45552173256874084, 0.4909270107746124
vb0[235]+024 TANGENT: -0.7295730710029602, -0.47015419602394104, 0.4966669976711273, -1.0
vb0[235]+040 BLENDWEIGHTS: 1.0, 0.0, 0.0, 0.0
vb0[235]+056 BLENDINDICES: 0, 0, 0, 0
vb0[235]+072 COLOR: 1.0, 0.5019607843137255, 0.5019607843137255, 0.5019607843137255
vb0[235]+076 TEXCOORD: 0.6440950036048889, 0.33967962861061096

vb0[236]+000 POSITION: -0.05810708925127983, 2.5527772903442383, 0.07995046675205231
vb0[236]+012 NORMAL: -0.799466609954834, -0.5654846429824829, 0.20268291234970093
vb0[236]+024 TANGENT: -0.7943657636642456, -0.5691307783126831, 0.2123047113418579, -1.0
vb0[236]+040 BLENDWEIGHTS: 1.0, 0.0, 0.0, 0.0
vb0[236]+056 BLENDINDICES: 0, 0, 0, 0
vb0[236]+072 COLOR: 1.0, 0.5019607843137255, 0.5019607843137255, 0.5019607843137255
vb0[236]+076 TEXCOORD: 0.686549186706543, 0.319532185792923

vb0[237]+000 POSITION: -0.05235467851161957, 2.546405553817749, 0.0824873074889183
vb0[237]+012 NORMAL: -0.7512125968933105, -0.6305055022239685, 0.19530089199543
vb0[237]+024 TANGENT: -0.7517799735069275, -0.6267091631889343, 0.20509184896945953, -1.0
vb0[237]+040 BLENDWEIGHTS: 1.0, 0.0, 0.0, 0.0
vb0[237]+056 BLENDINDICES: 0, 0, 0, 0
vb0[237]+072 COLOR: 1.0, 0.5019607843137255, 0.5019607843137255, 0.5019607843137255
vb0[237]+076 TEXCOORD: 0.66965651512146, 0.30466780066490173

vb0[238]+000 POSITION: -0.060183968394994736, 2.5519044399261475, 0.06495719403028488
vb0[238]+012 NORMAL: -0.7954694032669067, -0.5934955477714539, 0.12243948876857758
vb0[238]+024 TANGENT: -0.791697084903717, -0.598504364490509, 0.12250744551420212, -1.0
vb0[238]+040 BLENDWEIGHTS: 1.0, 0.0, 0.0, 0.0
vb0[238]+056 BLENDINDICES: 0, 0, 0, 0
vb0[238]+072 COLOR: 1.0, 0.5019607843137255, 0.5019607843137255, 0.5019607843137255
vb0[238]+076 TEXCOORD: 0.7217764258384705, 0.3077341616153717

vb0[239]+000 POSITION: -0.05468570068478584, 2.545926570892334, 0.06880242377519608
vb0[239]+012 NORMAL: -0.7498120665550232, -0.6504537463188171, 0.12120988965034485
vb0[239]+024 TANGENT: -0.7488977313041687, -0.651189923286438, 0.12289810925722122, -1.0
vb0[239]+040 BLENDWEIGHTS: 1.0, 0.0, 0.0, 0.0
vb0[239]+056 BLENDINDICES: 0, 0, 0, 0
vb0[239]+072 COLOR: 1.0, 0.5019607843137255, 0.5019607843137255, 0.5019607843137255
vb0[239]+076 TEXCOORD: 0.7017903923988342, 0.2923044264316559

vb0[240]+000 POSITION: -0.04342932254076004, 2.5498416423797607, 0.10381751507520676
vb0[240]+012 NORMAL: -0.649951696395874, -0.45741844177246094, 0.6069028973579407
vb0[240]+024 TANGENT: -0.6477160453796387, -0.456238329410553, 0.6101725101470947, -1.0
vb0[240]+040 BLENDWEIGHTS: 1.0, 0.0, 0.0, 0.0
vb0[240]+056 BLENDINDICES: 0, 0, 0, 0
vb0[240]+072 COLOR: 1.0, 0.5019607843137255, 0.5019607843137255, 0.5019607843137255
vb0[240]+076 TEXCOORD: 0.617580235004425, 0.32591596245765686

vb0[241]+000 POSITION: -0.04813176020979881, 2.557817220687866, 0.1048634871840477
vb0[241]+012 NORMAL: -0.6599118709564209, -0.3964342772960663, 0.6382447481155396
vb0[241]+024 TANGENT: -0.6472693085670471, -0.4146142601966858, 0.6396386027336121, -1.0
vb0[241]+040 BLENDWEIGHTS: 1.0, 0.0, 0.0, 0.0
vb0[241]+056 BLENDINDICES: 0, 0, 0, 0
vb0[241]+072 COLOR: 1.0, 0.5019607843137255, 0.5019607843137255, 0.5019607843137255
vb0[241]+076 TEXCOORD: 0.6278846859931946, 0.34725743532180786

vb0[242]+000 POSITION: -0.04715258628129959, 2.5411291122436523, 0.0844230130314827
vb0[242]+012 NORMAL: -0.7151787877082825, -0.6725679636001587, 0.19018875062465668
vb0[242]+024 TANGENT: -0.7206000089645386, -0.6638834476470947, 0.19998598098754883, -1.0
vb0[242]+040 BLENDWEIGHTS: 1.0, 0.0, 0.0, 0.0
vb0[242]+056 BLENDINDICES: 0, 0, 0, 0
vb0[242]+072 COLOR: 1.0, 0.5019607843137255, 0.5019607843137255, 0.5019607843137255
vb0[242]+076 TEXCOORD: 0.6540230512619019, 0.2881301939487457

vb0[243]+000 POSITION: -0.04586643725633621, 2.5651042461395264, 0.11020178347826004
vb0[243]+012 NORMAL: -0.5862619876861572, -0.26278987526893616, 0.766314685344696
vb0[243]+024 TANGENT: -0.5572715997695923, -0.2980087697505951, 0.7750092148780823, -1.0
vb0[243]+040 BLENDWEIGHTS: 1.0, 0.0, 0.0, 0.0
vb0[243]+056 BLENDINDICES: 0, 0, 0, 0
vb0[243]+072 COLOR: 1.0, 0.5019607843137255, 0.5019607843137255, 0.5019607843137255
vb0[243]+076 TEXCOORD: 0.6200846433639526, 0.36866527795791626

vb0[244]+000 POSITION: -0.06162117421627045, 2.5512678623199463, 0.049084920436143875
vb0[244]+012 NORMAL: -0.7684701085090637, -0.6389011144638062, 0.03548429161310196
vb0[244]+024 TANGENT: -0.7602719664573669, -0.6493014097213745, 0.019857408478856087, -1.0
vb0[244]+040 BLENDWEIGHTS: 1.0, 0.0, 0.0, 0.0
vb0[244]+056 BLENDINDICES: 0, 0, 0, 0
vb0[244]+072 COLOR: 1.0, 0.5019607843137255, 0.5019607843137255, 0.5019607843137255
vb0[244]+076 TEXCOORD: 0.760822057723999, 0.2944106161594391

vb0[245]+000 POSITION: -0.05629270523786545, 2.5455644130706787, 0.05442892387509346
vb0[245]+012 NORMAL: -0.6937127709388733, -0.7202268242835999, 0.0059874695725739
vb0[245]+024 TANGENT: -0.6833983659744263, -0.7299614548683167, -0.011089145205914974, -1.0
vb0[245]+040 BLENDWEIGHTS: 1.0, 0.0, 0.0, 0.0
vb0[245]+056 BLENDINDICES: 0, 0, 0, 0
vb0[245]+072 COLOR: 1.0, 0.5019607843137255, 0.5019607843137255, 0.5019607843137255
vb0[245]+076 TEXCOORD: 0.7377535700798035, 0.28122633695602417

vb0[246]+000 POSITION: -0.06065891683101654, 2.550917863845825, 0.03852325677871704
vb0[246]+012 NORMAL: -0.7269111275672913, -0.6834713220596313, -0.0668376013636589
vb0[246]+024 TANGENT: -0.6554455757141113, -0.7337010502815247, -0.17909188568592072, -1.0
vb0[246]+040 BLENDWEIGHTS: 1.0, 0.0, 0.0, 0.0
vb0[246]+056 BLENDINDICES: 0, 0, 0, 0
vb0[246]+072 COLOR: 1.0, 0.5019607843137255, 0.5019607843137255, 0.5019607843137255
vb0[246]+076 TEXCOORD: 0.7824330925941467, 0.284209668636322

vb0[247]+000 POSITION: -0.04976041987538338, 2.5398190021514893, 0.061225488781929016
vb0[247]+012 NORMAL: -0.6161472201347351, -0.7870272397994995, -0.030832258984446526
vb0[247]+024 TANGENT: -0.6015899181365967, -0.797285795211792, -0.049243684858083725, -1.0
vb0[247]+040 BLENDWEIGHTS: 1.0, 0.0, 0.0, 0.0
vb0[247]+056 BLENDINDICES: 0, 0, 0, 0
vb0[247]+072 COLOR: 1.0, 0.5019607843137255, 0.5019607843137255, 0.5019607843137255
vb0[247]+076 TEXCOORD: 0.7099926471710205, 0.2676909863948822

vb0[248]+000 POSITION: -0.04883628711104393, 2.5403411388397217, 0.0734633281826973
vb0[248]+012 NORMAL: -0.7112623453140259, -0.6924228668212891, 0.1210639700293541
vb0[248]+024 TANGENT: -0.7117037177085876, -0.6914152503013611, 0.12418916076421738, -1.0
vb0[248]+040 BLENDWEIGHTS: 1.0, 0.0, 0.0, 0.0
vb0[248]+056 BLENDINDICES: 0, 0, 0, 0
vb0[248]+072 COLOR: 1.0, 0.5019607843137255, 0.5019607843137255, 0.5019607843137255
vb0[248]+076 TEXCOORD: 0.6804019212722778, 0.27886199951171875

vb0[249]+000 POSITION: -0.05475302413105965, 2.5459203720092773, 0.044880278408527374
vb0[249]+012 NORMAL: -0.55336993932724, -0.8227726221084595, -0.12971840798854828
vb0[249]+024 TANGENT: -0.49730631709098816, -0.8459796905517578, -0.19236615300178528, -1.0
vb0[249]+040 BLENDWEIGHTS: 1.0, 0.0, 0.0, 0.0
vb0[249]+056 BLENDINDICES: 0, 0, 0, 0
vb0[249]+072 COLOR: 1.0, 0.5019607843137255, 0.5019607843137255, 0.5019607843137255
vb0[249]+076 TEXCOORD: 0.7583807706832886, 0.270490437746048

vb0[250]+000 POSITION: -0.04714270308613777, 2.5399348735809326, 0.05348207801580429
vb0[250]+012 NORMAL: -0.474225252866745, -0.8626560568809509, -0.17588362097740173
vb0[250]+024 TANGENT: -0.4674708843231201, -0.8622363805770874, -0.19498594105243683, -1.0
vb0[250]+040 BLENDWEIGHTS: 1.0, 0.0, 0.0, 0.0
vb0[250]+056 BLENDINDICES: 0, 0, 0, 0
vb0[250]+072 COLOR: 1.0, 0.5019607843137255, 0.5019607843137255, 0.5019607843137255
vb0[250]+076 TEXCOORD: 0.7240297198295593, 0.25646403431892395

vb0[251]+000 POSITION: -0.04129994288086891, 2.5560386180877686, 0.10954836010932922
vb0[251]+012 NORMAL: -0.5732470750808716, -0.36180198192596436, 0.7351782917976379
vb0[251]+024 TANGENT: -0.5722989439964294, -0.3605624735355377, 0.7365245819091797, -1.0
vb0[251]+040 BLENDWEIGHTS: 1.0, 0.0, 0.0, 0.0
vb0[251]+056 BLENDINDICES: 0, 0, 0, 0
vb0[251]+072 COLOR: 1.0, 0.5019607843137255, 0.5019607843137255, 0.5019607843137255
vb0[251]+076 TEXCOORD: 0.6087241172790527, 0.34415319561958313

vb0[252]+000 POSITION: -0.03976912423968315, 2.5505926609039307, 0.10774664580821991
vb0[252]+012 NORMAL: -0.5895465612411499, -0.4120742380619049, 0.6947154402732849
vb0[252]+024 TANGENT: -0.5925455689430237, -0.41119709610939026, 0.6926807761192322, -1.0
vb0[252]+040 BLENDWEIGHTS: 1.0, 0.0, 0.0, 0.0
vb0[252]+056 BLENDINDICES: 0, 0, 0, 0
vb0[252]+072 COLOR: 1.0, 0.5019607843137255, 0.5019607843137255, 0.5019607843137255
vb0[252]+076 TEXCOORD: 0.6052438020706177, 0.32934170961380005

vb0[253]+000 POSITION: -0.03437849134206772, 2.5540406703948975, 0.11383619159460068
vb0[253]+012 NORMAL: -0.5474191904067993, -0.3469918668270111, 0.7615305781364441
vb0[253]+024 TANGENT: -0.5416214466094971, -0.35485899448394775, 0.7620507478713989, -1.0
vb0[253]+040 BLENDWEIGHTS: 1.0, 0.0, 0.0, 0.0
vb0[253]+056 BLENDINDICES: 0, 0, 0, 0
vb0[253]+072 COLOR: 1.0, 0.5019607843137255, 0.5019607843137255, 0.0
vb0[253]+076 TEXCOORD: 0.5881007313728333, 0.34059256315231323

vb0[254]+000 POSITION: -0.0276196226477623, 2.5525217056274414, 0.11753148585557938
vb0[254]+012 NORMAL: -0.4835696816444397, -0.380010724067688, 0.7885127067565918
vb0[254]+024 TANGENT: -0.4548931121826172, -0.4099990725517273, 0.7905523777008057, -1.0
vb0[254]+040 BLENDWEIGHTS: 1.0, 0.0, 0.0, 0.0
vb0[254]+056 BLENDINDICES: 0, 0, 0, 0
vb0[254]+072 COLOR: 1.0, 0.5019607843137255, 0.5019607843137255, 0.0
vb0[254]+076 TEXCOORD: 0.5689338445663452, 0.3380739986896515

vb0[255]+000 POSITION: -0.02394171431660652, 2.5520265102386475, 0.11894979327917099
vb0[255]+012 NORMAL: -0.2714337110519409, -0.6163341403007507, 0.7392265796661377
vb0[255]+024 TANGENT: -0.2792109549045563, -0.588737428188324, 0.7585707306861877, -1.0
vb0[255]+040 BLENDWEIGHTS: 1.0, 0.0, 0.0, 0.0
vb0[255]+056 BLENDINDICES: 0, 0, 0, 0
vb0[255]+072 COLOR: 1.0, 0.5019607843137255, 0.5019607843137255, 0.0
vb0[255]+076 TEXCOORD: 0.5588693618774414, 0.3374810814857483

vb0[256]+000 POSITION: -0.026899240911006927, 2.5505430698394775, 0.11697877943515778
vb0[256]+012 NORMAL: -0.4524202048778534, -0.3810324966907501, 0.8063064813613892
vb0[256]+024 TANGENT: -0.40657907724380493, -0.3952582776546478, 0.8236895203590393, -1.0
vb0[256]+040 BLENDWEIGHTS: 1.0, 0.0, 0.0, 0.0
vb0[256]+056 BLENDINDICES: 0, 0, 0, 0
vb0[256]+072 COLOR: 1.0, 0.5019607843137255, 0.5019607843137255, 0.0
vb0[256]+076 TEXCOORD: 0.5675934553146362, 0.33235853910446167

vb0[257]+000 POSITION: -0.02360590361058712, 2.5509846210479736, 0.11819197237491608
vb0[257]+012 NORMAL: -0.2021326869726181, -0.4644789695739746, 0.8622074723243713
vb0[257]+024 TANGENT: -0.20253503322601318, -0.44397732615470886, 0.8728480339050293, -1.0
vb0[257]+040 BLENDWEIGHTS: 1.0, 0.0, 0.0, 0.0
vb0[257]+056 BLENDINDICES: 0, 0, 0, 0
vb0[257]+072 COLOR: 1.0, 0.5019607843137255, 0.5019607843137255, 0.0
vb0[257]+076 TEXCOORD: 0.5585823059082031, 0.33387506008148193

vb0[258]+000 POSITION: -0.022385353222489357, 2.5519044399261475, 0.11905687302350998
vb0[258]+012 NORMAL: -0.09666430205106735, -0.7866774201393127, 0.6097495555877686
vb0[258]+024 TANGENT: -0.05666935443878174, -0.7901027798652649, 0.610349178314209, -1.0
vb0[258]+040 BLENDWEIGHTS: 1.0, 0.0, 0.0, 0.0
vb0[258]+056 BLENDINDICES: 0, 0, 0, 0
vb0[258]+072 COLOR: 1.0, 0.5019607843137255, 0.5019607843137255, 0.0
vb0[258]+076 TEXCOORD: 0.555489718914032, 0.3368363380432129

vb0[259]+000 POSITION: -0.03326665237545967, 2.5504956245422363, 0.11285509914159775
vb0[259]+012 NORMAL: -0.5476876497268677, -0.3833296000957489, 0.7437046766281128
vb0[259]+024 TANGENT: -0.5389882326126099, -0.38823336362838745, 0.747506856918335, -1.0
vb0[259]+040 BLENDWEIGHTS: 1.0, 0.0, 0.0, 0.0
vb0[259]+056 BLENDINDICES: 0, 0, 0, 0
vb0[259]+072 COLOR: 1.0, 0.5019607843137255, 0.5019607843137255, 0.0
vb0[259]+076 TEXCOORD: 0.5854739546775818, 0.33089688420295715

vb0[260]+000 POSITION: -0.02226969040930271, 2.5513648986816406, 0.11848171055316925
vb0[260]+012 NORMAL: -0.018146846443414688, -0.49904605746269226, 0.8663854598999023
vb0[260]+024 TANGENT: -0.0331730879843235, -0.5097392797470093, 0.8596891164779663, -1.0
vb0[260]+040 BLENDWEIGHTS: 1.0, 0.0, 0.0, 0.0
vb0[260]+056 BLENDINDICES: 0, 0, 0, 0
vb0[260]+072 COLOR: 1.0, 0.5019607843137255, 0.5019607843137255, 0.0
vb0[260]+076 TEXCOORD: 0.5555052757263184, 0.33464986085891724

vb0[261]+000 POSITION: -0.02136579155921936, 2.5516366958618164, 0.11857046186923981
vb0[261]+012 NORMAL: 0.113608717918396, -0.5357324481010437, 0.8367100954055786
vb0[261]+024 TANGENT: 0.14877170324325562, -0.5489358901977539, 0.8225183486938477, -1.0
vb0[261]+040 BLENDWEIGHTS: 1.0, 0.0, 0.0, 0.0
vb0[261]+056 BLENDINDICES: 0, 0, 0, 0
vb0[261]+072 COLOR: 1.0, 0.5019607843137255, 0.5019607843137255, 0.0
vb0[261]+076 TEXCOORD: 0.5535548329353333, 0.33496907353401184

vb0[262]+000 POSITION: -0.021318010985851288, 2.551865339279175, 0.11892460286617279
vb0[262]+012 NORMAL: 0.048336662352085114, -0.918425440788269, 0.39262983202934265
vb0[262]+024 TANGENT: 0.06454212218523026, -0.9078341126441956, 0.41433262825012207, -1.0
vb0[262]+040 BLENDWEIGHTS: 1.0, 0.0, 0.0, 0.0
vb0[262]+056 BLENDINDICES: 0, 0, 0, 0
vb0[262]+072 COLOR: 1.0, 0.5019607843137255, 0.5019607843137255, 0.0
vb0[262]+076 TEXCOORD: 0.5533590316772461, 0.3361493945121765

vb0[263]+000 POSITION: -0.020982123911380768, 2.551335334777832, 0.1185012087225914
vb0[263]+012 NORMAL: -0.13808578252792358, 0.11985844373703003, 0.9831409454345703
vb0[263]+024 TANGENT: -0.10403454303741455, 0.12179671972990036, 0.9870878458023071, -1.0
vb0[263]+040 BLENDWEIGHTS: 1.0, 0.0, 0.0, 0.0
vb0[263]+056 BLENDINDICES: 0, 0, 0, 0
vb0[263]+072 COLOR: 1.0, 0.5019607843137255, 0.5019607843137255, 0.0
vb0[263]+076 TEXCOORD: 0.5525609850883484, 0.3337278664112091

vb0[264]+000 POSITION: -0.02017870545387268, 2.551004648208618, 0.11877479404211044
vb0[264]+012 NORMAL: -0.4660208821296692, 0.14965565502643585, 0.8720251321792603
vb0[264]+024 TANGENT: -0.415886789560318, 0.17401482164859772, 0.8926125168800354, -1.0
vb0[264]+040 BLENDWEIGHTS: 1.0, 0.0, 0.0, 0.0
vb0[264]+056 BLENDINDICES: 0, 0, 0, 0
vb0[264]+072 COLOR: 1.0, 0.5019607843137255, 0.5019607843137255, 0.0
vb0[264]+076 TEXCOORD: 0.5505167841911316, 0.3326595425605774

vb0[265]+000 POSITION: -0.020858749747276306, 2.55208420753479, 0.1195235624909401
vb0[265]+012 NORMAL: -0.10005529224872589, -0.9569395780563354, 0.27249857783317566
vb0[265]+024 TANGENT: -0.08552134782075882, -0.9430487155914307, 0.321473628282547, -1.0
vb0[265]+040 BLENDWEIGHTS: 1.0, 0.0, 0.0, 0.0
vb0[265]+056 BLENDINDICES: 0, 0, 0, 0
vb0[265]+072 COLOR: 1.0, 0.5019607843137255, 0.5019607843137255, 0.0
vb0[265]+076 TEXCOORD: 0.5517003536224365, 0.3373904228210449

vb0[266]+000 POSITION: -0.019388850778341293, 2.55230712890625, 0.12097686529159546
vb0[266]+012 NORMAL: -0.17602531611919403, -0.9196586012840271, 0.35106000304222107
vb0[266]+024 TANGENT: -0.17449460923671722, -0.914459228515625, 0.3651244044303894, -1.0
vb0[266]+040 BLENDWEIGHTS: 1.0, 0.0, 0.0, 0.0
vb0[266]+056 BLENDINDICES: 0, 0, 0, 0
vb0[266]+072 COLOR: 1.0, 0.5019607843137255, 0.5019607843137255, 0.0
vb0[266]+076 TEXCOORD: 0.5475977063179016, 0.33917656540870667

vb0[267]+000 POSITION: -0.01869763247668743, 2.551774024963379, 0.1195433959364891
vb0[267]+012 NORMAL: 0.33981752395629883, -0.7316249012947083, -0.5909729599952698
vb0[267]+024 TANGENT: 0.27595287561416626, -0.8574236631393433, -0.43436697125434875, -1.0
vb0[267]+040 BLENDWEIGHTS: 1.0, 0.0, 0.0, 0.0
vb0[267]+056 BLENDINDICES: 0, 0, 0, 0
vb0[267]+072 COLOR: 1.0, 0.5019607843137255, 0.5019607843137255, 0.0
vb0[267]+076 TEXCOORD: 0.5471188426017761, 0.3352360427379608

vb0[268]+000 POSITION: -0.02006654255092144, 2.5517852306365967, 0.11872094124555588
vb0[268]+012 NORMAL: 0.41072380542755127, -0.6271926164627075, -0.6617669463157654
vb0[268]+024 TANGENT: 0.33308374881744385, -0.8384043574333191, -0.4314315617084503, -1.0
vb0[268]+040 BLENDWEIGHTS: 1.0, 0.0, 0.0, 0.0
vb0[268]+056 BLENDINDICES: 0, 0, 0, 0
vb0[268]+072 COLOR: 1.0, 0.5019607843137255, 0.5019607843137255, 0.0
vb0[268]+076 TEXCOORD: 0.5503632426261902, 0.3352360427379608

vb0[269]+000 POSITION: -0.015122137032449245, 2.551788806915283, 0.12163423001766205
vb0[269]+012 NORMAL: 0.2483411431312561, -0.8392288684844971, -0.4837576746940613
vb0[269]+024 TANGENT: 0.21548031270503998, -0.8912058472633362, -0.3991493880748749, -1.0
vb0[269]+040 BLENDWEIGHTS: 1.0, 0.0, 0.0, 0.0
vb0[269]+056 BLENDINDICES: 0, 0, 0, 0
vb0[269]+072 COLOR: 1.0, 0.5019607843137255, 0.5019607843137255, 0.0
vb0[269]+076 TEXCOORD: 0.5366737246513367, 0.3352360427379608

vb0[270]+000 POSITION: -0.010438472032546997, 2.5518083572387695, 0.12398391216993332
vb0[270]+012 NORMAL: 0.13931311666965485, -0.9273982048034668, -0.34716615080833435
vb0[270]+024 TANGENT: 0.13302971422672272, -0.928609311580658, -0.34639278054237366, -1.0
vb0[270]+040 BLENDWEIGHTS: 1.0, 0.0, 0.0, 0.0
vb0[270]+056 BLENDINDICES: 0, 0, 0, 0
vb0[270]+072 COLOR: 1.0, 0.5019607843137255, 0.5019607843137255, 0.0
vb0[270]+076 TEXCOORD: 0.524945855140686, 0.3352360427379608

vb0[271]+000 POSITION: -0.005113709252327681, 2.55186128616333, 0.1257575899362564
vb0[271]+012 NORMAL: 0.042510971426963806, -0.9716342091560364, -0.23263655602931976
vb0[271]+024 TANGENT: 0.05107593908905983, -0.9443085193634033, -0.3250733017921448, -1.0
vb0[271]+040 BLENDWEIGHTS: 1.0, 0.0, 0.0, 0.0
vb0[271]+056 BLENDINDICES: 0, 0, 0, 0
vb0[271]+072 COLOR: 1.0, 0.5019607843137255, 0.5019607843137255, 0.0
vb0[271]+076 TEXCOORD: 0.5121435523033142, 0.33523690700531006

vb0[272]+000 POSITION: -2.7644553419045516e-16, 2.551905393600464, 0.12646816670894623
vb0[272]+012 NORMAL: 0.0, -0.9838855266571045, -0.17879940569400787
vb0[272]+024 TANGENT: 0.0, -0.9511271119117737, -0.30879977345466614, -1.0
vb0[272]+040 BLENDWEIGHTS: 1.0, 0.0, 0.0, 0.0
vb0[272]+056 BLENDINDICES: 0, 0, 0, 0
vb0[272]+072 COLOR: 1.0, 0.5019607843137255, 0.5019607843137255, 0.0
vb0[272]+076 TEXCOORD: 0.4999999701976776, 0.3352770209312439

vb0[273]+000 POSITION: -0.020632784813642502, 2.5517852306365967, 0.11838222295045853
vb0[273]+012 NORMAL: 0.4684055745601654, -0.6062396764755249, -0.642704963684082
vb0[273]+024 TANGENT: 0.49299290776252747, -0.7892007231712341, -0.3662242293357849, -1.0
vb0[273]+040 BLENDWEIGHTS: 1.0, 0.0, 0.0, 0.0
vb0[273]+056 BLENDINDICES: 0, 0, 0, 0
vb0[273]+072 COLOR: 1.0, 0.5019607843137255, 0.5019607843137255, 0.0
vb0[273]+076 TEXCOORD: 0.5516178011894226, 0.3352360427379608

vb0[274]+000 POSITION: -0.020785033702850342, 2.551788091659546, 0.11829929798841476
vb0[274]+012 NORMAL: 0.7224148511886597, 0.04164348542690277, -0.6902047991752625
vb0[274]+024 TANGENT: 0.9786616563796997, -0.17923599481582642, -0.10047828406095505, -1.0
vb0[274]+040 BLENDWEIGHTS: 1.0, 0.0, 0.0, 0.0
vb0[274]+056 BLENDINDICES: 0, 0, 0, 0
vb0[274]+072 COLOR: 1.0, 0.5019607843137255, 0.5019607843137255, 0.0
vb0[274]+076 TEXCOORD: 0.5519260168075562, 0.3352358043193817

vb0[275]+000 POSITION: -0.02064391039311886, 2.5517892837524414, 0.1183118149638176
vb0[275]+012 NORMAL: 0.41247180104255676, 0.684859573841095, -0.6006948947906494
vb0[275]+024 TANGENT: 0.5571793913841248, 0.830208420753479, 0.0174635648727417, -1.0
vb0[275]+040 BLENDWEIGHTS: 1.0, 0.0, 0.0, 0.0
vb0[275]+056 BLENDINDICES: 0, 0, 0, 0
vb0[275]+072 COLOR: 1.0, 0.5019607843137255, 0.5019607843137255, 0.0
vb0[275]+076 TEXCOORD: 0.5516579747200012, 0.33523568511009216

vb0[276]+000 POSITION: -0.020010346546769142, 2.551802635192871, 0.1186949834227562
vb0[276]+012 NORMAL: 0.3051624000072479, 0.708439826965332, -0.636387288570404
vb0[276]+024 TANGENT: 0.0, 0.9944783449172974, 0.10494207590818405, -1.0
vb0[276]+040 BLENDWEIGHTS: 1.0, 0.0, 0.0, 0.0
vb0[276]+056 BLENDINDICES: 0, 0, 0, 0
vb0[276]+072 COLOR: 1.0, 0.5019607843137255, 0.5019607843137255, 0.0
vb0[276]+076 TEXCOORD: 0.5502779483795166, 0.33523568511009216

vb0[277]+000 POSITION: -0.018421955406665802, 2.5518970489501953, 0.11962766200304031
vb0[277]+012 NORMAL: 0.1699705272912979, 0.8968722224235535, -0.40832626819610596
vb0[277]+024 TANGENT: -0.14670966565608978, 0.9859409928321838, 0.07997869700193405, -1.0
vb0[277]+040 BLENDWEIGHTS: 1.0, 0.0, 0.0, 0.0
vb0[277]+056 BLENDINDICES: 0, 0, 0, 0
vb0[277]+072 COLOR: 1.0, 0.5019607843137255, 0.5019607843137255, 0.0
vb0[277]+076 TEXCOORD: 0.5464937686920166, 0.33523568511009216

vb0[278]+000 POSITION: -0.018484393134713173, 2.5505728721618652, 0.11986186355352402
vb0[278]+012 NORMAL: -0.5208268165588379, 0.18868671357631683, 0.8325483202934265
vb0[278]+024 TANGENT: -0.5193913578987122, 0.18429520726203918, 0.834426760673523, -1.0
vb0[278]+040 BLENDWEIGHTS: 1.0, 0.0, 0.0, 0.0
vb0[278]+056 BLENDINDICES: 0, 0, 0, 0
vb0[278]+072 COLOR: 1.0, 0.5019607843137255, 0.5019607843137255, 0.0
vb0[278]+076 TEXCOORD: 0.5458732843399048, 0.3313499391078949

vb0[279]+000 POSITION: -0.014984013512730598, 2.5501673221588135, 0.12231653183698654
vb0[279]+012 NORMAL: -0.4781985878944397, 0.23322626948356628, 0.8467181921005249
vb0[279]+024 TANGENT: -0.48139482736587524, 0.20500418543815613, 0.8521925806999207, -1.0
vb0[279]+040 BLENDWEIGHTS: 1.0, 0.0, 0.0, 0.0
vb0[279]+056 BLENDINDICES: 0, 0, 0, 0
vb0[279]+072 COLOR: 1.0, 0.5019607843137255, 0.5019607843137255, 0.0
vb0[279]+076 TEXCOORD: 0.5362457036972046, 0.33021464943885803

vb0[280]+000 POSITION: -0.010553407482802868, 2.549800157546997, 0.12466447800397873
vb0[280]+012 NORMAL: -0.3658161759376526, 0.19719456136226654, 0.9095564484596252
vb0[280]+024 TANGENT: -0.37206146121025085, 0.19032502174377441, 0.9084858894348145, -1.0
vb0[280]+040 BLENDWEIGHTS: 1.0, 0.0, 0.0, 0.0
vb0[280]+056 BLENDINDICES: 0, 0, 0, 0
vb0[280]+072 COLOR: 1.0, 0.5019607843137255, 0.5019607843137255, 0.0
vb0[280]+076 TEXCOORD: 0.5248565077781677, 0.32922881841659546

vb0[281]+000 POSITION: -0.005139243323355913, 2.5497939586639404, 0.12636418640613556
vb0[281]+012 NORMAL: -0.2148515284061432, 0.18421444296836853, 0.9591162204742432
vb0[281]+024 TANGENT: -0.21265682578086853, 0.18011590838432312, 0.9603828191757202, -1.0
vb0[281]+040 BLENDWEIGHTS: 1.0, 0.0, 0.0, 0.0
vb0[281]+056 BLENDINDICES: 0, 0, 0, 0
vb0[281]+072 COLOR: 1.0, 0.5019607843137255, 0.5019607843137255, 0.0
vb0[281]+076 TEXCOORD: 0.5120452046394348, 0.3288406431674957

vb0[282]+000 POSITION: -2.7644553419045516e-16, 2.5498123168945312, 0.12700887024402618
vb0[282]+012 NORMAL: -7.41801159165334e-07, 0.16833703219890594, 0.985729455947876
vb0[282]+024 TANGENT: 0.0, 0.17522190511226654, 0.9845289587974548, -1.0
vb0[282]+040 BLENDWEIGHTS: 1.0, 0.0, 0.0, 0.0
vb0[282]+056 BLENDINDICES: 0, 0, 0, 0
vb0[282]+072 COLOR: 1.0, 0.5019607843137255, 0.5019607843137255, 0.10196078431372549
vb0[282]+076 TEXCOORD: 0.4999999701976776, 0.3286876380443573

vb0[283]+000 POSITION: -2.7644553419045516e-16, 2.552020788192749, 0.12635156512260437
vb0[283]+012 NORMAL: 1.3740885833612992e-06, 0.9968177080154419, -0.07971460372209549
vb0[283]+024 TANGENT: 0.0, 0.9646221399307251, 0.26363614201545715, -1.0
vb0[283]+040 BLENDWEIGHTS: 1.0, 0.0, 0.0, 0.0
vb0[283]+056 BLENDINDICES: 0, 0, 0, 0
vb0[283]+072 COLOR: 1.0, 0.5019607843137255, 0.5019607843137255, 0.0
vb0[283]+076 TEXCOORD: 0.4999999701976776, 0.3352779746055603

vb0[284]+000 POSITION: -0.005181204527616501, 2.5519793033599854, 0.12563729286193848
vb0[284]+012 NORMAL: 0.007144248113036156, 0.9963451027870178, -0.08511967211961746
vb0[284]+024 TANGENT: -0.05819118022918701, 0.9726063013076782, 0.22505713999271393, -1.0
vb0[284]+040 BLENDWEIGHTS: 1.0, 0.0, 0.0, 0.0
vb0[284]+056 BLENDINDICES: 0, 0, 0, 0
vb0[284]+072 COLOR: 1.0, 0.5019607843137255, 0.5019607843137255, 0.0
vb0[284]+076 TEXCOORD: 0.5121450424194336, 0.3352348506450653

vb0[285]+000 POSITION: -0.010567069053649902, 2.552018642425537, 0.1237645372748375
vb0[285]+012 NORMAL: 0.06289040297269821, 0.9821740388870239, -0.17714142799377441
vb0[285]+024 TANGENT: -0.0841512605547905, 0.9827815890312195, 0.1644958257675171, -1.0
vb0[285]+040 BLENDWEIGHTS: 1.0, 0.0, 0.0, 0.0
vb0[285]+056 BLENDINDICES: 0, 0, 0, 0
vb0[285]+072 COLOR: 1.0, 0.5019607843137255, 0.5019607843137255, 0.0
vb0[285]+076 TEXCOORD: 0.5251367092132568, 0.33523568511009216

vb0[286]+000 POSITION: -0.015154656954109669, 2.5519375801086426, 0.1214815229177475
vb0[286]+012 NORMAL: 0.06238202750682831, 0.9651431441307068, -0.2541794776916504
vb0[286]+024 TANGENT: -0.1374211311340332, 0.9846954941749573, 0.1071930080652237, -1.0
vb0[286]+040 BLENDWEIGHTS: 1.0, 0.0, 0.0, 0.0
vb0[286]+056 BLENDINDICES: 0, 0, 0, 0
vb0[286]+072 COLOR: 1.0, 0.5019607843137255, 0.5019607843137255, 0.0
vb0[286]+076 TEXCOORD: 0.5366974472999573, 0.33523568511009216

vb0[287]+000 POSITION: 0.005139243323355913, 2.5497939586639404, 0.12636418640613556
vb0[287]+012 NORMAL: 0.214845672249794, 0.18421879410743713, 0.9591166973114014
vb0[287]+024 TANGENT: 0.21265968680381775, 0.1801161915063858, 0.9603822827339172, -1.0
vb0[287]+040 BLENDWEIGHTS: 1.0, 0.0, 0.0, 0.0
vb0[287]+056 BLENDINDICES: 0, 0, 0, 0
vb0[287]+072 COLOR: 1.0, 0.5019607843137255, 0.5019607843137255, 0.0
vb0[287]+076 TEXCOORD: 0.4879547953605652, 0.32884281873703003

vb0[288]+000 POSITION: 0.010553407482802868, 2.549800157546997, 0.12466447800397873
vb0[288]+012 NORMAL: 0.365815669298172, 0.1971924602985382, 0.909557044506073
vb0[288]+024 TANGENT: 0.37206390500068665, 0.19032657146453857, 0.9084845781326294, -1.0
vb0[288]+040 BLENDWEIGHTS: 1.0, 0.0, 0.0, 0.0
vb0[288]+056 BLENDINDICES: 0, 0, 0, 0
vb0[288]+072 COLOR: 1.0, 0.5019607843137255, 0.5019607843137255, 0.0
vb0[288]+076 TEXCOORD: 0.4751434922218323, 0.32923099398612976

vb0[289]+000 POSITION: 0.005181204527616501, 2.5519793033599854, 0.12563729286193848
vb0[289]+012 NORMAL: -0.007136942353099585, 0.9963477253913879, -0.08508946001529694
vb0[289]+024 TANGENT: 0.05819433555006981, 0.9726072549819946, 0.2250523418188095, -1.0
vb0[289]+040 BLENDWEIGHTS: 1.0, 0.0, 0.0, 0.0
vb0[289]+056 BLENDINDICES: 0, 0, 0, 0
vb0[289]+072 COLOR: 1.0, 0.5019607843137255, 0.5019607843137255, 0.0
vb0[289]+076 TEXCOORD: 0.4878549575805664, 0.3352370262145996

vb0[290]+000 POSITION: 0.010567069053649902, 2.552018642425537, 0.1237645372748375
vb0[290]+012 NORMAL: -0.06289893388748169, 0.9821690917015076, -0.17716524004936218
vb0[290]+024 TANGENT: 0.08416105061769485, 0.9827828407287598, 0.16448330879211426, -1.0
vb0[290]+040 BLENDWEIGHTS: 1.0, 0.0, 0.0, 0.0
vb0[290]+056 BLENDINDICES: 0, 0, 0, 0
vb0[290]+072 COLOR: 1.0, 0.5019607843137255, 0.5019607843137255, 0.0
vb0[290]+076 TEXCOORD: 0.47486329078674316, 0.33523786067962646

vb0[291]+000 POSITION: 0.014984013512730598, 2.5501673221588135, 0.12231653183698654
vb0[291]+012 NORMAL: 0.47819867730140686, 0.23322302103042603, 0.8467190265655518
vb0[291]+024 TANGENT: 0.4813903570175171, 0.20500421524047852, 0.8521950840950012, -1.0
vb0[291]+040 BLENDWEIGHTS: 1.0, 0.0, 0.0, 0.0
vb0[291]+056 BLENDINDICES: 0, 0, 0, 0
vb0[291]+072 COLOR: 1.0, 0.5019607843137255, 0.5019607843137255, 0.0
vb0[291]+076 TEXCOORD: 0.4637542963027954, 0.33021682500839233

vb0[292]+000 POSITION: 0.018584446981549263, 2.549161195755005, 0.12007995694875717
vb0[292]+012 NORMAL: 0.5649436712265015, 0.054412342607975006, 0.8233334422111511
vb0[292]+024 TANGENT: 0.5503254532814026, 0.06040823087096214, 0.8327621221542358, -1.0
vb0[292]+040 BLENDWEIGHTS: 1.0, 0.0, 0.0, 0.0
vb0[292]+056 BLENDINDICES: 0, 0, 0, 0
vb0[292]+072 COLOR: 1.0, 0.5019607843137255, 0.5019607843137255, 0.0
vb0[292]+076 TEXCOORD: 0.4544830918312073, 0.3272426128387451

vb0[293]+000 POSITION: 0.020495843142271042, 2.5501365661621094, 0.11870784312486649
vb0[293]+012 NORMAL: 0.4647892713546753, 0.05050507187843323, 0.8839797377586365
vb0[293]+024 TANGENT: 0.42627885937690735, 0.03930032253265381, 0.9037376642227173, -1.0
vb0[293]+040 BLENDWEIGHTS: 1.0, 0.0, 0.0, 0.0
vb0[293]+056 BLENDINDICES: 0, 0, 0, 0
vb0[293]+072 COLOR: 1.0, 0.5019607843137255, 0.5019607843137255, 0.0
vb0[293]+076 TEXCOORD: 0.4487260580062866, 0.33008867502212524

vb0[294]+000 POSITION: 0.02116652950644493, 2.549107074737549, 0.1183997243642807
vb0[294]+012 NORMAL: 0.46413296461105347, -0.19131624698638916, 0.8648576140403748
vb0[294]+024 TANGENT: 0.41545572876930237, -0.1456422060728073, 0.8978779315948486, -1.0
vb0[294]+040 BLENDWEIGHTS: 1.0, 0.0, 0.0, 0.0
vb0[294]+056 BLENDINDICES: 0, 0, 0, 0
vb0[294]+072 COLOR: 1.0, 0.5019607843137255, 0.5019607843137255, 0.0
vb0[294]+076 TEXCOORD: 0.44722217321395874, 0.32766371965408325

vb0[295]+000 POSITION: 0.021637262776494026, 2.550767183303833, 0.1183757409453392
vb0[295]+012 NORMAL: 0.22668816149234772, -0.1162882074713707, 0.9670003056526184
vb0[295]+024 TANGENT: 0.18686632812023163, -0.14010845124721527, 0.972342848777771, -1.0
vb0[295]+040 BLENDWEIGHTS: 1.0, 0.0, 0.0, 0.0
vb0[295]+056 BLENDINDICES: 0, 0, 0, 0
vb0[295]+072 COLOR: 1.0, 0.5019607843137255, 0.5019607843137255, 0.0
vb0[295]+076 TEXCOORD: 0.44588685035705566, 0.33229395747184753

vb0[296]+000 POSITION: 0.022664718329906464, 2.550028085708618, 0.11799628287553787
vb0[296]+012 NORMAL: 0.2812313735485077, -0.2540280222892761, 0.9254072904586792
vb0[296]+024 TANGENT: 0.2522163391113281, -0.24530477821826935, 0.9360622763633728, -1.0
vb0[296]+040 BLENDWEIGHTS: 1.0, 0.0, 0.0, 0.0
vb0[296]+056 BLENDINDICES: 0, 0, 0, 0
vb0[296]+072 COLOR: 1.0, 0.5019607843137255, 0.5019607843137255, 0.0
vb0[296]+076 TEXCOORD: 0.4434899687767029, 0.33080747723579407

vb0[297]+000 POSITION: 0.02226969040930271, 2.5513648986816406, 0.11848171055316925
vb0[297]+012 NORMAL: 0.018138375133275986, -0.49910980463027954, 0.866348922252655
vb0[297]+024 TANGENT: 0.03317171335220337, -0.5097425580024719, 0.8596872687339783, -1.0
vb0[297]+040 BLENDWEIGHTS: 1.0, 0.0, 0.0, 0.0
vb0[297]+056 BLENDINDICES: 0, 0, 0, 0
vb0[297]+072 COLOR: 1.0, 0.5019607843137255, 0.5019607843137255, 0.0
vb0[297]+076 TEXCOORD: 0.44449472427368164, 0.33465203642845154

vb0[298]+000 POSITION: 0.02360590361058712, 2.5509846210479736, 0.11819197237491608
vb0[298]+012 NORMAL: 0.20213046669960022, -0.464471697807312, 0.8622118234634399
vb0[298]+024 TANGENT: 0.20253776013851166, -0.443987101316452, 0.8728423714637756, -1.0
vb0[298]+040 BLENDWEIGHTS: 1.0, 0.0, 0.0, 0.0
vb0[298]+056 BLENDINDICES: 0, 0, 0, 0
vb0[298]+072 COLOR: 1.0, 0.5019607843137255, 0.5019607843137255, 0.0
vb0[298]+076 TEXCOORD: 0.4414176940917969, 0.3338772654533386

vb0[299]+000 POSITION: 0.020982123911380768, 2.551335334777832, 0.1185012087225914
vb0[299]+012 NORMAL: 0.1381087303161621, 0.11986404657363892, 0.9831370711326599
vb0[299]+024 TANGENT: 0.10400474071502686, 0.12178754061460495, 0.987092137336731, -1.0
vb0[299]+040 BLENDWEIGHTS: 1.0, 0.0, 0.0, 0.0
vb0[299]+056 BLENDINDICES: 0, 0, 0, 0
vb0[299]+072 COLOR: 1.0, 0.5019607843137255, 0.5019607843137255, 0.0
vb0[299]+076 TEXCOORD: 0.4474390149116516, 0.3337300419807434

vb0[300]+000 POSITION: 0.02017870545387268, 2.551004648208618, 0.11877479404211044
vb0[300]+012 NORMAL: 0.4660240709781647, 0.14965666830539703, 0.8720232248306274
vb0[300]+024 TANGENT: 0.41586485505104065, 0.17400681972503662, 0.8926242589950562, -1.0
vb0[300]+040 BLENDWEIGHTS: 1.0, 0.0, 0.0, 0.0
vb0[300]+056 BLENDINDICES: 0, 0, 0, 0
vb0[300]+072 COLOR: 1.0, 0.5019607843137255, 0.5019607843137255, 0.0
vb0[300]+076 TEXCOORD: 0.4494832158088684, 0.3326617181301117

vb0[301]+000 POSITION: 0.026899240911006927, 2.5505430698394775, 0.11697877943515778
vb0[301]+012 NORMAL: 0.4524134695529938, -0.3810267448425293, 0.8063129782676697
vb0[301]+024 TANGENT: 0.4065820872783661, -0.39526185393333435, 0.8236861824989319, -1.0
vb0[301]+040 BLENDWEIGHTS: 1.0, 0.0, 0.0, 0.0
vb0[301]+056 BLENDINDICES: 0, 0, 0, 0
vb0[301]+072 COLOR: 1.0, 0.5019607843137255, 0.5019607843137255, 0.0
vb0[301]+076 TEXCOORD: 0.43240654468536377, 0.33236071467399597

vb0[302]+000 POSITION: 0.02394171431660652, 2.5520265102386475, 0.11894979327917099
vb0[302]+012 NORMAL: 0.2714315950870514, -0.6163213849067688, 0.739237904548645
vb0[302]+024 TANGENT: 0.27921736240386963, -0.5887500047683716, 0.7585585713386536, -1.0
vb0[302]+040 BLENDWEIGHTS: 1.0, 0.0, 0.0, 0.0
vb0[302]+056 BLENDINDICES: 0, 0, 0, 0
vb0[302]+072 COLOR: 1.0, 0.5019607843137255, 0.5019607843137255, 0.0
vb0[302]+076 TEXCOORD: 0.4411306381225586, 0.3374832570552826

vb0[303]+000 POSITION: 0.0276196226477623, 2.5525217056274414, 0.11753148585557938
vb0[303]+012 NORMAL: 0.48356080055236816, -0.3800036907196045, 0.7885215282440186
vb0[303]+024 TANGENT: 0.4549007713794708, -0.41000545024871826, 0.7905446290969849, -1.0
vb0[303]+040 BLENDWEIGHTS: 1.0, 0.0, 0.0, 0.0
vb0[303]+056 BLENDINDICES: 0, 0, 0, 0
vb0[303]+072 COLOR: 1.0, 0.5019607843137255, 0.5019607843137255, 0.0
vb0[303]+076 TEXCOORD: 0.4310661554336548, 0.3380761742591858

vb0[304]+000 POSITION: 0.023664705455303192, 2.5529515743255615, 0.12002450972795486
vb0[304]+012 NORMAL: 0.4571680724620819, -0.4699670374393463, 0.7550684213638306
vb0[304]+024 TANGENT: 0.4048275053501129, -0.5647157430648804, 0.7191736698150635, -1.0
vb0[304]+040 BLENDWEIGHTS: 1.0, 0.0, 0.0, 0.0
vb0[304]+056 BLENDINDICES: 0, 0, 0, 0
vb0[304]+072 COLOR: 1.0, 0.5019607843137255, 0.5019607843137255, 0.0
vb0[304]+076 TEXCOORD: 0.4423626661300659, 0.3408789336681366

vb0[305]+000 POSITION: 0.022385353222489357, 2.5519044399261475, 0.11905687302350998
vb0[305]+012 NORMAL: 0.09665746241807938, -0.7866815328598022, 0.609745442867279
vb0[305]+024 TANGENT: 0.056671686470508575, -0.7901164889335632, 0.6103314161300659, -1.0
vb0[305]+040 BLENDWEIGHTS: 1.0, 0.0, 0.0, 0.0
vb0[305]+056 BLENDINDICES: 0, 0, 0, 0
vb0[305]+072 COLOR: 1.0, 0.5019607843137255, 0.5019607843137255, 0.0
vb0[305]+076 TEXCOORD: 0.444510281085968, 0.3368385136127472

vb0[306]+000 POSITION: 0.02136579155921936, 2.5516366958618164, 0.11857046186923981
vb0[306]+012 NORMAL: -0.11360714584589005, -0.5357866883277893, 0.8366755843162537
vb0[306]+024 TANGENT: -0.14877545833587646, -0.5489382743835449, 0.8225160241127014, -1.0
vb0[306]+040 BLENDWEIGHTS: 1.0, 0.0, 0.0, 0.0
vb0[306]+056 BLENDINDICES: 0, 0, 0, 0
vb0[306]+072 COLOR: 1.0, 0.5019607843137255, 0.5019607843137255, 0.0
vb0[306]+076 TEXCOORD: 0.44644516706466675, 0.33497124910354614

vb0[307]+000 POSITION: 0.021318010985851288, 2.551865339279175, 0.11892460286617279
vb0[307]+012 NORMAL: -0.04833279177546501, -0.9184227585792542, 0.3926366865634918
vb0[307]+024 TANGENT: -0.06454169750213623, -0.907844066619873, 0.41431093215942383, -1.0
vb0[307]+040 BLENDWEIGHTS: 1.0, 0.0, 0.0, 0.0
vb0[307]+056 BLENDINDICES: 0, 0, 0, 0
vb0[307]+072 COLOR: 1.0, 0.5019607843137255, 0.5019607843137255, 0.0
vb0[307]+076 TEXCOORD: 0.4466409683227539, 0.3361515700817108

vb0[308]+000 POSITION: 0.02199927531182766, 2.552356719970703, 0.12008476257324219
vb0[308]+012 NORMAL: 0.28870826959609985, -0.7793008089065552, 0.5561814904212952
vb0[308]+024 TANGENT: 0.21737538278102875, -0.8206980228424072, 0.5283963084220886, -1.0
vb0[308]+040 BLENDWEIGHTS: 1.0, 0.0, 0.0, 0.0
vb0[308]+056 BLENDINDICES: 0, 0, 0, 0
vb0[308]+072 COLOR: 1.0, 0.5019607843137255, 0.5019607843137255, 0.0
vb0[308]+076 TEXCOORD: 0.44622719287872314, 0.33945634961128235

vb0[309]+000 POSITION: 0.022299818694591522, 2.5544066429138184, 0.12191952764987946
vb0[309]+012 NORMAL: 0.5302278399467468, -0.33619755506515503, 0.7783505916595459
vb0[309]+024 TANGENT: 0.4960785210132599, -0.4274643659591675, 0.7557647824287415, -1.0
vb0[309]+040 BLENDWEIGHTS: 1.0, 0.0, 0.0, 0.0
vb0[309]+056 BLENDINDICES: 0, 0, 0, 0
vb0[309]+072 COLOR: 1.0, 0.5019607843137255, 0.5019607843137255, 0.0
vb0[309]+076 TEXCOORD: 0.4463774561882019, 0.3457360863685608

vb0[310]+000 POSITION: 0.020360080525279045, 2.5530588626861572, 0.12213003635406494
vb0[310]+012 NORMAL: 0.38653090596199036, -0.6646941900253296, 0.6393555402755737
vb0[310]+024 TANGENT: 0.34570983052253723, -0.7192533612251282, 0.6026270389556885, -1.0
vb0[310]+040 BLENDWEIGHTS: 1.0, 0.0, 0.0, 0.0
vb0[310]+056 BLENDINDICES: 0, 0, 0, 0
vb0[310]+072 COLOR: 1.0, 0.5019607843137255, 0.5019607843137255, 0.0
vb0[310]+076 TEXCOORD: 0.4510974884033203, 0.3427538275718689

vb0[311]+000 POSITION: 0.02599557861685753, 2.5575473308563232, 0.12066197395324707
vb0[311]+012 NORMAL: 0.514872133731842, -0.24364624917507172, 0.8219143152236938
vb0[311]+024 TANGENT: 0.5243337154388428, -0.26789191365242004, 0.8082746863365173, -1.0
vb0[311]+040 BLENDWEIGHTS: 1.0, 0.0, 0.0, 0.0
vb0[311]+056 BLENDINDICES: 0, 0, 0, 0
vb0[311]+072 COLOR: 1.0, 0.5019607843137255, 0.5019607843137255, 0.0
vb0[311]+076 TEXCOORD: 0.4363470673561096, 0.3527446985244751

vb0[312]+000 POSITION: 0.027738472446799278, 2.554938316345215, 0.11857224255800247
vb0[312]+012 NORMAL: 0.5065580606460571, -0.31523802876472473, 0.8025110363960266
vb0[312]+024 TANGENT: 0.5024772882461548, -0.3491075932979584, 0.7909743189811707, -1.0
vb0[312]+040 BLENDWEIGHTS: 1.0, 0.0, 0.0, 0.0
vb0[312]+056 BLENDINDICES: 0, 0, 0, 0
vb0[312]+072 COLOR: 1.0, 0.5019607843137255, 0.5019607843137255, 0.0
vb0[312]+076 TEXCOORD: 0.431446373462677, 0.3449089825153351

vb0[313]+000 POSITION: 0.01801900379359722, 2.556506395339966, 0.12586405873298645
vb0[313]+012 NORMAL: 0.554335355758667, -0.22255143523216248, 0.8019870519638062
vb0[313]+024 TANGENT: 0.5282163023948669, -0.3056037127971649, 0.7922083139419556, -1.0
vb0[313]+040 BLENDWEIGHTS: 1.0, 0.0, 0.0, 0.0
vb0[313]+056 BLENDINDICES: 0, 0, 0, 0
vb0[313]+072 COLOR: 1.0, 0.5019607843137255, 0.5019607843137255, 0.0
vb0[313]+076 TEXCOORD: 0.45789486169815063, 0.35293933749198914

vb0[314]+000 POSITION: 0.016523269936442375, 2.5541141033172607, 0.12549848854541779
vb0[314]+012 NORMAL: 0.4010225534439087, -0.5994169116020203, 0.6927339434623718
vb0[314]+024 TANGENT: 0.37683820724487305, -0.6405033469200134, 0.6691401600837708, -1.0
vb0[314]+040 BLENDWEIGHTS: 1.0, 0.0, 0.0, 0.0
vb0[314]+056 BLENDINDICES: 0, 0, 0, 0
vb0[314]+072 COLOR: 1.0, 0.5019607843137255, 0.5019607843137255, 0.0
vb0[314]+076 TEXCOORD: 0.46143579483032227, 0.3466857075691223

vb0[315]+000 POSITION: 0.01110018603503704, 2.5554163455963135, 0.12950855493545532
vb0[315]+012 NORMAL: 0.35635751485824585, -0.6035869717597961, 0.7132264971733093
vb0[315]+024 TANGENT: 0.3507789373397827, -0.6254116892814636, 0.6970038414001465, -1.0
vb0[315]+040 BLENDWEIGHTS: 1.0, 0.0, 0.0, 0.0
vb0[315]+056 BLENDINDICES: 0, 0, 0, 0
vb0[315]+072 COLOR: 1.0, 0.5019607843137255, 0.5019607843137255, 0.0
vb0[315]+076 TEXCOORD: 0.4747312664985657, 0.3509909212589264

vb0[316]+000 POSITION: 0.011649243533611298, 2.558555841445923, 0.13102787733078003
vb0[316]+012 NORMAL: 0.5322757363319397, -0.14196409285068512, 0.8345829844474792
vb0[316]+024 TANGENT: 0.49958452582359314, -0.24328839778900146, 0.8314000368118286, -1.0
vb0[316]+040 BLENDWEIGHTS: 1.0, 0.0, 0.0, 0.0
vb0[316]+056 BLENDINDICES: 0, 0, 0, 0
vb0[316]+072 COLOR: 1.0, 0.5019607843137255, 0.5019607843137255, 0.0
vb0[316]+076 TEXCOORD: 0.4737377166748047, 0.3596407175064087

vb0[317]+000 POSITION: 0.03187854215502739, 2.562469959259033, 0.11842500418424606
vb0[317]+012 NORMAL: 0.49938422441482544, -0.2170840948820114, 0.8387430310249329
vb0[317]+024 TANGENT: 0.5137282013893127, -0.22739896178245544, 0.8272684812545776, -1.0
vb0[317]+040 BLENDWEIGHTS: 1.0, 0.0, 0.0, 0.0
vb0[317]+056 BLENDINDICES: 0, 0, 0, 0
vb0[317]+072 COLOR: 1.0, 0.5019607843137255, 0.5019607843137255, 0.0
vb0[317]+076 TEXCOORD: 0.41966062784194946, 0.3644423484802246

vb0[318]+000 POSITION: 0.026500817388296127, 2.567401885986328, 0.12271524220705032
vb0[318]+012 NORMAL: 0.490186870098114, -0.1339864283800125, 0.8612575531005859
vb0[318]+024 TANGENT: 0.4955619275569916, -0.13704454898834229, 0.8576930165290833, -1.0
vb0[318]+040 BLENDWEIGHTS: 1.0, 0.0, 0.0, 0.0
vb0[318]+056 BLENDINDICES: 0, 0, 0, 0
vb0[318]+072 COLOR: 1.0, 0.5019607843137255, 0.5019607843137255, 0.0
vb0[318]+076 TEXCOORD: 0.433876633644104, 0.3783538341522217

vb0[319]+000 POSITION: 0.031490109860897064, 2.5728867053985596, 0.12081016600131989
vb0[319]+012 NORMAL: 0.47939440608024597, -0.08705493807792664, 0.873271107673645
vb0[319]+024 TANGENT: 0.46883058547973633, -0.12241572141647339, 0.874764084815979, -1.0
vb0[319]+040 BLENDWEIGHTS: 1.0, 0.0, 0.0, 0.0
vb0[319]+056 BLENDINDICES: 0, 0, 0, 0
vb0[319]+072 COLOR: 1.0, 0.5019607843137255, 0.5019607843137255, 0.5019607843137255
vb0[319]+076 TEXCOORD: 0.42009830474853516, 0.39219510555267334

vb0[320]+000 POSITION: 0.023210078477859497, 2.5778722763061523, 0.12525539100170135
vb0[320]+012 NORMAL: 0.47294482588768005, -0.03915167227387428, 0.8802217841148376
vb0[320]+024 TANGENT: 0.4632713496685028, -0.03458964452147484, 0.8855411410331726, -1.0
vb0[320]+040 BLENDWEIGHTS: 1.0, 0.0, 0.0, 0.0
vb0[320]+056 BLENDINDICES: 0, 0, 0, 0
vb0[320]+072 COLOR: 1.0, 0.5019607843137255, 0.5019607843137255, 0.5019607843137255
vb0[320]+076 TEXCOORD: 0.4408003091812134, 0.4059085547924042

vb0[321]+000 POSITION: 0.0183350071310997, 2.571918249130249, 0.1278506964445114
vb0[321]+012 NORMAL: 0.503301739692688, -0.061892423778772354, 0.8618913292884827
vb0[321]+024 TANGENT: 0.4926791191101074, -0.059336308389902115, 0.8681857585906982, -1.0
vb0[321]+040 BLENDWEIGHTS: 1.0, 0.0, 0.0, 0.0
vb0[321]+056 BLENDINDICES: 0, 0, 0, 0
vb0[321]+072 COLOR: 1.0, 0.5019607843137255, 0.5019607843137255, 0.0
vb0[321]+076 TEXCOORD: 0.45593613386154175, 0.39178648591041565

vb0[322]+000 POSITION: 0.037276558578014374, 2.567444324493408, 0.11657293885946274
vb0[322]+012 NORMAL: 0.5205559730529785, -0.17346100509166718, 0.8360220193862915
vb0[322]+024 TANGENT: 0.5105013847351074, -0.21042408049106598, 0.8337326049804688, -1.0
vb0[322]+040 BLENDWEIGHTS: 1.0, 0.0, 0.0, 0.0
vb0[322]+056 BLENDINDICES: 0, 0, 0, 0
vb0[322]+072 COLOR: 1.0, 0.5019607843137255, 0.5019607843137255, 0.5019607843137255
vb0[322]+076 TEXCOORD: 0.40485668182373047, 0.37700238823890686

vb0[323]+000 POSITION: 0.034220874309539795, 2.5583090782165527, 0.11562944203615189
vb0[323]+012 NORMAL: 0.5345661640167236, -0.2851863503456116, 0.7955549955368042
vb0[323]+024 TANGENT: 0.535088062286377, -0.2926485538482666, 0.7924882173538208, -1.0
vb0[323]+040 BLENDWEIGHTS: 1.0, 0.0, 0.0, 0.0
vb0[323]+056 BLENDINDICES: 0, 0, 0, 0
vb0[323]+072 COLOR: 1.0, 0.5019607843137255, 0.5019607843137255, 0.0
vb0[323]+076 TEXCOORD: 0.412727415561676, 0.3523350656032562

vb0[324]+000 POSITION: 0.0408175066113472, 2.562112331390381, 0.11240112781524658
vb0[324]+012 NORMAL: 0.5380271673202515, -0.2966155409812927, 0.7890157699584961
vb0[324]+024 TANGENT: 0.535204291343689, -0.29712024331092834, 0.790743887424469, -1.0
vb0[324]+040 BLENDWEIGHTS: 1.0, 0.0, 0.0, 0.0
vb0[324]+056 BLENDINDICES: 0, 0, 0, 0
vb0[324]+072 COLOR: 1.0, 0.5019607843137255, 0.5019607843137255, 0.5019607843137255
vb0[324]+076 TEXCOORD: 0.394001305103302, 0.36145517230033875

vb0[325]+000 POSITION: 0.02096938155591488, 2.56125545501709, 0.1248633861541748
vb0[325]+012 NORMAL: 0.5224827527999878, -0.15703698992729187, 0.8380638957023621
vb0[325]+024 TANGENT: 0.5349496006965637, -0.16144073009490967, 0.8293165564537048, -1.0
vb0[325]+040 BLENDWEIGHTS: 1.0, 0.0, 0.0, 0.0
vb0[325]+056 BLENDINDICES: 0, 0, 0, 0
vb0[325]+072 COLOR: 1.0, 0.5019607843137255, 0.5019607843137255, 0.0
vb0[325]+076 TEXCOORD: 0.4497058391571045, 0.36414533853530884

vb0[326]+000 POSITION: 0.013315790332853794, 2.5651769638061523, 0.13022318482398987
vb0[326]+012 NORMAL: 0.4904009699821472, -0.06494498252868652, 0.8690736889839172
vb0[326]+024 TANGENT: 0.497976154088974, -0.047246694564819336, 0.8659027814865112, -1.0
vb0[326]+040 BLENDWEIGHTS: 1.0, 0.0, 0.0, 0.0
vb0[326]+056 BLENDINDICES: 0, 0, 0, 0
vb0[326]+072 COLOR: 1.0, 0.5019607843137255, 0.5019607843137255, 0.0
vb0[326]+076 TEXCOORD: 0.470050573348999, 0.3757352828979492

vb0[327]+000 POSITION: 0.01723223552107811, 2.581063985824585, 0.1285402625799179
vb0[327]+012 NORMAL: 0.6173536777496338, -0.002623894950374961, 0.7866814136505127
vb0[327]+024 TANGENT: 0.618140697479248, 0.0012578965397551656, 0.786066472530365, -1.0
vb0[327]+040 BLENDWEIGHTS: 1.0, 0.0, 0.0, 0.0
vb0[327]+056 BLENDINDICES: 0, 0, 0, 0
vb0[327]+072 COLOR: 1.0, 0.5019607843137255, 0.5019607843137255, 0.5019607843137255
vb0[327]+076 TEXCOORD: 0.4556933045387268, 0.4157348573207855

vb0[328]+000 POSITION: 0.005939669907093048, 2.5666067600250244, 0.1335742473602295
vb0[328]+012 NORMAL: 0.36394044756889343, 0.05452520027756691, 0.929824948310852
vb0[328]+024 TANGENT: 0.35448023676872253, 0.051845189183950424, 0.9336250424385071, -1.0
vb0[328]+040 BLENDWEIGHTS: 1.0, 0.0, 0.0, 0.0
vb0[328]+056 BLENDINDICES: 0, 0, 0, 0
vb0[328]+072 COLOR: 1.0, 0.5019607843137255, 0.5019607843137255, 0.0
vb0[328]+076 TEXCOORD: 0.486264705657959, 0.3762110471725464

vb0[329]+000 POSITION: 0.00551283685490489, 2.5597457885742188, 0.13530988991260529
vb0[329]+012 NORMAL: 0.438524067401886, -0.049628693610429764, 0.8973480463027954
vb0[329]+024 TANGENT: 0.37847959995269775, -0.17434726655483246, 0.9090413451194763, -1.0
vb0[329]+040 BLENDWEIGHTS: 1.0, 0.0, 0.0, 0.0
vb0[329]+056 BLENDINDICES: 0, 0, 0, 0
vb0[329]+072 COLOR: 1.0, 0.5019607843137255, 0.5019607843137255, 0.0
vb0[329]+076 TEXCOORD: 0.4866769313812256, 0.36377039551734924

vb0[330]+000 POSITION: 0.0053777555003762245, 2.5562074184417725, 0.13272707164287567
vb0[330]+012 NORMAL: 0.28251713514328003, -0.6673864126205444, 0.6890424489974976
vb0[330]+024 TANGENT: 0.27749329805374146, -0.6630017757415771, 0.6952885389328003, -1.0
vb0[330]+040 BLENDWEIGHTS: 1.0, 0.0, 0.0, 0.0
vb0[330]+056 BLENDINDICES: 0, 0, 0, 0
vb0[330]+072 COLOR: 1.0, 0.5019607843137255, 0.5019607843137255, 0.0
vb0[330]+076 TEXCOORD: 0.48696935176849365, 0.3540104329586029

vb0[331]+000 POSITION: 0.006392443086951971, 2.5716655254364014, 0.13371542096138
vb0[331]+012 NORMAL: 0.4070747196674347, -0.4176468551158905, 0.8123184442520142
vb0[331]+024 TANGENT: 0.38665762543678284, -0.39500167965888977, 0.8333484530448914, -1.0
vb0[331]+040 BLENDWEIGHTS: 1.0, 0.0, 0.0, 0.0
vb0[331]+056 BLENDINDICES: 0, 0, 0, 0
vb0[331]+072 COLOR: 1.0, 0.5019607843137255, 0.5019607843137255, 0.0
vb0[331]+076 TEXCOORD: 0.48654085397720337, 0.3890107274055481

vb0[332]+000 POSITION: 0.004952297545969486, 2.575929880142212, 0.14005590975284576
vb0[332]+012 NORMAL: 0.4165189862251282, -0.6969162821769714, 0.5837975740432739
vb0[332]+024 TANGENT: 0.3846593499183655, -0.7135225534439087, 0.5855960845947266, -1.0
vb0[332]+040 BLENDWEIGHTS: 1.0, 0.0, 0.0, 0.0
vb0[332]+056 BLENDINDICES: 0, 0, 0, 0
vb0[332]+072 COLOR: 1.0, 0.5019607843137255, 0.5019607843137255, 0.30196078431372547
vb0[332]+076 TEXCOORD: 0.489707887172699, 0.4035583436489105

vb0[333]+000 POSITION: 0.003290383378043771, 2.581566095352173, 0.14792397618293762
vb0[333]+012 NORMAL: 0.4930095970630646, -0.6327170133590698, 0.5971689224243164
vb0[333]+024 TANGENT: 0.4903276264667511, -0.6305745840072632, 0.6016265749931335, -1.0
vb0[333]+040 BLENDWEIGHTS: 1.0, 0.0, 0.0, 0.0
vb0[333]+056 BLENDINDICES: 0, 0, 0, 0
vb0[333]+072 COLOR: 1.0, 0.5019607843137255, 0.5019607843137255, 0.5019607843137255
vb0[333]+076 TEXCOORD: 0.4936200976371765, 0.4197053909301758

vb0[334]+000 POSITION: 0.00517796678468585, 2.553443193435669, 0.12922511994838715
vb0[334]+012 NORMAL: 0.15368685126304626, -0.8431633710861206, 0.5152240991592407
vb0[334]+024 TANGENT: 0.15401166677474976, -0.8509155511856079, 0.5022182464599609, -1.0
vb0[334]+040 BLENDWEIGHTS: 1.0, 0.0, 0.0, 0.0
vb0[334]+056 BLENDINDICES: 0, 0, 0, 0
vb0[334]+072 COLOR: 1.0, 0.5019607843137255, 0.5019607843137255, 0.0
vb0[334]+076 TEXCOORD: 0.4874610900878906, 0.3440270721912384

vb0[335]+000 POSITION: 0.012940628454089165, 2.5745863914489746, 0.131039559841156
vb0[335]+012 NORMAL: 0.5943517088890076, -0.23305583000183105, 0.7696953415870667
vb0[335]+024 TANGENT: 0.5896660089492798, -0.23219025135040283, 0.773551344871521, -1.0
vb0[335]+040 BLENDWEIGHTS: 1.0, 0.0, 0.0, 0.0
vb0[335]+056 BLENDINDICES: 0, 0, 0, 0
vb0[335]+072 COLOR: 1.0, 0.5019607843137255, 0.5019607843137255, 0.0
vb0[335]+076 TEXCOORD: 0.4716041088104248, 0.398270845413208

vb0[336]+000 POSITION: 0.010583249852061272, 2.5790600776672363, 0.13761769235134125
vb0[336]+012 NORMAL: 0.772506594657898, -0.2979775667190552, 0.5607521533966064
vb0[336]+024 TANGENT: 0.7566638588905334, -0.3223058879375458, 0.5688397884368896, -1.0
vb0[336]+040 BLENDWEIGHTS: 1.0, 0.0, 0.0, 0.0
vb0[336]+056 BLENDINDICES: 0, 0, 0, 0
vb0[336]+072 COLOR: 1.0, 0.5019607843137255, 0.5019607843137255, 0.30196078431372547
vb0[336]+076 TEXCOORD: 0.4771173596382141, 0.4160679280757904

vb0[337]+000 POSITION: 0.0066248830407857895, 2.5839226245880127, 0.14561781287193298
vb0[337]+012 NORMAL: 0.8567507863044739, -0.076470285654068, 0.5100299119949341
vb0[337]+024 TANGENT: 0.835396409034729, -0.14736342430114746, 0.5295250415802002, -1.0
vb0[337]+040 BLENDWEIGHTS: 1.0, 0.0, 0.0, 0.0
vb0[337]+056 BLENDINDICES: 0, 0, 0, 0
vb0[337]+072 COLOR: 1.0, 0.5019607843137255, 0.5019607843137255, 0.5019607843137255
vb0[337]+076 TEXCOORD: 0.48272526264190674, 0.42646366357803345

vb0[338]+000 POSITION: 0.0020569770131260157, 2.584071397781372, 0.15146039426326752
vb0[338]+012 NORMAL: 0.5557742714881897, -0.475372314453125, 0.6820088624954224
vb0[338]+024 TANGENT: 0.5158395767211914, -0.49317309260368347, 0.7004925012588501, -1.0
vb0[338]+040 BLENDWEIGHTS: 1.0, 0.0, 0.0, 0.0
vb0[338]+056 BLENDINDICES: 0, 0, 0, 0
vb0[338]+072 COLOR: 1.0, 0.5019607843137255, 0.5019607843137255, 0.5019607843137255
vb0[338]+076 TEXCOORD: 0.4960927367210388, 0.42860299348831177

vb0[339]+000 POSITION: 0.0037163381930440664, 2.5870251655578613, 0.15108641982078552
vb0[339]+012 NORMAL: 0.7651544213294983, 0.21887154877185822, 0.6055032014846802
vb0[339]+024 TANGENT: 0.7370927333831787, 0.0974963903427124, 0.6687216758728027, -1.0
vb0[339]+040 BLENDWEIGHTS: 1.0, 0.0, 0.0, 0.0
vb0[339]+056 BLENDINDICES: 0, 0, 0, 0
vb0[339]+072 COLOR: 1.0, 0.5019607843137255, 0.5019607843137255, 0.5019607843137255
vb0[339]+076 TEXCOORD: 0.4909348487854004, 0.4391324520111084

vb0[340]+000 POSITION: 0.005113709252327681, 2.55186128616333, 0.1257575899362564
vb0[340]+012 NORMAL: -0.04251301288604736, -0.9716305136680603, -0.2326514720916748
vb0[340]+024 TANGENT: -0.051076412200927734, -0.9443066120147705, -0.3250787854194641, -1.0
vb0[340]+040 BLENDWEIGHTS: 1.0, 0.0, 0.0, 0.0
vb0[340]+056 BLENDINDICES: 0, 0, 0, 0
vb0[340]+072 COLOR: 1.0, 0.5019607843137255, 0.5019607843137255, 0.0
vb0[340]+076 TEXCOORD: 0.4878564476966858, 0.33523908257484436

vb0[341]+000 POSITION: 0.01061573438346386, 2.553234100341797, 0.1269359588623047
vb0[341]+012 NORMAL: 0.19934725761413574, -0.8312050104141235, 0.5189980864524841
vb0[341]+024 TANGENT: 0.1987074613571167, -0.8399143218994141, 0.5050340890884399, -1.0
vb0[341]+040 BLENDWEIGHTS: 1.0, 0.0, 0.0, 0.0
vb0[341]+056 BLENDINDICES: 0, 0, 0, 0
vb0[341]+072 COLOR: 1.0, 0.5019607843137255, 0.5019607843137255, 0.0
vb0[341]+076 TEXCOORD: 0.4748731851577759, 0.34286436438560486

vb0[342]+000 POSITION: 0.01566825434565544, 2.5527045726776123, 0.12387444823980331
vb0[342]+012 NORMAL: 0.21148721873760223, -0.8653020858764648, 0.45445072650909424
vb0[342]+024 TANGENT: 0.2095385044813156, -0.8675841689109802, 0.4509891867637634, -1.0
vb0[342]+040 BLENDWEIGHTS: 1.0, 0.0, 0.0, 0.0
vb0[342]+056 BLENDINDICES: 0, 0, 0, 0
vb0[342]+072 COLOR: 1.0, 0.5019607843137255, 0.5019607843137255, 0.0
vb0[342]+076 TEXCOORD: 0.46236324310302734, 0.34131455421447754

vb0[343]+000 POSITION: 0.010438472032546997, 2.5518083572387695, 0.12398391216993332
vb0[343]+012 NORMAL: -0.13931480050086975, -0.9273951053619385, -0.3471737504005432
vb0[343]+024 TANGENT: -0.1330345869064331, -0.9286148548126221, -0.3463759422302246, -1.0
vb0[343]+040 BLENDWEIGHTS: 1.0, 0.0, 0.0, 0.0
vb0[343]+056 BLENDINDICES: 0, 0, 0, 0
vb0[343]+072 COLOR: 1.0, 0.5019607843137255, 0.5019607843137255, 0.0
vb0[343]+076 TEXCOORD: 0.47505414485931396, 0.3352382183074951

vb0[344]+000 POSITION: 0.015122137032449245, 2.551788806915283, 0.12163423001766205
vb0[344]+012 NORMAL: -0.2483401596546173, -0.8392297029495239, -0.48375675082206726
vb0[344]+024 TANGENT: -0.21548666059970856, -0.89121013879776, -0.3991366922855377, -1.0
vb0[344]+040 BLENDWEIGHTS: 1.0, 0.0, 0.0, 0.0
vb0[344]+056 BLENDINDICES: 0, 0, 0, 0
vb0[344]+072 COLOR: 1.0, 0.5019607843137255, 0.5019607843137255, 0.0
vb0[344]+076 TEXCOORD: 0.46332627534866333, 0.3352382183074951

vb0[345]+000 POSITION: 0.019388850778341293, 2.55230712890625, 0.12097686529159546
vb0[345]+012 NORMAL: 0.17602480947971344, -0.919658899307251, 0.3510593771934509
vb0[345]+024 TANGENT: 0.1744951605796814, -0.9144605398178101, 0.36512112617492676, -1.0
vb0[345]+040 BLENDWEIGHTS: 1.0, 0.0, 0.0, 0.0
vb0[345]+056 BLENDINDICES: 0, 0, 0, 0
vb0[345]+072 COLOR: 1.0, 0.5019607843137255, 0.5019607843137255, 0.0
vb0[345]+076 TEXCOORD: 0.4524022936820984, 0.33917874097824097

vb0[346]+000 POSITION: 0.020858749747276306, 2.55208420753479, 0.1195235624909401
vb0[346]+012 NORMAL: 0.10005553066730499, -0.9569393396377563, 0.2724994421005249
vb0[346]+024 TANGENT: 0.08552122116088867, -0.9430536031723022, 0.3214591443538666, -1.0
vb0[346]+040 BLENDWEIGHTS: 1.0, 0.0, 0.0, 0.0
vb0[346]+056 BLENDINDICES: 0, 0, 0, 0
vb0[346]+072 COLOR: 1.0, 0.5019607843137255, 0.5019607843137255, 0.0
vb0[346]+076 TEXCOORD: 0.4482996463775635, 0.3373925983905792

vb0[347]+000 POSITION: 0.01869763247668743, 2.551774024963379, 0.1195433959364891
vb0[347]+012 NORMAL: -0.3398163616657257, -0.7316270470619202, -0.5909709930419922
vb0[347]+024 TANGENT: -0.275962233543396, -0.8574244976043701, -0.4343593716621399, -1.0
vb0[347]+040 BLENDWEIGHTS: 1.0, 0.0, 0.0, 0.0
vb0[347]+056 BLENDINDICES: 0, 0, 0, 0
vb0[347]+072 COLOR: 1.0, 0.5019607843137255, 0.5019607843137255, 0.0
vb0[347]+076 TEXCOORD: 0.4528811573982239, 0.3352382183074951

vb0[348]+000 POSITION: 0.02006654255092144, 2.5517852306365967, 0.11872094124555588
vb0[348]+012 NORMAL: -0.4107268750667572, -0.6271865963935852, -0.6617706418037415
vb0[348]+024 TANGENT: -0.33308446407318115, -0.8384042978286743, -0.43143129348754883, -1.0
vb0[348]+040 BLENDWEIGHTS: 1.0, 0.0, 0.0, 0.0
vb0[348]+056 BLENDINDICES: 0, 0, 0, 0
vb0[348]+072 COLOR: 1.0, 0.5019607843137255, 0.5019607843137255, 0.0
vb0[348]+076 TEXCOORD: 0.4496367573738098, 0.3352382183074951

vb0[349]+000 POSITION: 0.020632784813642502, 2.5517852306365967, 0.11838222295045853
vb0[349]+012 NORMAL: -0.468406617641449, -0.6062372922897339, -0.642706573009491
vb0[349]+024 TANGENT: -0.4929794371128082, -0.789199948310852, -0.36624422669410706, -1.0
vb0[349]+040 BLENDWEIGHTS: 1.0, 0.0, 0.0, 0.0
vb0[349]+056 BLENDINDICES: 0, 0, 0, 0
vb0[349]+072 COLOR: 1.0, 0.5019607843137255, 0.5019607843137255, 0.0
vb0[349]+076 TEXCOORD: 0.4483821988105774, 0.3352382183074951

vb0[350]+000 POSITION: 0.020785033702850342, 2.551788091659546, 0.11829929798841476
vb0[350]+012 NORMAL: -0.7223883271217346, 0.04158855229616165, -0.6902357935905457
vb0[350]+024 TANGENT: -0.9786580801010132, -0.17924098670482635, -0.10050392150878906, -1.0
vb0[350]+040 BLENDWEIGHTS: 1.0, 0.0, 0.0, 0.0
vb0[350]+056 BLENDINDICES: 0, 0, 0, 0
vb0[350]+072 COLOR: 1.0, 0.5019607843137255, 0.5019607843137255, 0.0
vb0[350]+076 TEXCOORD: 0.44807398319244385, 0.335237979888916

vb0[351]+000 POSITION: 0.02064391039311886, 2.5517892837524414, 0.1183118149638176
vb0[351]+012 NORMAL: -0.4124602973461151, 0.6848527789115906, -0.6007106304168701
vb0[351]+024 TANGENT: -0.5572051405906677, 0.8301905393600464, 0.01749241352081299, -1.0
vb0[351]+040 BLENDWEIGHTS: 1.0, 0.0, 0.0, 0.0
vb0[351]+056 BLENDINDICES: 0, 0, 0, 0
vb0[351]+072 COLOR: 1.0, 0.5019607843137255, 0.5019607843137255, 0.0
vb0[351]+076 TEXCOORD: 0.4483420252799988, 0.33523786067962646

vb0[352]+000 POSITION: 0.020010346546769142, 2.551802635192871, 0.1186949834227562
vb0[352]+012 NORMAL: -0.30514848232269287, 0.7084640860557556, -0.6363670229911804
vb0[352]+024 TANGENT: 0.0, 0.9944766163825989, 0.1049584224820137, -1.0
vb0[352]+040 BLENDWEIGHTS: 1.0, 0.0, 0.0, 0.0
vb0[352]+056 BLENDINDICES: 0, 0, 0, 0
vb0[352]+072 COLOR: 1.0, 0.5019607843137255, 0.5019607843137255, 0.0
vb0[352]+076 TEXCOORD: 0.4497220516204834, 0.33523786067962646

vb0[353]+000 POSITION: 0.018421955406665802, 2.5518970489501953, 0.11962766200304031
vb0[353]+012 NORMAL: -0.16993609070777893, 0.8969032764434814, -0.40827229619026184
vb0[353]+024 TANGENT: 0.14671123027801514, 0.98594069480896, 0.0799793004989624, -1.0
vb0[353]+040 BLENDWEIGHTS: 1.0, 0.0, 0.0, 0.0
vb0[353]+056 BLENDINDICES: 0, 0, 0, 0
vb0[353]+072 COLOR: 1.0, 0.5019607843137255, 0.5019607843137255, 0.0
vb0[353]+076 TEXCOORD: 0.4535062313079834, 0.33523786067962646

vb0[354]+000 POSITION: 0.018484393134713173, 2.5505728721618652, 0.11986186355352402
vb0[354]+012 NORMAL: 0.5208257436752319, 0.1886862814426422, 0.8325490951538086
vb0[354]+024 TANGENT: 0.5193816423416138, 0.18429192900657654, 0.834433376789093, -1.0
vb0[354]+040 BLENDWEIGHTS: 1.0, 0.0, 0.0, 0.0
vb0[354]+056 BLENDINDICES: 0, 0, 0, 0
vb0[354]+072 COLOR: 1.0, 0.5019607843137255, 0.5019607843137255, 0.0
vb0[354]+076 TEXCOORD: 0.4541267156600952, 0.3313521146774292

vb0[355]+000 POSITION: 0.015154656954109669, 2.5519375801086426, 0.1214815229177475
vb0[355]+012 NORMAL: -0.0623885840177536, 0.9651390910148621, -0.2541933059692383
vb0[355]+024 TANGENT: 0.1374189853668213, 0.9846954941749573, 0.10719490051269531, -1.0
vb0[355]+040 BLENDWEIGHTS: 1.0, 0.0, 0.0, 0.0
vb0[355]+056 BLENDINDICES: 0, 0, 0, 0
vb0[355]+072 COLOR: 1.0, 0.5019607843137255, 0.5019607843137255, 0.0
vb0[355]+076 TEXCOORD: 0.4633025527000427, 0.33523786067962646

vb0[356]+000 POSITION: -0.005835306365042925, 2.5472774505615234, 0.09471765905618668
vb0[356]+012 NORMAL: -4.652132702176459e-06, 0.8884863257408142, 0.45890313386917114
vb0[356]+024 TANGENT: 0.0, 0.6419676542282104, 0.7667317986488342, -1.0
vb0[356]+040 BLENDWEIGHTS: 1.0, 0.0, 0.0, 0.0
vb0[356]+056 BLENDINDICES: 0, 0, 0, 0
vb0[356]+072 COLOR: 1.0, 0.5019607843137255, 0.5019607843137255, 0.0
vb0[356]+076 TEXCOORD: 0.940277099609375, 0.05439549684524536

vb0[357]+000 POSITION: -2.7644553419045516e-16, 2.5472774505615234, 0.09471764415502548
vb0[357]+012 NORMAL: 0.0, 0.8865166306495667, 0.46269676089286804
vb0[357]+024 TANGENT: 0.0, 0.6419682502746582, 0.7667312622070312, -1.0
vb0[357]+040 BLENDWEIGHTS: 1.0, 0.0, 0.0, 0.0
vb0[357]+056 BLENDINDICES: 0, 0, 0, 0
vb0[357]+072 COLOR: 1.0, 0.5019607843137255, 0.5019607843137255, 0.0
vb0[357]+076 TEXCOORD: 0.9335986375808716, 0.05438203364610672

vb0[358]+000 POSITION: -0.005642791278660297, 2.5527865886688232, 0.094899483025074
vb0[358]+012 NORMAL: 2.5740150704223197e-06, -0.055743034929037094, 0.9984452128410339
vb0[358]+024 TANGENT: 0.0, -0.06547296047210693, 0.9978542923927307, -1.0
vb0[358]+040 BLENDWEIGHTS: 1.0, 0.0, 0.0, 0.0
vb0[358]+056 BLENDINDICES: 0, 0, 0, 0
vb0[358]+072 COLOR: 1.0, 0.5019607843137255, 0.5019607843137255, 0.0
vb0[358]+076 TEXCOORD: 0.9396530985832214, 0.06252208352088928

vb0[359]+000 POSITION: -2.7644553419045516e-16, 2.5527865886688232, 0.09489946812391281
vb0[359]+012 NORMAL: 0.0, -0.05537397414445877, 0.9984656572341919
vb0[359]+024 TANGENT: 0.0, -0.0654725432395935, 0.9978542923927307, -1.0
vb0[359]+040 BLENDWEIGHTS: 1.0, 0.0, 0.0, 0.0
vb0[359]+056 BLENDINDICES: 0, 0, 0, 0
vb0[359]+072 COLOR: 1.0, 0.5019607843137255, 0.5019607843137255, 0.0
vb0[359]+076 TEXCOORD: 0.9335986375808716, 0.062477000057697296

vb0[360]+000 POSITION: -2.7644553419045516e-16, 2.5556700229644775, 0.09518308192491531
vb0[360]+012 NORMAL: 0.0, -0.9592157006263733, 0.2826753556728363
vb0[360]+024 TANGENT: 0.0, -0.7019603252410889, 0.7122159600257874, -1.0
vb0[360]+040 BLENDWEIGHTS: 1.0, 0.0, 0.0, 0.0
vb0[360]+056 BLENDINDICES: 0, 0, 0, 0
vb0[360]+072 COLOR: 1.0, 0.5019607843137255, 0.5019607843137255, 0.0
vb0[360]+076 TEXCOORD: 0.9335986375808716, 0.07151646912097931

vb0[361]+000 POSITION: -0.00585600733757019, 2.5556700229644775, 0.09518308192491531
vb0[361]+012 NORMAL: 0.0, -0.9593045711517334, 0.28237348794937134
vb0[361]+024 TANGENT: 0.0, -0.7019608020782471, 0.7122155427932739, -1.0
vb0[361]+040 BLENDWEIGHTS: 1.0, 0.0, 0.0, 0.0
vb0[361]+056 BLENDINDICES: 0, 0, 0, 0
vb0[361]+072 COLOR: 1.0, 0.5019607843137255, 0.5019607843137255, 0.0
vb0[361]+076 TEXCOORD: 0.9402851462364197, 0.0713447853922844

vb0[362]+000 POSITION: -0.012011353857815266, 2.5472772121429443, 0.09471771121025085
vb0[362]+012 NORMAL: -8.63631248648744e-06, 0.8824440836906433, 0.4704172611236572
vb0[362]+024 TANGENT: 0.0, 0.6419798135757446, 0.7667214870452881, -1.0
vb0[362]+040 BLENDWEIGHTS: 1.0, 0.0, 0.0, 0.0
vb0[362]+056 BLENDINDICES: 0, 0, 0, 0
vb0[362]+072 COLOR: 1.0, 0.5019607843137255, 0.5019607843137255, 0.0
vb0[362]+076 TEXCOORD: 0.9482960104942322, 0.054669953882694244

vb0[363]+000 POSITION: -0.012353894300758839, 2.5527865886688232, 0.094899483025074
vb0[363]+012 NORMAL: 1.4315722864921554e-06, -0.05543674901127815, 0.9984622001647949
vb0[363]+024 TANGENT: 0.0, -0.06546889990568161, 0.9978545308113098, -1.0
vb0[363]+040 BLENDWEIGHTS: 1.0, 0.0, 0.0, 0.0
vb0[363]+056 BLENDINDICES: 0, 0, 0, 0
vb0[363]+072 COLOR: 1.0, 0.5019607843137255, 0.5019607843137255, 0.0
vb0[363]+076 TEXCOORD: 0.9469277858734131, 0.0628456175327301

vb0[364]+000 POSITION: -0.01715431734919548, 2.5472772121429443, 0.09471779316663742
vb0[364]+012 NORMAL: -6.249523266887991e-06, 0.8842619061470032, 0.46699121594429016
vb0[364]+024 TANGENT: 0.0, 0.6419764161109924, 0.7667244672775269, -1.0
vb0[364]+040 BLENDWEIGHTS: 1.0, 0.0, 0.0, 0.0
vb0[364]+056 BLENDINDICES: 0, 0, 0, 0
vb0[364]+072 COLOR: 1.0, 0.5019607843137255, 0.5019607843137255, 0.0
vb0[364]+076 TEXCOORD: 0.954882800579071, 0.05535934865474701

vb0[365]+000 POSITION: -0.01756906509399414, 2.5527865886688232, 0.09489946812391281
vb0[365]+012 NORMAL: -2.79206091136075e-07, -0.05581332743167877, 0.9984412789344788
vb0[365]+024 TANGENT: 0.0, -0.06546192616224289, 0.997855007648468, -1.0
vb0[365]+040 BLENDWEIGHTS: 1.0, 0.0, 0.0, 0.0
vb0[365]+056 BLENDINDICES: 0, 0, 0, 0
vb0[365]+072 COLOR: 1.0, 0.5019607843137255, 0.5019607843137255, 0.0
vb0[365]+076 TEXCOORD: 0.9525831341743469, 0.06276191025972366

vb0[366]+000 POSITION: -0.012471107766032219, 2.5556700229644775, 0.09518308192491531
vb0[366]+012 NORMAL: 0.0, -0.9594674706459045, 0.2818191945552826
vb0[366]+024 TANGENT: 0.0, -0.7019615173339844, 0.7122148871421814, -1.0
vb0[366]+040 BLENDWEIGHTS: 1.0, 0.0, 0.0, 0.0
vb0[366]+056 BLENDINDICES: 0, 0, 0, 0
vb0[366]+072 COLOR: 1.0, 0.5019607843137255, 0.5019607843137255, 0.0
vb0[366]+076 TEXCOORD: 0.948083758354187, 0.07061908394098282

vb0[367]+000 POSITION: -0.017938442528247833, 2.5556700229644775, 0.09518309682607651
vb0[367]+012 NORMAL: -2.0866242778083688e-07, -0.9578937292098999, 0.2871229350566864
vb0[367]+024 TANGENT: 0.0, -0.7019610404968262, 0.7122153043746948, -1.0
vb0[367]+040 BLENDWEIGHTS: 1.0, 0.0, 0.0, 0.0
vb0[367]+056 BLENDINDICES: 0, 0, 0, 0
vb0[367]+072 COLOR: 1.0, 0.5019607843137255, 0.5019607843137255, 0.0
vb0[367]+076 TEXCOORD: 0.9545111060142517, 0.06996726989746094

vb0[368]+000 POSITION: -0.022328423336148262, 2.5527870655059814, 0.09489946812391281
vb0[368]+012 NORMAL: -1.141738039223128e-06, -0.054911497980356216, 0.9984912872314453
vb0[368]+024 TANGENT: 0.0, -0.06546032428741455, 0.9978551268577576, -1.0
vb0[368]+040 BLENDWEIGHTS: 1.0, 0.0, 0.0, 0.0
vb0[368]+056 BLENDINDICES: 0, 0, 0, 0
vb0[368]+072 COLOR: 1.0, 0.5019607843137255, 0.5019607843137255, 0.0
vb0[368]+076 TEXCOORD: 0.957915723323822, 0.06267863512039185

vb0[369]+000 POSITION: -0.02244279719889164, 2.5556700229644775, 0.09518309682607651
vb0[369]+012 NORMAL: -4.956139673595317e-05, -0.9588345885276794, 0.283965140581131
vb0[369]+024 TANGENT: 0.0, -0.7019205689430237, 0.7122552990913391, -1.0
vb0[369]+040 BLENDWEIGHTS: 1.0, 0.0, 0.0, 0.0
vb0[369]+056 BLENDINDICES: 0, 0, 0, 0
vb0[369]+072 COLOR: 1.0, 0.5019607843137255, 0.5019607843137255, 0.0
vb0[369]+076 TEXCOORD: 0.9603897333145142, 0.06951247900724411

vb0[370]+000 POSITION: -0.021772615611553192, 2.5472772121429443, 0.094717837870121
vb0[370]+012 NORMAL: -4.135278140893206e-05, 0.884387195110321, 0.4667540192604065
vb0[370]+024 TANGENT: 0.0, 0.6419937610626221, 0.7667098045349121, -1.0
vb0[370]+040 BLENDWEIGHTS: 1.0, 0.0, 0.0, 0.0
vb0[370]+056 BLENDINDICES: 0, 0, 0, 0
vb0[370]+072 COLOR: 1.0, 0.5019607843137255, 0.5019607843137255, 0.0
vb0[370]+076 TEXCOORD: 0.9605488777160645, 0.05500148981809616

vb0[371]+000 POSITION: -0.025984928011894226, 2.5472769737243652, 0.0947178453207016
vb0[371]+012 NORMAL: 0.6027712821960449, 0.7341001629829407, 0.3126720190048218
vb0[371]+024 TANGENT: 0.5973571538925171, 0.5453630685806274, 0.5879995822906494, -1.0
vb0[371]+040 BLENDWEIGHTS: 1.0, 0.0, 0.0, 0.0
vb0[371]+056 BLENDINDICES: 0, 0, 0, 0
vb0[371]+072 COLOR: 1.0, 0.5019607843137255, 0.5019607843137255, 0.0
vb0[371]+076 TEXCOORD: 0.9642475247383118, 0.053950294852256775

vb0[372]+000 POSITION: -0.02661670371890068, 2.5527865886688232, 0.09489946812391281
vb0[372]+012 NORMAL: 0.9397392868995667, 0.03178459778428078, 0.3404112756252289
vb0[372]+024 TANGENT: 0.7640132904052734, -0.012943803332746029, 0.645070493221283, -1.0
vb0[372]+040 BLENDWEIGHTS: 1.0, 0.0, 0.0, 0.0
vb0[372]+056 BLENDINDICES: 0, 0, 0, 0
vb0[372]+072 COLOR: 1.0, 0.5019607843137255, 0.5019607843137255, 0.0
vb0[372]+076 TEXCOORD: 0.9636126160621643, 0.06256204843521118

vb0[373]+000 POSITION: -0.024981463328003883, 2.5484793186187744, 0.10363616049289703
vb0[373]+012 NORMAL: 0.9724896550178528, 0.174591526389122, -0.15421298146247864
vb0[373]+024 TANGENT: 0.9732498526573181, 0.1603456735610962, -0.1645417958498001, -1.0
vb0[373]+040 BLENDWEIGHTS: 1.0, 0.0, 0.0, 0.0
vb0[373]+056 BLENDINDICES: 0, 0, 0, 0
vb0[373]+072 COLOR: 1.0, 0.5019607843137255, 0.5019607843137255, 0.0
vb0[373]+076 TEXCOORD: 0.9664251804351807, 0.05293593555688858

vb0[374]+000 POSITION: -0.025267984718084335, 2.552577257156372, 0.10399860888719559
vb0[374]+012 NORMAL: 0.9825006127357483, 0.05466898903250694, -0.178055539727211
vb0[374]+024 TANGENT: 0.9832460880279541, 0.03633129969239235, -0.17862623929977417, -1.0
vb0[374]+040 BLENDWEIGHTS: 1.0, 0.0, 0.0, 0.0
vb0[374]+056 BLENDINDICES: 0, 0, 0, 0
vb0[374]+072 COLOR: 1.0, 0.5019607843137255, 0.5019607843137255, 0.0
vb0[374]+076 TEXCOORD: 0.9681955575942993, 0.05376431345939636

vb0[375]+000 POSITION: -0.026431385427713394, 2.5556700229644775, 0.09518309682607651
vb0[375]+012 NORMAL: 0.4239570200443268, -0.8767902851104736, 0.22693410515785217
vb0[375]+024 TANGENT: 0.6240714192390442, -0.565497636795044, 0.5392100214958191, -1.0
vb0[375]+040 BLENDWEIGHTS: 1.0, 0.0, 0.0, 0.0
vb0[375]+056 BLENDINDICES: 0, 0, 0, 0
vb0[375]+072 COLOR: 1.0, 0.5019607843137255, 0.5019607843137255, 0.0
vb0[375]+076 TEXCOORD: 0.9645398259162903, 0.07138236612081528

vb0[376]+000 POSITION: -0.025410950183868408, 2.555069923400879, 0.10362918674945831
vb0[376]+012 NORMAL: 0.9621617197990417, -0.21676158905029297, -0.1651040017604828
vb0[376]+024 TANGENT: 0.9677428603172302, -0.1818535327911377, -0.1743648648262024, -1.0
vb0[376]+040 BLENDWEIGHTS: 1.0, 0.0, 0.0, 0.0
vb0[376]+056 BLENDINDICES: 0, 0, 0, 0
vb0[376]+072 COLOR: 1.0, 0.5019607843137255, 0.5019607843137255, 0.0
vb0[376]+076 TEXCOORD: 0.9667447805404663, 0.07192299515008926

vb0[377]+000 POSITION: -0.025267984718084335, 2.552577257156372, 0.10399860888719559
vb0[377]+012 NORMAL: 0.9825006127357483, 0.05466898903250694, -0.178055539727211
vb0[377]+024 TANGENT: 0.9832460880279541, 0.03633129969239235, -0.17862623929977417, -1.0
vb0[377]+040 BLENDWEIGHTS: 1.0, 0.0, 0.0, 0.0
vb0[377]+056 BLENDINDICES: 0, 0, 0, 0
vb0[377]+072 COLOR: 1.0, 0.5019607843137255, 0.5019607843137255, 0.0
vb0[377]+076 TEXCOORD: 0.9683883786201477, 0.07133295387029648

vb0[378]+000 POSITION: -0.016516655683517456, 2.55741810798645, 0.11064892262220383
vb0[378]+012 NORMAL: -1.3580051927419845e-06, -0.9929764866828918, 0.11831142753362656
vb0[378]+024 TANGENT: 0.0, -0.9924108982086182, 0.12296617776155472, -1.0
vb0[378]+040 BLENDWEIGHTS: 1.0, 0.0, 0.0, 0.0
vb0[378]+056 BLENDINDICES: 0, 0, 0, 0
vb0[378]+072 COLOR: 1.0, 0.5019607843137255, 0.5019607843137255, 0.0
vb0[378]+076 TEXCOORD: 0.9574665427207947, 0.08168870955705643

vb0[379]+000 POSITION: -0.011866835877299309, 2.55741810798645, 0.11064891517162323
vb0[379]+012 NORMAL: -4.5534508785749495e-07, -0.992902934551239, 0.11892763525247574
vb0[379]+024 TANGENT: 0.0, -0.9924101829528809, 0.12297189235687256, -1.0
vb0[379]+040 BLENDWEIGHTS: 1.0, 0.0, 0.0, 0.0
vb0[379]+056 BLENDINDICES: 0, 0, 0, 0
vb0[379]+072 COLOR: 1.0, 0.5019607843137255, 0.5019607843137255, 0.0
vb0[379]+076 TEXCOORD: 0.9504324793815613, 0.08341272920370102

vb0[380]+000 POSITION: -0.015723329037427902, 2.558302640914917, 0.1172102615237236
vb0[380]+012 NORMAL: 0.09653481841087341, -0.956890344619751, -0.2739376723766327
vb0[380]+024 TANGENT: 0.15370148420333862, -0.9312563538551331, -0.3303595185279846, -1.0
vb0[380]+040 BLENDWEIGHTS: 1.0, 0.0, 0.0, 0.0
vb0[380]+056 BLENDINDICES: 0, 0, 0, 0
vb0[380]+072 COLOR: 1.0, 0.5019607843137255, 0.5019607843137255, 0.0
vb0[380]+076 TEXCOORD: 0.9588979482650757, 0.09211786836385727

vb0[381]+000 POSITION: -0.01147459913045168, 2.558403491973877, 0.1179601326584816
vb0[381]+012 NORMAL: 0.07160800695419312, -0.9738150238990784, -0.21576999127864838
vb0[381]+024 TANGENT: 0.10417348891496658, -0.9565431475639343, -0.2723475992679596, -1.0
vb0[381]+040 BLENDWEIGHTS: 1.0, 0.0, 0.0, 0.0
vb0[381]+056 BLENDINDICES: 0, 0, 0, 0
vb0[381]+072 COLOR: 1.0, 0.5019607843137255, 0.5019607843137255, 0.0
vb0[381]+076 TEXCOORD: 0.9520978927612305, 0.09531497955322266

vb0[382]+000 POSITION: -0.015589970164000988, 2.5544302463531494, 0.12080557644367218
vb0[382]+012 NORMAL: 0.3690855801105499, -0.538639485836029, -0.7573924660682678
vb0[382]+024 TANGENT: 0.3731183409690857, -0.4416808485984802, -0.8159048557281494, -1.0
vb0[382]+040 BLENDWEIGHTS: 1.0, 0.0, 0.0, 0.0
vb0[382]+056 BLENDINDICES: 0, 0, 0, 0
vb0[382]+072 COLOR: 1.0, 0.5019607843137255, 0.5019607843137255, 0.0
vb0[382]+076 TEXCOORD: 0.9613575339317322, 0.09932026267051697

vb0[383]+000 POSITION: -0.010939355939626694, 2.554736852645874, 0.12281335890293121
vb0[383]+012 NORMAL: 0.25019681453704834, -0.6583448648452759, -0.7099180221557617
vb0[383]+024 TANGENT: 0.27935487031936646, -0.5550537705421448, -0.7835025191307068, -1.0
vb0[383]+040 BLENDWEIGHTS: 1.0, 0.0, 0.0, 0.0
vb0[383]+056 BLENDINDICES: 0, 0, 0, 0
vb0[383]+072 COLOR: 1.0, 0.5019607843137255, 0.5019607843137255, 0.0
vb0[383]+076 TEXCOORD: 0.9535138607025146, 0.10476861894130707

vb0[384]+000 POSITION: -0.015122137032449245, 2.551788806915283, 0.12163423001766205
vb0[384]+012 NORMAL: 0.2483411431312561, -0.8392288684844971, -0.4837576746940613
vb0[384]+024 TANGENT: 0.21548031270503998, -0.8912058472633362, -0.3991493880748749, -1.0
vb0[384]+040 BLENDWEIGHTS: 1.0, 0.0, 0.0, 0.0
vb0[384]+056 BLENDINDICES: 0, 0, 0, 0
vb0[384]+072 COLOR: 1.0, 0.5019607843137255, 0.5019607843137255, 0.0
vb0[384]+076 TEXCOORD: 0.9616073369979858, 0.10351081192493439

vb0[385]+000 POSITION: -0.010438472032546997, 2.5518083572387695, 0.12398391216993332
vb0[385]+012 NORMAL: 0.13931311666965485, -0.9273982048034668, -0.34716615080833435
vb0[385]+024 TANGENT: 0.13302971422672272, -0.928609311580658, -0.34639278054237366, -1.0
vb0[385]+040 BLENDWEIGHTS: 1.0, 0.0, 0.0, 0.0
vb0[385]+056 BLENDINDICES: 0, 0, 0, 0
vb0[385]+072 COLOR: 1.0, 0.5019607843137255, 0.5019607843137255, 0.0
vb0[385]+076 TEXCOORD: 0.9531853199005127, 0.10955298691987991

vb0[386]+000 POSITION: -0.005145897623151541, 2.554736852645874, 0.12457268685102463
vb0[386]+012 NORMAL: 0.13507112860679626, -0.7149245738983154, -0.6860311031341553
vb0[386]+024 TANGENT: 0.14723587036132812, -0.6226675510406494, -0.7685093879699707, -1.0
vb0[386]+040 BLENDWEIGHTS: 1.0, 0.0, 0.0, 0.0
vb0[386]+056 BLENDINDICES: 0, 0, 0, 0
vb0[386]+072 COLOR: 1.0, 0.5019607843137255, 0.5019607843137255, 0.0
vb0[386]+076 TEXCOORD: 0.9430544376373291, 0.10901693254709244

vb0[387]+000 POSITION: -0.005113709252327681, 2.55186128616333, 0.1257575899362564
vb0[387]+012 NORMAL: 0.042510971426963806, -0.9716342091560364, -0.23263655602931976
vb0[387]+024 TANGENT: 0.05107593908905983, -0.9443085193634033, -0.3250733017921448, -1.0
vb0[387]+040 BLENDWEIGHTS: 1.0, 0.0, 0.0, 0.0
vb0[387]+056 BLENDINDICES: 0, 0, 0, 0
vb0[387]+072 COLOR: 1.0, 0.5019607843137255, 0.5019607843137255, 0.0
vb0[387]+076 TEXCOORD: 0.9431747794151306, 0.11383190006017685

vb0[388]+000 POSITION: -0.005008573643863201, 2.55741810798645, 0.11064891517162323
vb0[388]+012 NORMAL: -2.651317458912672e-07, -0.9928574562072754, 0.11930662393569946
vb0[388]+024 TANGENT: 0.0, -0.9924116730690002, 0.12295972555875778, -1.0
vb0[388]+040 BLENDWEIGHTS: 1.0, 0.0, 0.0, 0.0
vb0[388]+056 BLENDINDICES: 0, 0, 0, 0
vb0[388]+072 COLOR: 1.0, 0.5019607843137255, 0.5019607843137255, 0.0
vb0[388]+076 TEXCOORD: 0.9409859776496887, 0.08422942459583282

vb0[389]+000 POSITION: -0.005162534769624472, 2.5585036277770996, 0.11870183795690536
vb0[389]+012 NORMAL: 0.040792327374219894, -0.9801214933395386, -0.1941593736410141
vb0[389]+024 TANGENT: 0.04559362307190895, -0.9717256426811218, -0.23166924715042114, -1.0
vb0[389]+040 BLENDWEIGHTS: 1.0, 0.0, 0.0, 0.0
vb0[389]+056 BLENDINDICES: 0, 0, 0, 0
vb0[389]+072 COLOR: 1.0, 0.5019607843137255, 0.5019607843137255, 0.0
vb0[389]+076 TEXCOORD: 0.9420082569122314, 0.0985860675573349

vb0[390]+000 POSITION: -2.7644553419045516e-16, 2.55741810798645, 0.11064891517162323
vb0[390]+012 NORMAL: 0.0, -0.9928082227706909, 0.11971551924943924
vb0[390]+024 TANGENT: 0.0, -0.9924125075340271, 0.12295281141996384, -1.0
vb0[390]+040 BLENDWEIGHTS: 1.0, 0.0, 0.0, 0.0
vb0[390]+056 BLENDINDICES: 0, 0, 0, 0
vb0[390]+072 COLOR: 1.0, 0.5019607843137255, 0.5019607843137255, 0.0
vb0[390]+076 TEXCOORD: 0.9335986375808716, 0.08429237455129623

vb0[391]+000 POSITION: -2.7644553419045516e-16, 2.5585412979125977, 0.11898034065961838
vb0[391]+012 NORMAL: 0.0, -0.980989933013916, -0.1940588504076004
vb0[391]+024 TANGENT: 0.0, -0.9741607308387756, -0.22585584223270416, -1.0
vb0[391]+040 BLENDWEIGHTS: 1.0, 0.0, 0.0, 0.0
vb0[391]+056 BLENDINDICES: 0, 0, 0, 0
vb0[391]+072 COLOR: 1.0, 0.5019607843137255, 0.5019607843137255, 0.0
vb0[391]+076 TEXCOORD: 0.9335986375808716, 0.10003434866666794

vb0[392]+000 POSITION: -2.7644553419045516e-16, 2.554736852645874, 0.12498937547206879
vb0[392]+012 NORMAL: -2.60515690797547e-07, -0.7377439737319946, -0.6750805377960205
vb0[392]+024 TANGENT: 0.0, -0.6522094011306763, -0.7580388784408569, -1.0
vb0[392]+040 BLENDWEIGHTS: 1.0, 0.0, 0.0, 0.0
vb0[392]+056 BLENDINDICES: 0, 0, 0, 0
vb0[392]+072 COLOR: 1.0, 0.5019607843137255, 0.5019607843137255, 0.0
vb0[392]+076 TEXCOORD: 0.9335986375808716, 0.1108773797750473

vb0[393]+000 POSITION: -2.7644553419045516e-16, 2.551905393600464, 0.12646816670894623
vb0[393]+012 NORMAL: 0.0, -0.9838855266571045, -0.17879940569400787
vb0[393]+024 TANGENT: 0.0, -0.9511271119117737, -0.30879977345466614, -1.0
vb0[393]+040 BLENDWEIGHTS: 1.0, 0.0, 0.0, 0.0
vb0[393]+056 BLENDINDICES: 0, 0, 0, 0
vb0[393]+072 COLOR: 1.0, 0.5019607843137255, 0.5019607843137255, 0.0
vb0[393]+076 TEXCOORD: 0.9335986375808716, 0.11606965959072113

vb0[394]+000 POSITION: -0.01869763247668743, 2.551774024963379, 0.1195433959364891
vb0[394]+012 NORMAL: 0.33981752395629883, -0.7316249012947083, -0.5909729599952698
vb0[394]+024 TANGENT: 0.27595287561416626, -0.8574236631393433, -0.43436697125434875, -1.0
vb0[394]+040 BLENDWEIGHTS: 1.0, 0.0, 0.0, 0.0
vb0[394]+056 BLENDINDICES: 0, 0, 0, 0
vb0[394]+072 COLOR: 1.0, 0.5019607843137255, 0.5019607843137255, 0.0
vb0[394]+076 TEXCOORD: 0.9673956036567688, 0.09753844141960144

vb0[395]+000 POSITION: -0.018776943907141685, 2.554032325744629, 0.11915288865566254
vb0[395]+012 NORMAL: 0.44627463817596436, -0.4231976270675659, -0.7885066270828247
vb0[395]+024 TANGENT: 0.4052475392818451, -0.32687458395957947, -0.8537724614143372, -1.0
vb0[395]+040 BLENDWEIGHTS: 1.0, 0.0, 0.0, 0.0
vb0[395]+056 BLENDINDICES: 0, 0, 0, 0
vb0[395]+072 COLOR: 1.0, 0.5019607843137255, 0.5019607843137255, 0.0
vb0[395]+076 TEXCOORD: 0.9658952355384827, 0.09530859440565109

vb0[396]+000 POSITION: -0.018780453130602837, 2.5582423210144043, 0.11676212400197983
vb0[396]+012 NORMAL: 0.0820029005408287, -0.9258079528808594, -0.36899200081825256
vb0[396]+024 TANGENT: 0.17821811139583588, -0.8900495171546936, -0.41958335041999817, -1.0
vb0[396]+040 BLENDWEIGHTS: 1.0, 0.0, 0.0, 0.0
vb0[396]+056 BLENDINDICES: 0, 0, 0, 0
vb0[396]+072 COLOR: 1.0, 0.5019607843137255, 0.5019607843137255, 0.0
vb0[396]+076 TEXCOORD: 0.9639523029327393, 0.08975635468959808

vb0[397]+000 POSITION: -0.019925270229578018, 2.55741810798645, 0.11064892262220383
vb0[397]+012 NORMAL: -0.00032399583142250776, -0.9930201172828674, 0.11794420331716537
vb0[397]+024 TANGENT: 0.0, -0.9924250841140747, 0.12285088002681732, -1.0
vb0[397]+040 BLENDWEIGHTS: 1.0, 0.0, 0.0, 0.0
vb0[397]+056 BLENDINDICES: 0, 0, 0, 0
vb0[397]+072 COLOR: 1.0, 0.5019607843137255, 0.5019607843137255, 0.0
vb0[397]+076 TEXCOORD: 0.9628501534461975, 0.08032087236642838

vb0[398]+000 POSITION: -0.021822568029165268, 2.558192491531372, 0.11639239639043808
vb0[398]+012 NORMAL: 0.42961758375167847, -0.8133520483970642, -0.392284631729126
vb0[398]+024 TANGENT: 0.5513839721679688, -0.7076963186264038, -0.44174838066101074, -1.0
vb0[398]+040 BLENDWEIGHTS: 1.0, 0.0, 0.0, 0.0
vb0[398]+056 BLENDINDICES: 0, 0, 0, 0
vb0[398]+072 COLOR: 1.0, 0.5019607843137255, 0.5019607843137255, 0.0
vb0[398]+076 TEXCOORD: 0.967609703540802, 0.0879463255405426

vb0[399]+000 POSITION: -0.023176362738013268, 2.5574395656585693, 0.11080826818943024
vb0[399]+012 NORMAL: 0.28502726554870605, -0.9577344059944153, 0.03878392279148102
vb0[399]+024 TANGENT: 0.606894314289093, -0.7929911613464355, -0.053330596536397934, -1.0
vb0[399]+040 BLENDWEIGHTS: 1.0, 0.0, 0.0, 0.0
vb0[399]+056 BLENDINDICES: 0, 0, 0, 0
vb0[399]+072 COLOR: 1.0, 0.5019607843137255, 0.5019607843137255, 0.0
vb0[399]+076 TEXCOORD: 0.9671737551689148, 0.0799182653427124

vb0[400]+000 POSITION: -0.020198380574584007, 2.553571939468384, 0.11828014254570007
vb0[400]+012 NORMAL: 0.501533031463623, -0.2842620313167572, -0.8171045184135437
vb0[400]+024 TANGENT: 0.5235980749130249, -0.205935999751091, -0.8267014026641846, -1.0
vb0[400]+040 BLENDWEIGHTS: 1.0, 0.0, 0.0, 0.0
vb0[400]+056 BLENDINDICES: 0, 0, 0, 0
vb0[400]+072 COLOR: 1.0, 0.5019607843137255, 0.5019607843137255, 0.0
vb0[400]+076 TEXCOORD: 0.9686552286148071, 0.09270621091127396

vb0[401]+000 POSITION: -0.02006654255092144, 2.5517852306365967, 0.11872094124555588
vb0[401]+012 NORMAL: 0.41072380542755127, -0.6271926164627075, -0.6617669463157654
vb0[401]+024 TANGENT: 0.33308374881744385, -0.8384043574333191, -0.4314315617084503, -1.0
vb0[401]+040 BLENDWEIGHTS: 1.0, 0.0, 0.0, 0.0
vb0[401]+056 BLENDINDICES: 0, 0, 0, 0
vb0[401]+072 COLOR: 1.0, 0.5019607843137255, 0.5019607843137255, 0.0
vb0[401]+076 TEXCOORD: 0.9693273901939392, 0.09511958807706833

vb0[402]+000 POSITION: -0.020632784813642502, 2.5517852306365967, 0.11838222295045853
vb0[402]+012 NORMAL: 0.4684055745601654, -0.6062396764755249, -0.642704963684082
vb0[402]+024 TANGENT: 0.49299290776252747, -0.7892007231712341, -0.3662242293357849, -1.0
vb0[402]+040 BLENDWEIGHTS: 1.0, 0.0, 0.0, 0.0
vb0[402]+056 BLENDINDICES: 0, 0, 0, 0
vb0[402]+072 COLOR: 1.0, 0.5019607843137255, 0.5019607843137255, 0.0
vb0[402]+076 TEXCOORD: 0.970055341720581, 0.09419132769107819

vb0[403]+000 POSITION: -0.02115531638264656, 2.5531818866729736, 0.11771571636199951
vb0[403]+012 NORMAL: 0.7287328839302063, -0.17392593622207642, -0.66234290599823
vb0[403]+024 TANGENT: 0.7224009037017822, -0.11483495682477951, -0.6818723678588867, -1.0
vb0[403]+040 BLENDWEIGHTS: 1.0, 0.0, 0.0, 0.0
vb0[403]+056 BLENDINDICES: 0, 0, 0, 0
vb0[403]+072 COLOR: 1.0, 0.5019607843137255, 0.5019607843137255, 0.0
vb0[403]+076 TEXCOORD: 0.9697176218032837, 0.09215396642684937

vb0[404]+000 POSITION: -0.022288169711828232, 2.555837392807007, 0.11569219082593918
vb0[404]+012 NORMAL: 0.9260896444320679, -0.08429618924856186, -0.36776652932167053
vb0[404]+024 TANGENT: 0.896899938583374, -0.11019176989793777, -0.4282853901386261, -1.0
vb0[404]+040 BLENDWEIGHTS: 1.0, 0.0, 0.0, 0.0
vb0[404]+056 BLENDINDICES: 0, 0, 0, 0
vb0[404]+072 COLOR: 1.0, 0.5019607843137255, 0.5019607843137255, 0.0
vb0[404]+076 TEXCOORD: 0.9696182608604431, 0.08776195347309113

vb0[405]+000 POSITION: -0.02364012598991394, 2.5556554794311523, 0.11071441322565079
vb0[405]+012 NORMAL: 0.9660924673080444, -0.11623111367225647, -0.23055516183376312
vb0[405]+024 TANGENT: 0.962296187877655, -0.16387343406677246, -0.21709823608398438, -1.0
vb0[405]+040 BLENDWEIGHTS: 1.0, 0.0, 0.0, 0.0
vb0[405]+056 BLENDINDICES: 0, 0, 0, 0
vb0[405]+072 COLOR: 1.0, 0.5019607843137255, 0.5019607843137255, 0.0
vb0[405]+076 TEXCOORD: 0.9693527221679688, 0.07950317114591599

vb0[406]+000 POSITION: -0.020785033702850342, 2.551788091659546, 0.11829929798841476
vb0[406]+012 NORMAL: 0.7224148511886597, 0.04164348542690277, -0.6902047991752625
vb0[406]+024 TANGENT: 0.9786616563796997, -0.17923599481582642, -0.10047828406095505, -1.0
vb0[406]+040 BLENDWEIGHTS: 1.0, 0.0, 0.0, 0.0
vb0[406]+056 BLENDINDICES: 0, 0, 0, 0
vb0[406]+072 COLOR: 1.0, 0.5019607843137255, 0.5019607843137255, 0.0
vb0[406]+076 TEXCOORD: 0.9702619314193726, 0.09395940601825714

vb0[407]+000 POSITION: -0.021703386679291725, 2.5519144535064697, 0.11729684472084045
vb0[407]+012 NORMAL: 0.8240817189216614, 0.03257732838392258, -0.565533459186554
vb0[407]+024 TANGENT: 0.7876406908035278, 0.04931784048676491, -0.6141579151153564, -1.0
vb0[407]+040 BLENDWEIGHTS: 1.0, 0.0, 0.0, 0.0
vb0[407]+056 BLENDINDICES: 0, 0, 0, 0
vb0[407]+072 COLOR: 1.0, 0.5019607843137255, 0.5019607843137255, 0.0
vb0[407]+076 TEXCOORD: 0.9703054428100586, 0.09235700219869614

vb0[408]+000 POSITION: -0.02263523079454899, 2.551988124847412, 0.11575291305780411
vb0[408]+012 NORMAL: 0.9456911683082581, 0.018803514540195465, -0.3245221972465515
vb0[408]+024 TANGENT: 0.9138335585594177, 0.026419643312692642, -0.40522879362106323, -1.0
vb0[408]+040 BLENDWEIGHTS: 1.0, 0.0, 0.0, 0.0
vb0[408]+056 BLENDINDICES: 0, 0, 0, 0
vb0[408]+072 COLOR: 1.0, 0.5019607843137255, 0.5019607843137255, 0.0
vb0[408]+076 TEXCOORD: 0.9714632630348206, 0.08785796910524368

vb0[409]+000 POSITION: -0.023795995861291885, 2.552234172821045, 0.11070218682289124
vb0[409]+012 NORMAL: 0.9741429686546326, 0.013599486090242863, -0.22552277147769928
vb0[409]+024 TANGENT: 0.9728350639343262, 0.021701574325561523, -0.23047953844070435, -1.0
vb0[409]+040 BLENDWEIGHTS: 1.0, 0.0, 0.0, 0.0
vb0[409]+056 BLENDINDICES: 0, 0, 0, 0
vb0[409]+072 COLOR: 1.0, 0.5019607843137255, 0.5019607843137255, 0.0
vb0[409]+076 TEXCOORD: 0.9711325764656067, 0.07916781306266785

vb0[410]+000 POSITION: -2.7644553419045516e-16, 2.549403667449951, 0.12409218400716782
vb0[410]+012 NORMAL: -2.3930564907459484e-07, 0.7061713337898254, -0.7080410122871399
vb0[410]+024 TANGENT: 0.0, 0.6840225458145142, -0.7294608950614929, -1.0
vb0[410]+040 BLENDWEIGHTS: 1.0, 0.0, 0.0, 0.0
vb0[410]+056 BLENDINDICES: 0, 0, 0, 0
vb0[410]+072 COLOR: 1.0, 0.5019607843137255, 0.5019607843137255, 0.0
vb0[410]+076 TEXCOORD: 0.9335986375808716, 0.018816152587532997

vb0[411]+000 POSITION: -2.7644553419045516e-16, 2.544452667236328, 0.11871059238910675
vb0[411]+012 NORMAL: 1.8061423645576724e-07, 0.953624427318573, -0.30099907517433167
vb0[411]+024 TANGENT: 0.0, 0.9382160902023315, -0.3460499346256256, -1.0
vb0[411]+040 BLENDWEIGHTS: 1.0, 0.0, 0.0, 0.0
vb0[411]+056 BLENDINDICES: 0, 0, 0, 0
vb0[411]+072 COLOR: 1.0, 0.5019607843137255, 0.5019607843137255, 0.0
vb0[411]+076 TEXCOORD: 0.9335986375808716, 0.02816353552043438

vb0[412]+000 POSITION: -0.005167005117982626, 2.549403667449951, 0.12357453256845474
vb0[412]+012 NORMAL: 0.16482976078987122, 0.6863958239555359, -0.7083021402359009
vb0[412]+024 TANGENT: 0.15377600491046906, 0.662526547908783, -0.7330836653709412, -1.0
vb0[412]+040 BLENDWEIGHTS: 1.0, 0.0, 0.0, 0.0
vb0[412]+056 BLENDINDICES: 0, 0, 0, 0
vb0[412]+072 COLOR: 1.0, 0.5019607843137255, 0.5019607843137255, 0.0
vb0[412]+076 TEXCOORD: 0.9425355195999146, 0.020231494680047035

vb0[413]+000 POSITION: -0.005164028145372868, 2.5444724559783936, 0.11841884255409241
vb0[413]+012 NORMAL: 0.06041005626320839, 0.9484225511550903, -0.31119948625564575
vb0[413]+024 TANGENT: 0.07002681493759155, 0.9305365085601807, -0.35944128036499023, -1.0
vb0[413]+040 BLENDWEIGHTS: 1.0, 0.0, 0.0, 0.0
vb0[413]+056 BLENDINDICES: 0, 0, 0, 0
vb0[413]+072 COLOR: 1.0, 0.5019607843137255, 0.5019607843137255, 0.0
vb0[413]+076 TEXCOORD: 0.9421778917312622, 0.02966698817908764

vb0[414]+000 POSITION: -2.7644553419045516e-16, 2.545107126235962, 0.10972145199775696
vb0[414]+012 NORMAL: 0.0, 0.9931054711341858, 0.11722421646118164
vb0[414]+024 TANGENT: 0.0, 0.9941512942314148, 0.10799621790647507, -1.0
vb0[414]+040 BLENDWEIGHTS: 1.0, 0.0, 0.0, 0.0
vb0[414]+056 BLENDINDICES: 0, 0, 0, 0
vb0[414]+072 COLOR: 1.0, 0.5019607843137255, 0.5019607843137255, 0.0
vb0[414]+076 TEXCOORD: 0.9335986375808716, 0.04055442661046982

vb0[415]+000 POSITION: -0.005084546748548746, 2.5451066493988037, 0.10972203314304352
vb0[415]+012 NORMAL: -9.110406244872138e-05, 0.9929567575454712, 0.11847717314958572
vb0[415]+024 TANGENT: 0.0, 0.9941421151161194, 0.10808122158050537, -1.0
vb0[415]+040 BLENDWEIGHTS: 1.0, 0.0, 0.0, 0.0
vb0[415]+056 BLENDINDICES: 0, 0, 0, 0
vb0[415]+072 COLOR: 1.0, 0.5019607843137255, 0.5019607843137255, 0.0
vb0[415]+076 TEXCOORD: 0.9414137005805969, 0.04144778102636337

vb0[416]+000 POSITION: -0.011087280698120594, 2.549403667449951, 0.12134100496768951
vb0[416]+012 NORMAL: 0.26463037729263306, 0.62381911277771, -0.735404908657074
vb0[416]+024 TANGENT: 0.2576744556427002, 0.5975894927978516, -0.7592698335647583, -1.0
vb0[416]+040 BLENDWEIGHTS: 1.0, 0.0, 0.0, 0.0
vb0[416]+056 BLENDINDICES: 0, 0, 0, 0
vb0[416]+072 COLOR: 1.0, 0.5019607843137255, 0.5019607843137255, 0.0
vb0[416]+076 TEXCOORD: 0.9533347487449646, 0.023807257413864136

vb0[417]+000 POSITION: -0.010567069053649902, 2.552018642425537, 0.1237645372748375
vb0[417]+012 NORMAL: 0.06289040297269821, 0.9821740388870239, -0.17714142799377441
vb0[417]+024 TANGENT: -0.0841512605547905, 0.9827815890312195, 0.1644958257675171, -1.0
vb0[417]+040 BLENDWEIGHTS: 1.0, 0.0, 0.0, 0.0
vb0[417]+056 BLENDINDICES: 0, 0, 0, 0
vb0[417]+072 COLOR: 1.0, 0.5019607843137255, 0.5019607843137255, 0.0
vb0[417]+076 TEXCOORD: 0.9516581296920776, 0.019633037969470024

vb0[418]+000 POSITION: -0.005181204527616501, 2.5519793033599854, 0.12563729286193848
vb0[418]+012 NORMAL: 0.007144248113036156, 0.9963451027870178, -0.08511967211961746
vb0[418]+024 TANGENT: -0.05819118022918701, 0.9726063013076782, 0.22505713999271393, -1.0
vb0[418]+040 BLENDWEIGHTS: 1.0, 0.0, 0.0, 0.0
vb0[418]+056 BLENDINDICES: 0, 0, 0, 0
vb0[418]+072 COLOR: 1.0, 0.5019607843137255, 0.5019607843137255, 0.0
vb0[418]+076 TEXCOORD: 0.9422845840454102, 0.016109835356473923

vb0[419]+000 POSITION: -0.011206031776964664, 2.544527053833008, 0.11760737001895905
vb0[419]+012 NORMAL: 0.07283113896846771, 0.9380548596382141, -0.33874598145484924
vb0[419]+024 TANGENT: 0.1165466234087944, 0.9073372483253479, -0.4039255976676941, -1.0
vb0[419]+040 BLENDWEIGHTS: 1.0, 0.0, 0.0, 0.0
vb0[419]+056 BLENDINDICES: 0, 0, 0, 0
vb0[419]+072 COLOR: 1.0, 0.5019607843137255, 0.5019607843137255, 0.0
vb0[419]+076 TEXCOORD: 0.9526355266571045, 0.03270027041435242

vb0[420]+000 POSITION: -0.011445550248026848, 2.5451059341430664, 0.10972669720649719
vb0[420]+012 NORMAL: -5.206733112572692e-05, 0.9928049445152283, 0.11974328756332397
vb0[420]+024 TANGENT: 0.0, 0.9941217303276062, 0.108268141746521, -1.0
vb0[420]+040 BLENDWEIGHTS: 1.0, 0.0, 0.0, 0.0
vb0[420]+056 BLENDINDICES: 0, 0, 0, 0
vb0[420]+072 COLOR: 1.0, 0.5019607843137255, 0.5019607843137255, 0.0
vb0[420]+076 TEXCOORD: 0.9508509635925293, 0.042797163128852844

vb0[421]+000 POSITION: -2.7644553419045516e-16, 2.552020788192749, 0.12635156512260437
vb0[421]+012 NORMAL: 1.3740885833612992e-06, 0.9968177080154419, -0.07971460372209549
vb0[421]+024 TANGENT: 0.0, 0.9646221399307251, 0.26363614201545715, -1.0
vb0[421]+040 BLENDWEIGHTS: 1.0, 0.0, 0.0, 0.0
vb0[421]+056 BLENDINDICES: 0, 0, 0, 0
vb0[421]+072 COLOR: 1.0, 0.5019607843137255, 0.5019607843137255, 0.0
vb0[421]+076 TEXCOORD: 0.9335986375808716, 0.01497221365571022

vb0[422]+000 POSITION: -0.01579812914133072, 2.5445597171783447, 0.1171201765537262
vb0[422]+012 NORMAL: 0.0936983972787857, 0.9010840058326721, -0.4234009385108948
vb0[422]+024 TANGENT: 0.166598841547966, 0.8552706837654114, -0.49066972732543945, -1.0
vb0[422]+040 BLENDWEIGHTS: 1.0, 0.0, 0.0, 0.0
vb0[422]+056 BLENDINDICES: 0, 0, 0, 0
vb0[422]+072 COLOR: 1.0, 0.5019607843137255, 0.5019607843137255, 0.0
vb0[422]+076 TEXCOORD: 0.958976149559021, 0.03493703901767731

vb0[423]+000 POSITION: -0.01623428240418434, 2.545105457305908, 0.10973048210144043
vb0[423]+012 NORMAL: -6.725982530042529e-05, 0.9925771355628967, 0.12161673605442047
vb0[423]+024 TANGENT: 0.0, 0.9940903782844543, 0.10855495184659958, -1.0
vb0[423]+040 BLENDWEIGHTS: 1.0, 0.0, 0.0, 0.0
vb0[423]+056 BLENDINDICES: 0, 0, 0, 0
vb0[423]+072 COLOR: 1.0, 0.5019607843137255, 0.5019607843137255, 0.0
vb0[423]+076 TEXCOORD: 0.957594633102417, 0.044410161674022675

vb0[424]+000 POSITION: -0.015154656954109669, 2.5519375801086426, 0.1214815229177475
vb0[424]+012 NORMAL: 0.06238202750682831, 0.9651431441307068, -0.2541794776916504
vb0[424]+024 TANGENT: -0.1374211311340332, 0.9846954941749573, 0.1071930080652237, -1.0
vb0[424]+040 BLENDWEIGHTS: 1.0, 0.0, 0.0, 0.0
vb0[424]+056 BLENDINDICES: 0, 0, 0, 0
vb0[424]+072 COLOR: 1.0, 0.5019607843137255, 0.5019607843137255, 0.0
vb0[424]+076 TEXCOORD: 0.9595108032226562, 0.02440115250647068

vb0[425]+000 POSITION: -0.015517551451921463, 2.5496866703033447, 0.11963997781276703
vb0[425]+012 NORMAL: 0.31036263704299927, 0.5009642839431763, -0.8079046607017517
vb0[425]+024 TANGENT: 0.31680813431739807, 0.49723711609840393, -0.8077053427696228, -1.0
vb0[425]+040 BLENDWEIGHTS: 1.0, 0.0, 0.0, 0.0
vb0[425]+056 BLENDINDICES: 0, 0, 0, 0
vb0[425]+072 COLOR: 1.0, 0.5019607843137255, 0.5019607843137255, 0.0
vb0[425]+076 TEXCOORD: 0.9600447416305542, 0.02764246053993702

vb0[426]+000 POSITION: -0.01863645203411579, 2.544610023498535, 0.11637154966592789
vb0[426]+012 NORMAL: 0.1490151435136795, 0.8730020523071289, -0.46439412236213684
vb0[426]+024 TANGENT: 0.1967880129814148, 0.8373937606811523, -0.5099471211433411, -1.0
vb0[426]+040 BLENDWEIGHTS: 1.0, 0.0, 0.0, 0.0
vb0[426]+056 BLENDINDICES: 0, 0, 0, 0
vb0[426]+072 COLOR: 1.0, 0.5019607843137255, 0.5019607843137255, 0.0
vb0[426]+076 TEXCOORD: 0.9633397459983826, 0.03627133369445801

vb0[427]+000 POSITION: -0.01957428827881813, 2.545104503631592, 0.10973674803972244
vb0[427]+012 NORMAL: -6.007243791827932e-05, 0.9922741055488586, 0.12406501919031143
vb0[427]+024 TANGENT: 0.0, 0.9940500855445862, 0.10892368108034134, -1.0
vb0[427]+040 BLENDWEIGHTS: 1.0, 0.0, 0.0, 0.0
vb0[427]+056 BLENDINDICES: 0, 0, 0, 0
vb0[427]+072 COLOR: 1.0, 0.5019607843137255, 0.5019607843137255, 0.0
vb0[427]+076 TEXCOORD: 0.9624594449996948, 0.04498869925737381

vb0[428]+000 POSITION: -0.018343854695558548, 2.5499963760375977, 0.11854369938373566
vb0[428]+012 NORMAL: 0.3637329339981079, 0.3872000277042389, -0.8472157120704651
vb0[428]+024 TANGENT: 0.3590797185897827, 0.41268837451934814, -0.8371081352233887, -1.0
vb0[428]+040 BLENDWEIGHTS: 1.0, 0.0, 0.0, 0.0
vb0[428]+056 BLENDINDICES: 0, 0, 0, 0
vb0[428]+072 COLOR: 1.0, 0.5019607843137255, 0.5019607843137255, 0.0
vb0[428]+076 TEXCOORD: 0.9646264910697937, 0.030681421980261803

vb0[429]+000 POSITION: -0.018421955406665802, 2.5518970489501953, 0.11962766200304031
vb0[429]+012 NORMAL: 0.1699705272912979, 0.8968722224235535, -0.40832626819610596
vb0[429]+024 TANGENT: -0.14670966565608978, 0.9859409928321838, 0.07997869700193405, -1.0
vb0[429]+040 BLENDWEIGHTS: 1.0, 0.0, 0.0, 0.0
vb0[429]+056 BLENDINDICES: 0, 0, 0, 0
vb0[429]+072 COLOR: 1.0, 0.5019607843137255, 0.5019607843137255, 0.0
vb0[429]+076 TEXCOORD: 0.9648748636245728, 0.029025563970208168

vb0[430]+000 POSITION: -0.020010346546769142, 2.551802635192871, 0.1186949834227562
vb0[430]+012 NORMAL: 0.3051624000072479, 0.708439826965332, -0.636387288570404
vb0[430]+024 TANGENT: 0.0, 0.9944783449172974, 0.10494207590818405, -1.0
vb0[430]+040 BLENDWEIGHTS: 1.0, 0.0, 0.0, 0.0
vb0[430]+056 BLENDINDICES: 0, 0, 0, 0
vb0[430]+072 COLOR: 1.0, 0.5019607843137255, 0.5019607843137255, 0.0
vb0[430]+076 TEXCOORD: 0.9672614336013794, 0.03131554275751114

vb0[431]+000 POSITION: -0.020213717594742775, 2.550302267074585, 0.11780548840761185
vb0[431]+012 NORMAL: 0.4779577851295471, 0.3046542704105377, -0.8238580822944641
vb0[431]+024 TANGENT: 0.4717230796813965, 0.3430248498916626, -0.8122876882553101, -1.0
vb0[431]+040 BLENDWEIGHTS: 1.0, 0.0, 0.0, 0.0
vb0[431]+056 BLENDINDICES: 0, 0, 0, 0
vb0[431]+072 COLOR: 1.0, 0.5019607843137255, 0.5019607843137255, 0.0
vb0[431]+076 TEXCOORD: 0.9674425721168518, 0.032868728041648865

vb0[432]+000 POSITION: -0.02064391039311886, 2.5517892837524414, 0.1183118149638176
vb0[432]+012 NORMAL: 0.41247180104255676, 0.684859573841095, -0.6006948947906494
vb0[432]+024 TANGENT: 0.5571793913841248, 0.830208420753479, 0.0174635648727417, -1.0
vb0[432]+040 BLENDWEIGHTS: 1.0, 0.0, 0.0, 0.0
vb0[432]+056 BLENDINDICES: 0, 0, 0, 0
vb0[432]+072 COLOR: 1.0, 0.5019607843137255, 0.5019607843137255, 0.0
vb0[432]+076 TEXCOORD: 0.9681898355484009, 0.03198625147342682

vb0[433]+000 POSITION: -0.021210376173257828, 2.5507521629333496, 0.11747977137565613
vb0[433]+012 NORMAL: 0.6778261065483093, 0.3331397771835327, -0.6554155945777893
vb0[433]+024 TANGENT: 0.6786150932312012, 0.2583571672439575, -0.6875558495521545, -1.0
vb0[433]+040 BLENDWEIGHTS: 1.0, 0.0, 0.0, 0.0
vb0[433]+056 BLENDINDICES: 0, 0, 0, 0
vb0[433]+072 COLOR: 1.0, 0.5019607843137255, 0.5019607843137255, 0.0
vb0[433]+076 TEXCOORD: 0.968350350856781, 0.03325371444225311

vb0[434]+000 POSITION: -0.0211754459887743, 2.5446574687957764, 0.11566288024187088
vb0[434]+012 NORMAL: 0.5804876089096069, 0.6952205896377563, -0.42391327023506165
vb0[434]+024 TANGENT: 0.5170506834983826, 0.7302441596984863, -0.4465445876121521, -1.0
vb0[434]+040 BLENDWEIGHTS: 1.0, 0.0, 0.0, 0.0
vb0[434]+056 BLENDINDICES: 0, 0, 0, 0
vb0[434]+072 COLOR: 1.0, 0.5019607843137255, 0.5019607843137255, 0.0
vb0[434]+076 TEXCOORD: 0.9663445353507996, 0.03679541498422623

vb0[435]+000 POSITION: -0.023107405751943588, 2.5451042652130127, 0.10973924398422241
vb0[435]+012 NORMAL: 0.47118523716926575, 0.8819602727890015, -0.011426675133407116
vb0[435]+024 TANGENT: 0.6214538812637329, 0.7800592184066772, -0.07281940430402756, -1.0
vb0[435]+040 BLENDWEIGHTS: 1.0, 0.0, 0.0, 0.0
vb0[435]+056 BLENDINDICES: 0, 0, 0, 0
vb0[435]+072 COLOR: 1.0, 0.5019607843137255, 0.5019607843137255, 0.0
vb0[435]+076 TEXCOORD: 0.9660930037498474, 0.04494331032037735

vb0[436]+000 POSITION: -0.022253436967730522, 2.5493204593658447, 0.1156073734164238
vb0[436]+012 NORMAL: 0.8950273394584656, 0.17293457686901093, -0.4111199378967285
vb0[436]+024 TANGENT: 0.8641408681869507, 0.18192291259765625, -0.4692169427871704, -1.0
vb0[436]+040 BLENDWEIGHTS: 1.0, 0.0, 0.0, 0.0
vb0[436]+056 BLENDINDICES: 0, 0, 0, 0
vb0[436]+072 COLOR: 1.0, 0.5019607843137255, 0.5019607843137255, 0.0
vb0[436]+076 TEXCOORD: 0.9685667157173157, 0.037221409380435944

vb0[437]+000 POSITION: -0.02365494892001152, 2.54860258102417, 0.11035972088575363
vb0[437]+012 NORMAL: 0.9619442820549011, 0.13484680652618408, -0.23765447735786438
vb0[437]+024 TANGENT: 0.9614319205284119, 0.15487897396087646, -0.22729098796844482, -1.0
vb0[437]+040 BLENDWEIGHTS: 1.0, 0.0, 0.0, 0.0
vb0[437]+056 BLENDINDICES: 0, 0, 0, 0
vb0[437]+072 COLOR: 1.0, 0.5019607843137255, 0.5019607843137255, 0.0
vb0[437]+076 TEXCOORD: 0.968112587928772, 0.04521479457616806

vb0[438]+000 POSITION: -0.020785033702850342, 2.551788091659546, 0.11829929798841476
vb0[438]+012 NORMAL: 0.7224148511886597, 0.04164348542690277, -0.6902047991752625
vb0[438]+024 TANGENT: 0.9786616563796997, -0.17923599481582642, -0.10047828406095505, -1.0
vb0[438]+040 BLENDWEIGHTS: 1.0, 0.0, 0.0, 0.0
vb0[438]+056 BLENDINDICES: 0, 0, 0, 0
vb0[438]+072 COLOR: 1.0, 0.5019607843137255, 0.5019607843137255, 0.0
vb0[438]+076 TEXCOORD: 0.9684017300605774, 0.03201794624328613

vb0[439]+000 POSITION: -0.021703386679291725, 2.5519144535064697, 0.11729684472084045
vb0[439]+012 NORMAL: 0.8240817189216614, 0.03257732838392258, -0.565533459186554
vb0[439]+024 TANGENT: 0.7876406908035278, 0.04931784048676491, -0.6141579151153564, -1.0
vb0[439]+040 BLENDWEIGHTS: 1.0, 0.0, 0.0, 0.0
vb0[439]+056 BLENDINDICES: 0, 0, 0, 0
vb0[439]+072 COLOR: 1.0, 0.5019607843137255, 0.5019607843137255, 0.0
vb0[439]+076 TEXCOORD: 0.9688766598701477, 0.033436842262744904

vb0[440]+000 POSITION: -0.02263523079454899, 2.551988124847412, 0.11575291305780411
vb0[440]+012 NORMAL: 0.9456911683082581, 0.018803514540195465, -0.3245221972465515
vb0[440]+024 TANGENT: 0.9138335585594177, 0.026419643312692642, -0.40522879362106323, -1.0
vb0[440]+040 BLENDWEIGHTS: 1.0, 0.0, 0.0, 0.0
vb0[440]+056 BLENDINDICES: 0, 0, 0, 0
vb0[440]+072 COLOR: 1.0, 0.5019607843137255, 0.5019607843137255, 0.0
vb0[440]+076 TEXCOORD: 0.9706882238388062, 0.037504181265830994

vb0[441]+000 POSITION: -0.023795995861291885, 2.552234172821045, 0.11070218682289124
vb0[441]+012 NORMAL: 0.9741429686546326, 0.013599486090242863, -0.22552277147769928
vb0[441]+024 TANGENT: 0.9728350639343262, 0.021701574325561523, -0.23047953844070435, -1.0
vb0[441]+040 BLENDWEIGHTS: 1.0, 0.0, 0.0, 0.0
vb0[441]+056 BLENDINDICES: 0, 0, 0, 0
vb0[441]+072 COLOR: 1.0, 0.5019607843137255, 0.5019607843137255, 0.0
vb0[441]+076 TEXCOORD: 0.9704922437667847, 0.045880503952503204

vb0[442]+000 POSITION: 0.005084546748548746, 2.5451066493988037, 0.10972203314304352
vb0[442]+012 NORMAL: 9.117669105762616e-05, 0.9929560422897339, 0.11848298460245132
vb0[442]+024 TANGENT: 0.0, 0.9941421151161194, 0.10808062553405762, -1.0
vb0[442]+040 BLENDWEIGHTS: 1.0, 0.0, 0.0, 0.0
vb0[442]+056 BLENDINDICES: 0, 0, 0, 0
vb0[442]+072 COLOR: 1.0, 0.5019607843137255, 0.5019607843137255, 0.0
vb0[442]+076 TEXCOORD: 0.9257835745811462, 0.04144778102636337

vb0[443]+000 POSITION: 0.005164028145372868, 2.5444724559783936, 0.11841884255409241
vb0[443]+012 NORMAL: -0.06041055917739868, 0.9484248161315918, -0.3111926317214966
vb0[443]+024 TANGENT: -0.07002650946378708, 0.9305359721183777, -0.35944265127182007, -1.0
vb0[443]+040 BLENDWEIGHTS: 1.0, 0.0, 0.0, 0.0
vb0[443]+056 BLENDINDICES: 0, 0, 0, 0
vb0[443]+072 COLOR: 1.0, 0.5019607843137255, 0.5019607843137255, 0.0
vb0[443]+076 TEXCOORD: 0.925019383430481, 0.02966698817908764

vb0[444]+000 POSITION: 0.005167005117982626, 2.549403667449951, 0.12357453256845474
vb0[444]+012 NORMAL: -0.16482895612716675, 0.6863955855369568, -0.7083025574684143
vb0[444]+024 TANGENT: -0.15377376973628998, 0.6625220775604248, -0.7330880761146545, -1.0
vb0[444]+040 BLENDWEIGHTS: 1.0, 0.0, 0.0, 0.0
vb0[444]+056 BLENDINDICES: 0, 0, 0, 0
vb0[444]+072 COLOR: 1.0, 0.5019607843137255, 0.5019607843137255, 0.0
vb0[444]+076 TEXCOORD: 0.9246617555618286, 0.020231494680047035

vb0[445]+000 POSITION: 0.011087280698120594, 2.549403667449951, 0.12134100496768951
vb0[445]+012 NORMAL: -0.2646297812461853, 0.6238188743591309, -0.7354053854942322
vb0[445]+024 TANGENT: -0.2576730251312256, 0.597586989402771, -0.7592722773551941, -1.0
vb0[445]+040 BLENDWEIGHTS: 1.0, 0.0, 0.0, 0.0
vb0[445]+056 BLENDINDICES: 0, 0, 0, 0
vb0[445]+072 COLOR: 1.0, 0.5019607843137255, 0.5019607843137255, 0.0
vb0[445]+076 TEXCOORD: 0.9138625264167786, 0.023807257413864136

vb0[446]+000 POSITION: 0.010567069053649902, 2.552018642425537, 0.1237645372748375
vb0[446]+012 NORMAL: -0.06289893388748169, 0.9821690917015076, -0.17716524004936218
vb0[446]+024 TANGENT: 0.08416105061769485, 0.9827828407287598, 0.16448330879211426, -1.0
vb0[446]+040 BLENDWEIGHTS: 1.0, 0.0, 0.0, 0.0
vb0[446]+056 BLENDINDICES: 0, 0, 0, 0
vb0[446]+072 COLOR: 1.0, 0.5019607843137255, 0.5019607843137255, 0.0
vb0[446]+076 TEXCOORD: 0.9155391454696655, 0.019633037969470024

vb0[447]+000 POSITION: 0.005181204527616501, 2.5519793033599854, 0.12563729286193848
vb0[447]+012 NORMAL: -0.007136942353099585, 0.9963477253913879, -0.08508946001529694
vb0[447]+024 TANGENT: 0.05819433555006981, 0.9726072549819946, 0.2250523418188095, -1.0
vb0[447]+040 BLENDWEIGHTS: 1.0, 0.0, 0.0, 0.0
vb0[447]+056 BLENDINDICES: 0, 0, 0, 0
vb0[447]+072 COLOR: 1.0, 0.5019607843137255, 0.5019607843137255, 0.0
vb0[447]+076 TEXCOORD: 0.924912691116333, 0.016109835356473923

vb0[448]+000 POSITION: 0.011206031776964664, 2.544527053833008, 0.11760737001895905
vb0[448]+012 NORMAL: -0.07283174246549606, 0.9380536079406738, -0.3387492001056671
vb0[448]+024 TANGENT: -0.11654641479253769, 0.9073365926742554, -0.40392741560935974, -1.0
vb0[448]+040 BLENDWEIGHTS: 1.0, 0.0, 0.0, 0.0
vb0[448]+056 BLENDINDICES: 0, 0, 0, 0
vb0[448]+072 COLOR: 1.0, 0.5019607843137255, 0.5019607843137255, 0.0
vb0[448]+076 TEXCOORD: 0.9145617485046387, 0.03270027041435242

vb0[449]+000 POSITION: 0.011445550248026848, 2.5451059341430664, 0.10972669720649719
vb0[449]+012 NORMAL: 5.207681897445582e-05, 0.9928051829338074, 0.11974100768566132
vb0[449]+024 TANGENT: 0.0, 0.9941217303276062, 0.10826778411865234, -1.0
vb0[449]+040 BLENDWEIGHTS: 1.0, 0.0, 0.0, 0.0
vb0[449]+056 BLENDINDICES: 0, 0, 0, 0
vb0[449]+072 COLOR: 1.0, 0.5019607843137255, 0.5019607843137255, 0.0
vb0[449]+076 TEXCOORD: 0.9163463115692139, 0.042797163128852844

vb0[450]+000 POSITION: 0.01579812914133072, 2.5445597171783447, 0.1171201765537262
vb0[450]+012 NORMAL: -0.09369900822639465, 0.9010834693908691, -0.423401802778244
vb0[450]+024 TANGENT: -0.16659843921661377, 0.8552712202072144, -0.49066901206970215, -1.0
vb0[450]+040 BLENDWEIGHTS: 1.0, 0.0, 0.0, 0.0
vb0[450]+056 BLENDINDICES: 0, 0, 0, 0
vb0[450]+072 COLOR: 1.0, 0.5019607843137255, 0.5019607843137255, 0.0
vb0[450]+076 TEXCOORD: 0.9082211256027222, 0.03493703901767731

vb0[451]+000 POSITION: 0.01623428240418434, 2.545105457305908, 0.10973048210144043
vb0[451]+012 NORMAL: 6.725991988787428e-05, 0.9925771355628967, 0.12161675095558167
vb0[451]+024 TANGENT: 0.0, 0.9940904974937439, 0.10855484753847122, -1.0
vb0[451]+040 BLENDWEIGHTS: 1.0, 0.0, 0.0, 0.0
vb0[451]+056 BLENDINDICES: 0, 0, 0, 0
vb0[451]+072 COLOR: 1.0, 0.5019607843137255, 0.5019607843137255, 0.0
vb0[451]+076 TEXCOORD: 0.9096026420593262, 0.044410161674022675

vb0[452]+000 POSITION: 0.015154656954109669, 2.5519375801086426, 0.1214815229177475
vb0[452]+012 NORMAL: -0.0623885840177536, 0.9651390910148621, -0.2541933059692383
vb0[452]+024 TANGENT: 0.1374189853668213, 0.9846954941749573, 0.10719490051269531, -1.0
vb0[452]+040 BLENDWEIGHTS: 1.0, 0.0, 0.0, 0.0
vb0[452]+056 BLENDINDICES: 0, 0, 0, 0
vb0[452]+072 COLOR: 1.0, 0.5019607843137255, 0.5019607843137255, 0.0
vb0[452]+076 TEXCOORD: 0.9076864719390869, 0.02440115250647068

vb0[453]+000 POSITION: 0.015517551451921463, 2.5496866703033447, 0.11963997781276703
vb0[453]+012 NORMAL: -0.3103633224964142, 0.5009638071060181, -0.8079046607017517
vb0[453]+024 TANGENT: -0.3168078660964966, 0.4972374439239502, -0.8077051639556885, -1.0
vb0[453]+040 BLENDWEIGHTS: 1.0, 0.0, 0.0, 0.0
vb0[453]+056 BLENDINDICES: 0, 0, 0, 0
vb0[453]+072 COLOR: 1.0, 0.5019607843137255, 0.5019607843137255, 0.0
vb0[453]+076 TEXCOORD: 0.907152533531189, 0.02764246053993702

vb0[454]+000 POSITION: 0.01863645203411579, 2.544610023498535, 0.11637154966592789
vb0[454]+012 NORMAL: -0.14901532232761383, 0.8730018138885498, -0.4643944501876831
vb0[454]+024 TANGENT: -0.19678720831871033, 0.8373927474021912, -0.5099490880966187, -1.0
vb0[454]+040 BLENDWEIGHTS: 1.0, 0.0, 0.0, 0.0
vb0[454]+056 BLENDINDICES: 0, 0, 0, 0
vb0[454]+072 COLOR: 1.0, 0.5019607843137255, 0.5019607843137255, 0.0
vb0[454]+076 TEXCOORD: 0.9038575291633606, 0.03627133369445801

vb0[455]+000 POSITION: 0.01957428827881813, 2.545104503631592, 0.10973674803972244
vb0[455]+012 NORMAL: 6.0072143241995946e-05, 0.9922741055488586, 0.12406503409147263
vb0[455]+024 TANGENT: 0.0, 0.9940504431724548, 0.10892070084810257, -1.0
vb0[455]+040 BLENDWEIGHTS: 1.0, 0.0, 0.0, 0.0
vb0[455]+056 BLENDINDICES: 0, 0, 0, 0
vb0[455]+072 COLOR: 1.0, 0.5019607843137255, 0.5019607843137255, 0.0
vb0[455]+076 TEXCOORD: 0.9047378301620483, 0.04498869925737381

vb0[456]+000 POSITION: 0.018343854695558548, 2.5499963760375977, 0.11854369938373566
vb0[456]+012 NORMAL: -0.3637329041957855, 0.387200266122818, -0.8472155928611755
vb0[456]+024 TANGENT: -0.3590787351131439, 0.41268789768218994, -0.8371087908744812, -1.0
vb0[456]+040 BLENDWEIGHTS: 1.0, 0.0, 0.0, 0.0
vb0[456]+056 BLENDINDICES: 0, 0, 0, 0
vb0[456]+072 COLOR: 1.0, 0.5019607843137255, 0.5019607843137255, 0.0
vb0[456]+076 TEXCOORD: 0.9025707840919495, 0.030681421980261803

vb0[457]+000 POSITION: 0.018421955406665802, 2.5518970489501953, 0.11962766200304031
vb0[457]+012 NORMAL: -0.16993609070777893, 0.8969032764434814, -0.40827229619026184
vb0[457]+024 TANGENT: 0.14671123027801514, 0.98594069480896, 0.0799793004989624, -1.0
vb0[457]+040 BLENDWEIGHTS: 1.0, 0.0, 0.0, 0.0
vb0[457]+056 BLENDINDICES: 0, 0, 0, 0
vb0[457]+072 COLOR: 1.0, 0.5019607843137255, 0.5019607843137255, 0.0
vb0[457]+076 TEXCOORD: 0.9023224115371704, 0.029025563970208168

vb0[458]+000 POSITION: 0.020010346546769142, 2.551802635192871, 0.1186949834227562
vb0[458]+012 NORMAL: -0.30514848232269287, 0.7084640860557556, -0.6363670229911804
vb0[458]+024 TANGENT: 0.0, 0.9944766163825989, 0.1049584224820137, -1.0
vb0[458]+040 BLENDWEIGHTS: 1.0, 0.0, 0.0, 0.0
vb0[458]+056 BLENDINDICES: 0, 0, 0, 0
vb0[458]+072 COLOR: 1.0, 0.5019607843137255, 0.5019607843137255, 0.0
vb0[458]+076 TEXCOORD: 0.8999358415603638, 0.03131554275751114

vb0[459]+000 POSITION: 0.020213717594742775, 2.550302267074585, 0.11780548840761185
vb0[459]+012 NORMAL: -0.4779573082923889, 0.304654598236084, -0.8238582015037537
vb0[459]+024 TANGENT: -0.4717269241809845, 0.3430294692516327, -0.8122835159301758, -1.0
vb0[459]+040 BLENDWEIGHTS: 1.0, 0.0, 0.0, 0.0
vb0[459]+056 BLENDINDICES: 0, 0, 0, 0
vb0[459]+072 COLOR: 1.0, 0.5019607843137255, 0.5019607843137255, 0.0
vb0[459]+076 TEXCOORD: 0.8997547030448914, 0.032868728041648865

vb0[460]+000 POSITION: 0.02064391039311886, 2.5517892837524414, 0.1183118149638176
vb0[460]+012 NORMAL: -0.4124602973461151, 0.6848527789115906, -0.6007106304168701
vb0[460]+024 TANGENT: -0.5572051405906677, 0.8301905393600464, 0.01749241352081299, -1.0
vb0[460]+040 BLENDWEIGHTS: 1.0, 0.0, 0.0, 0.0
vb0[460]+056 BLENDINDICES: 0, 0, 0, 0
vb0[460]+072 COLOR: 1.0, 0.5019607843137255, 0.5019607843137255, 0.0
vb0[460]+076 TEXCOORD: 0.8990074396133423, 0.03198625147342682

vb0[461]+000 POSITION: 0.021210376173257828, 2.5507521629333496, 0.11747977137565613
vb0[461]+012 NORMAL: -0.6778136491775513, 0.3331372141838074, -0.6554298996925354
vb0[461]+024 TANGENT: -0.6786150932312012, 0.2583603858947754, -0.6875547170639038, -1.0
vb0[461]+040 BLENDWEIGHTS: 1.0, 0.0, 0.0, 0.0
vb0[461]+056 BLENDINDICES: 0, 0, 0, 0
vb0[461]+072 COLOR: 1.0, 0.5019607843137255, 0.5019607843137255, 0.0
vb0[461]+076 TEXCOORD: 0.8988469243049622, 0.03325371444225311

vb0[462]+000 POSITION: 0.0211754459887743, 2.5446574687957764, 0.11566288024187088
vb0[462]+012 NORMAL: -0.5804886817932129, 0.6952199339866638, -0.42391279339790344
vb0[462]+024 TANGENT: -0.5170502662658691, 0.730243444442749, -0.4465462863445282, -1.0
vb0[462]+040 BLENDWEIGHTS: 1.0, 0.0, 0.0, 0.0
vb0[462]+056 BLENDINDICES: 0, 0, 0, 0
vb0[462]+072 COLOR: 1.0, 0.5019607843137255, 0.5019607843137255, 0.0
vb0[462]+076 TEXCOORD: 0.9008527398109436, 0.03679541498422623

vb0[463]+000 POSITION: 0.023107405751943588, 2.5451042652130127, 0.10973924398422241
vb0[463]+012 NORMAL: -0.4711857736110687, 0.8819599747657776, -0.011425112374126911
vb0[463]+024 TANGENT: -0.6214538812637329, 0.7800590991973877, -0.07282042503356934, -1.0
vb0[463]+040 BLENDWEIGHTS: 1.0, 0.0, 0.0, 0.0
vb0[463]+056 BLENDINDICES: 0, 0, 0, 0
vb0[463]+072 COLOR: 1.0, 0.5019607843137255, 0.5019607843137255, 0.0
vb0[463]+076 TEXCOORD: 0.9011042714118958, 0.04494331032037735

vb0[464]+000 POSITION: 0.022253436967730522, 2.5493204593658447, 0.1156073734164238
vb0[464]+012 NORMAL: -0.8950253129005432, 0.1729341298341751, -0.4111246168613434
vb0[464]+024 TANGENT: -0.8641402721405029, 0.1819228082895279, -0.46921810507774353, -1.0
vb0[464]+040 BLENDWEIGHTS: 1.0, 0.0, 0.0, 0.0
vb0[464]+056 BLENDINDICES: 0, 0, 0, 0
vb0[464]+072 COLOR: 1.0, 0.5019607843137255, 0.5019607843137255, 0.0
vb0[464]+076 TEXCOORD: 0.8986305594444275, 0.037221409380435944

vb0[465]+000 POSITION: 0.02365494892001152, 2.54860258102417, 0.11035972088575363
vb0[465]+012 NORMAL: -0.961944043636322, 0.13484671711921692, -0.23765547573566437
vb0[465]+024 TANGENT: -0.9614324569702148, 0.15487919747829437, -0.2272881120443344, -1.0
vb0[465]+040 BLENDWEIGHTS: 1.0, 0.0, 0.0, 0.0
vb0[465]+056 BLENDINDICES: 0, 0, 0, 0
vb0[465]+072 COLOR: 1.0, 0.5019607843137255, 0.5019607843137255, 0.0
vb0[465]+076 TEXCOORD: 0.8990846872329712, 0.04521479457616806

vb0[466]+000 POSITION: 0.020785033702850342, 2.551788091659546, 0.11829929798841476
vb0[466]+012 NORMAL: -0.7223883271217346, 0.04158855229616165, -0.6902357935905457
vb0[466]+024 TANGENT: -0.9786580801010132, -0.17924098670482635, -0.10050392150878906, -1.0
vb0[466]+040 BLENDWEIGHTS: 1.0, 0.0, 0.0, 0.0
vb0[466]+056 BLENDINDICES: 0, 0, 0, 0
vb0[466]+072 COLOR: 1.0, 0.5019607843137255, 0.5019607843137255, 0.0
vb0[466]+076 TEXCOORD: 0.8987955451011658, 0.03201794624328613

vb0[467]+000 POSITION: 0.021703386679291725, 2.5519144535064697, 0.11729684472084045
vb0[467]+012 NORMAL: -0.824051022529602, 0.03257116675376892, -0.5655784010887146
vb0[467]+024 TANGENT: -0.7876338958740234, 0.04931795969605446, -0.6141666173934937, -1.0
vb0[467]+040 BLENDWEIGHTS: 1.0, 0.0, 0.0, 0.0
vb0[467]+056 BLENDINDICES: 0, 0, 0, 0
vb0[467]+072 COLOR: 1.0, 0.5019607843137255, 0.5019607843137255, 0.0
vb0[467]+076 TEXCOORD: 0.8983206152915955, 0.033436842262744904

vb0[468]+000 POSITION: 0.02263523079454899, 2.551988124847412, 0.11575291305780411
vb0[468]+012 NORMAL: -0.9456883072853088, 0.018802544102072716, -0.3245307505130768
vb0[468]+024 TANGENT: -0.9138311147689819, 0.026419401168823242, -0.40523406863212585, -1.0
vb0[468]+040 BLENDWEIGHTS: 1.0, 0.0, 0.0, 0.0
vb0[468]+056 BLENDINDICES: 0, 0, 0, 0
vb0[468]+072 COLOR: 1.0, 0.5019607843137255, 0.5019607843137255, 0.0
vb0[468]+076 TEXCOORD: 0.896509051322937, 0.037504181265830994

vb0[469]+000 POSITION: 0.023795995861291885, 2.552234172821045, 0.11070218682289124
vb0[469]+012 NORMAL: -0.9741418361663818, 0.013599098660051823, -0.2255275547504425
vb0[469]+024 TANGENT: -0.9728355407714844, 0.021701455116271973, -0.23047776520252228, -1.0
vb0[469]+040 BLENDWEIGHTS: 1.0, 0.0, 0.0, 0.0
vb0[469]+056 BLENDINDICES: 0, 0, 0, 0
vb0[469]+072 COLOR: 1.0, 0.5019607843137255, 0.5019607843137255, 0.0
vb0[469]+076 TEXCOORD: 0.8967050313949585, 0.045880503952503204

vb0[470]+000 POSITION: 0.025267984718084335, 2.552577257156372, 0.10399860888719559
vb0[470]+012 NORMAL: -0.9825008511543274, 0.05466894432902336, -0.1780547946691513
vb0[470]+024 TANGENT: -0.9832457304000854, 0.0363311767578125, -0.17862749099731445, -1.0
vb0[470]+040 BLENDWEIGHTS: 1.0, 0.0, 0.0, 0.0
vb0[470]+056 BLENDINDICES: 0, 0, 0, 0
vb0[470]+072 COLOR: 1.0, 0.5019607843137255, 0.5019607843137255, 0.0
vb0[470]+076 TEXCOORD: 0.8990017175674438, 0.05376431345939636

vb0[471]+000 POSITION: 0.024981463328003883, 2.5484793186187744, 0.10363616049289703
vb0[471]+012 NORMAL: -0.9724900722503662, 0.17459149658679962, -0.15421070158481598
vb0[471]+024 TANGENT: -0.9732498526573181, 0.1603459119796753, -0.16454154253005981, -1.0
vb0[471]+040 BLENDWEIGHTS: 1.0, 0.0, 0.0, 0.0
vb0[471]+056 BLENDINDICES: 0, 0, 0, 0
vb0[471]+072 COLOR: 1.0, 0.5019607843137255, 0.5019607843137255, 0.0
vb0[471]+076 TEXCOORD: 0.9007720947265625, 0.05293593555688858

vb0[472]+000 POSITION: 0.02661670371890068, 2.5527865886688232, 0.09489946812391281
vb0[472]+012 NORMAL: -0.9397390484809875, 0.03178514167666435, 0.3404117822647095
vb0[472]+024 TANGENT: -0.7640148997306824, -0.012942968867719173, 0.6450687050819397, -1.0
vb0[472]+040 BLENDWEIGHTS: 1.0, 0.0, 0.0, 0.0
vb0[472]+056 BLENDINDICES: 0, 0, 0, 0
vb0[472]+072 COLOR: 1.0, 0.5019607843137255, 0.5019607843137255, 0.0
vb0[472]+076 TEXCOORD: 0.9035846590995789, 0.06256204843521118

vb0[473]+000 POSITION: 0.025984928011894226, 2.5472769737243652, 0.0947178453207016
vb0[473]+012 NORMAL: -0.6027713418006897, 0.7341012954711914, 0.3126692473888397
vb0[473]+024 TANGENT: -0.5973572731018066, 0.5453632473945618, 0.5879993438720703, -1.0
vb0[473]+040 BLENDWEIGHTS: 1.0, 0.0, 0.0, 0.0
vb0[473]+056 BLENDINDICES: 0, 0, 0, 0
vb0[473]+072 COLOR: 1.0, 0.5019607843137255, 0.5019607843137255, 0.0
vb0[473]+076 TEXCOORD: 0.9029497504234314, 0.053950294852256775

vb0[474]+000 POSITION: 0.022328423336148262, 2.5527870655059814, 0.09489946812391281
vb0[474]+012 NORMAL: 8.198171599360649e-07, -0.05491086095571518, 0.9984912872314453
vb0[474]+024 TANGENT: 0.0, -0.06545978784561157, 0.9978551268577576, -1.0
vb0[474]+040 BLENDWEIGHTS: 1.0, 0.0, 0.0, 0.0
vb0[474]+056 BLENDINDICES: 0, 0, 0, 0
vb0[474]+072 COLOR: 1.0, 0.5019607843137255, 0.5019607843137255, 0.0
vb0[474]+076 TEXCOORD: 0.9092815518379211, 0.06267863512039185

vb0[475]+000 POSITION: 0.021772615611553192, 2.5472772121429443, 0.094717837870121
vb0[475]+012 NORMAL: 4.1233939555240795e-05, 0.884387731552124, 0.466752827167511
vb0[475]+024 TANGENT: 0.0, 0.6419943571090698, 0.7667093873023987, -1.0
vb0[475]+040 BLENDWEIGHTS: 1.0, 0.0, 0.0, 0.0
vb0[475]+056 BLENDINDICES: 0, 0, 0, 0
vb0[475]+072 COLOR: 1.0, 0.5019607843137255, 0.5019607843137255, 0.0
vb0[475]+076 TEXCOORD: 0.9066483974456787, 0.05500148981809616

vb0[476]+000 POSITION: 0.01756906509399414, 2.5527865886688232, 0.09489946812391281
vb0[476]+012 NORMAL: 2.792821192088013e-07, -0.055813584476709366, 0.9984412789344788
vb0[476]+024 TANGENT: 0.0, -0.06546104699373245, 0.9978551268577576, -1.0
vb0[476]+040 BLENDWEIGHTS: 1.0, 0.0, 0.0, 0.0
vb0[476]+056 BLENDINDICES: 0, 0, 0, 0
vb0[476]+072 COLOR: 1.0, 0.5019607843137255, 0.5019607843137255, 0.0
vb0[476]+076 TEXCOORD: 0.9146141409873962, 0.06276191025972366

vb0[477]+000 POSITION: 0.017938442528247833, 2.5556700229644775, 0.09518309682607651
vb0[477]+012 NORMAL: 2.0868249350769474e-07, -0.9578930139541626, 0.28712549805641174
vb0[477]+024 TANGENT: 0.0, -0.7019612193107605, 0.7122150659561157, -1.0
vb0[477]+040 BLENDWEIGHTS: 1.0, 0.0, 0.0, 0.0
vb0[477]+056 BLENDINDICES: 0, 0, 0, 0
vb0[477]+072 COLOR: 1.0, 0.5019607843137255, 0.5019607843137255, 0.0
vb0[477]+076 TEXCOORD: 0.9126861691474915, 0.06996726989746094

vb0[478]+000 POSITION: 0.012471107766032219, 2.5556700229644775, 0.09518308192491531
vb0[478]+012 NORMAL: 0.0, -0.9594679474830627, 0.2818179726600647
vb0[478]+024 TANGENT: 0.0, -0.7019609808921814, 0.7122153639793396, -1.0
vb0[478]+040 BLENDWEIGHTS: 1.0, 0.0, 0.0, 0.0
vb0[478]+056 BLENDINDICES: 0, 0, 0, 0
vb0[478]+072 COLOR: 1.0, 0.5019607843137255, 0.5019607843137255, 0.0
vb0[478]+076 TEXCOORD: 0.9191135168075562, 0.07061908394098282

vb0[479]+000 POSITION: 0.012353894300758839, 2.5527865886688232, 0.094899483025074
vb0[479]+012 NORMAL: -1.4315950238596997e-06, -0.05543672665953636, 0.9984622001647949
vb0[479]+024 TANGENT: 0.0, -0.06546758860349655, 0.9978546500205994, -1.0
vb0[479]+040 BLENDWEIGHTS: 1.0, 0.0, 0.0, 0.0
vb0[479]+056 BLENDINDICES: 0, 0, 0, 0
vb0[479]+072 COLOR: 1.0, 0.5019607843137255, 0.5019607843137255, 0.0
vb0[479]+076 TEXCOORD: 0.9202694892883301, 0.0628456175327301

vb0[480]+000 POSITION: 0.01715431734919548, 2.5472772121429443, 0.09471779316663742
vb0[480]+012 NORMAL: 6.249482794373762e-06, 0.8842634558677673, 0.46698829531669617
vb0[480]+024 TANGENT: 0.0, 0.6419768929481506, 0.7667239308357239, -1.0
vb0[480]+040 BLENDWEIGHTS: 1.0, 0.0, 0.0, 0.0
vb0[480]+056 BLENDINDICES: 0, 0, 0, 0
vb0[480]+072 COLOR: 1.0, 0.5019607843137255, 0.5019607843137255, 0.0
vb0[480]+076 TEXCOORD: 0.9123144745826721, 0.05535934865474701

vb0[481]+000 POSITION: 0.012011353857815266, 2.5472772121429443, 0.09471771121025085
vb0[481]+012 NORMAL: 8.58853763929801e-06, 0.8824440836906433, 0.4704171121120453
vb0[481]+024 TANGENT: 0.0, 0.6419787406921387, 0.7667225003242493, -1.0
vb0[481]+040 BLENDWEIGHTS: 1.0, 0.0, 0.0, 0.0
vb0[481]+056 BLENDINDICES: 0, 0, 0, 0
vb0[481]+072 COLOR: 1.0, 0.5019607843137255, 0.5019607843137255, 0.0
vb0[481]+076 TEXCOORD: 0.918901264667511, 0.054669953882694244

vb0[482]+000 POSITION: 0.005642791278660297, 2.5527865886688232, 0.094899483025074
vb0[482]+012 NORMAL: -2.5739959710335825e-06, -0.055743277072906494, 0.9984452128410339
vb0[482]+024 TANGENT: 0.0, -0.06547242403030396, 0.9978542923927307, -1.0
vb0[482]+040 BLENDWEIGHTS: 1.0, 0.0, 0.0, 0.0
vb0[482]+056 BLENDINDICES: 0, 0, 0, 0
vb0[482]+072 COLOR: 1.0, 0.5019607843137255, 0.5019607843137255, 0.0
vb0[482]+076 TEXCOORD: 0.9275441765785217, 0.06252208352088928

vb0[483]+000 POSITION: 0.005835306365042925, 2.5472774505615234, 0.09471765905618668
vb0[483]+012 NORMAL: 4.620083018380683e-06, 0.888482928276062, 0.4589097499847412
vb0[483]+024 TANGENT: 0.0, 0.6419669985771179, 0.7667322158813477, -1.0
vb0[483]+040 BLENDWEIGHTS: 1.0, 0.0, 0.0, 0.0
vb0[483]+056 BLENDINDICES: 0, 0, 0, 0
vb0[483]+072 COLOR: 1.0, 0.5019607843137255, 0.5019607843137255, 0.0
vb0[483]+076 TEXCOORD: 0.9269201755523682, 0.05439549684524536

vb0[484]+000 POSITION: 0.00585600733757019, 2.5556700229644775, 0.09518308192491531
vb0[484]+012 NORMAL: 0.0, -0.9593031406402588, 0.28237852454185486
vb0[484]+024 TANGENT: 0.0, -0.7019600868225098, 0.7122161984443665, -1.0
vb0[484]+040 BLENDWEIGHTS: 1.0, 0.0, 0.0, 0.0
vb0[484]+056 BLENDINDICES: 0, 0, 0, 0
vb0[484]+072 COLOR: 1.0, 0.5019607843137255, 0.5019607843137255, 0.0
vb0[484]+076 TEXCOORD: 0.9269121289253235, 0.0713447853922844

vb0[485]+000 POSITION: 0.02244279719889164, 2.5556700229644775, 0.09518309682607651
vb0[485]+012 NORMAL: 4.956141856382601e-05, -0.9588351249694824, 0.28396323323249817
vb0[485]+024 TANGENT: 0.0, -0.7019222974777222, 0.7122534513473511, -1.0
vb0[485]+040 BLENDWEIGHTS: 1.0, 0.0, 0.0, 0.0
vb0[485]+056 BLENDINDICES: 0, 0, 0, 0
vb0[485]+072 COLOR: 1.0, 0.5019607843137255, 0.5019607843137255, 0.0
vb0[485]+076 TEXCOORD: 0.906807541847229, 0.06951247900724411

vb0[486]+000 POSITION: 0.026431385427713394, 2.5556700229644775, 0.09518309682607651
vb0[486]+012 NORMAL: -0.4239579737186432, -0.8767902851104736, 0.2269323766231537
vb0[486]+024 TANGENT: -0.6240746974945068, -0.5655003190040588, 0.5392032861709595, -1.0
vb0[486]+040 BLENDWEIGHTS: 1.0, 0.0, 0.0, 0.0
vb0[486]+056 BLENDINDICES: 0, 0, 0, 0
vb0[486]+072 COLOR: 1.0, 0.5019607843137255, 0.5019607843137255, 0.0
vb0[486]+076 TEXCOORD: 0.9026574492454529, 0.07138236612081528

vb0[487]+000 POSITION: 0.025410950183868408, 2.555069923400879, 0.10362918674945831
vb0[487]+012 NORMAL: -0.9621611833572388, -0.21676230430603027, -0.1651059240102768
vb0[487]+024 TANGENT: -0.9677428603172302, -0.18185406923294067, -0.17436440289020538, -1.0
vb0[487]+040 BLENDWEIGHTS: 1.0, 0.0, 0.0, 0.0
vb0[487]+056 BLENDINDICES: 0, 0, 0, 0
vb0[487]+072 COLOR: 1.0, 0.5019607843137255, 0.5019607843137255, 0.0
vb0[487]+076 TEXCOORD: 0.9004524946212769, 0.07192299515008926

vb0[488]+000 POSITION: 0.025267984718084335, 2.552577257156372, 0.10399860888719559
vb0[488]+012 NORMAL: -0.9825008511543274, 0.05466894432902336, -0.1780547946691513
vb0[488]+024 TANGENT: -0.9832457304000854, 0.0363311767578125, -0.17862749099731445, -1.0
vb0[488]+040 BLENDWEIGHTS: 1.0, 0.0, 0.0, 0.0
vb0[488]+056 BLENDINDICES: 0, 0, 0, 0
vb0[488]+072 COLOR: 1.0, 0.5019607843137255, 0.5019607843137255, 0.0
vb0[488]+076 TEXCOORD: 0.8988088965415955, 0.07133295387029648

vb0[489]+000 POSITION: 0.005008573643863201, 2.55741810798645, 0.11064891517162323
vb0[489]+012 NORMAL: 2.6513225748203695e-07, -0.9928574562072754, 0.11930662393569946
vb0[489]+024 TANGENT: 0.0, -0.9924110174179077, 0.12296485900878906, -1.0
vb0[489]+040 BLENDWEIGHTS: 1.0, 0.0, 0.0, 0.0
vb0[489]+056 BLENDINDICES: 0, 0, 0, 0
vb0[489]+072 COLOR: 1.0, 0.5019607843137255, 0.5019607843137255, 0.0
vb0[489]+076 TEXCOORD: 0.9262112975120544, 0.08422942459583282

vb0[490]+000 POSITION: 0.005162534769624472, 2.5585036277770996, 0.11870183795690536
vb0[490]+012 NORMAL: -0.04079241678118706, -0.9801216125488281, -0.19415897130966187
vb0[490]+024 TANGENT: -0.0455937422811985, -0.9717270731925964, -0.2316630631685257, -1.0
vb0[490]+040 BLENDWEIGHTS: 1.0, 0.0, 0.0, 0.0
vb0[490]+056 BLENDINDICES: 0, 0, 0, 0
vb0[490]+072 COLOR: 1.0, 0.5019607843137255, 0.5019607843137255, 0.0
vb0[490]+076 TEXCOORD: 0.9251890182495117, 0.0985860675573349

vb0[491]+000 POSITION: 0.005145897623151541, 2.554736852645874, 0.12457268685102463
vb0[491]+012 NORMAL: -0.13507124781608582, -0.7149211764335632, -0.6860345602035522
vb0[491]+024 TANGENT: -0.14723706245422363, -0.6226697564125061, -0.7685074210166931, -1.0
vb0[491]+040 BLENDWEIGHTS: 1.0, 0.0, 0.0, 0.0
vb0[491]+056 BLENDINDICES: 0, 0, 0, 0
vb0[491]+072 COLOR: 1.0, 0.5019607843137255, 0.5019607843137255, 0.0
vb0[491]+076 TEXCOORD: 0.9241428375244141, 0.10901693254709244

vb0[492]+000 POSITION: 0.01147459913045168, 2.558403491973877, 0.1179601326584816
vb0[492]+012 NORMAL: -0.0716080442070961, -0.9738149046897888, -0.21577021479606628
vb0[492]+024 TANGENT: -0.1041729524731636, -0.9565433859825134, -0.27234676480293274, -1.0
vb0[492]+040 BLENDWEIGHTS: 1.0, 0.0, 0.0, 0.0
vb0[492]+056 BLENDINDICES: 0, 0, 0, 0
vb0[492]+072 COLOR: 1.0, 0.5019607843137255, 0.5019607843137255, 0.0
vb0[492]+076 TEXCOORD: 0.9150993824005127, 0.09531497955322266

vb0[493]+000 POSITION: 0.011866835877299309, 2.55741810798645, 0.11064891517162323
vb0[493]+012 NORMAL: 4.553449741706572e-07, -0.992902934551239, 0.11892763525247574
vb0[493]+024 TANGENT: 0.0, -0.9924099445343018, 0.12297356128692627, -1.0
vb0[493]+040 BLENDWEIGHTS: 1.0, 0.0, 0.0, 0.0
vb0[493]+056 BLENDINDICES: 0, 0, 0, 0
vb0[493]+072 COLOR: 1.0, 0.5019607843137255, 0.5019607843137255, 0.0
vb0[493]+076 TEXCOORD: 0.9167647957801819, 0.08341272920370102

vb0[494]+000 POSITION: 0.015723329037427902, 2.558302640914917, 0.1172102615237236
vb0[494]+012 NORMAL: -0.09653468430042267, -0.9568902254104614, -0.2739381492137909
vb0[494]+024 TANGENT: -0.1537015587091446, -0.9312562346458435, -0.3303599953651428, -1.0
vb0[494]+040 BLENDWEIGHTS: 1.0, 0.0, 0.0, 0.0
vb0[494]+056 BLENDINDICES: 0, 0, 0, 0
vb0[494]+072 COLOR: 1.0, 0.5019607843137255, 0.5019607843137255, 0.0
vb0[494]+076 TEXCOORD: 0.9082993268966675, 0.09211786836385727

vb0[495]+000 POSITION: 0.015589970164000988, 2.5544302463531494, 0.12080557644367218
vb0[495]+012 NORMAL: -0.3690851628780365, -0.5386395454406738, -0.7573926448822021
vb0[495]+024 TANGENT: -0.37312042713165283, -0.4416806697845459, -0.8159039616584778, -1.0
vb0[495]+040 BLENDWEIGHTS: 1.0, 0.0, 0.0, 0.0
vb0[495]+056 BLENDINDICES: 0, 0, 0, 0
vb0[495]+072 COLOR: 1.0, 0.5019607843137255, 0.5019607843137255, 0.0
vb0[495]+076 TEXCOORD: 0.905839741230011, 0.09932026267051697

vb0[496]+000 POSITION: 0.010939355939626694, 2.554736852645874, 0.12281335890293121
vb0[496]+012 NORMAL: -0.2501971125602722, -0.6583428382873535, -0.709919810295105
vb0[496]+024 TANGENT: -0.2793552875518799, -0.555054783821106, -0.7835016250610352, -1.0
vb0[496]+040 BLENDWEIGHTS: 1.0, 0.0, 0.0, 0.0
vb0[496]+056 BLENDINDICES: 0, 0, 0, 0
vb0[496]+072 COLOR: 1.0, 0.5019607843137255, 0.5019607843137255, 0.0
vb0[496]+076 TEXCOORD: 0.9136834144592285, 0.10476861894130707

vb0[497]+000 POSITION: 0.010438472032546997, 2.5518083572387695, 0.12398391216993332
vb0[497]+012 NORMAL: -0.13931480050086975, -0.9273951053619385, -0.3471737504005432
vb0[497]+024 TANGENT: -0.1330345869064331, -0.9286148548126221, -0.3463759422302246, -1.0
vb0[497]+040 BLENDWEIGHTS: 1.0, 0.0, 0.0, 0.0
vb0[497]+056 BLENDINDICES: 0, 0, 0, 0
vb0[497]+072 COLOR: 1.0, 0.5019607843137255, 0.5019607843137255, 0.0
vb0[497]+076 TEXCOORD: 0.9140119552612305, 0.10955298691987991

vb0[498]+000 POSITION: 0.005113709252327681, 2.55186128616333, 0.1257575899362564
vb0[498]+012 NORMAL: -0.04251301288604736, -0.9716305136680603, -0.2326514720916748
vb0[498]+024 TANGENT: -0.051076412200927734, -0.9443066120147705, -0.3250787854194641, -1.0
vb0[498]+040 BLENDWEIGHTS: 1.0, 0.0, 0.0, 0.0
vb0[498]+056 BLENDINDICES: 0, 0, 0, 0
vb0[498]+072 COLOR: 1.0, 0.5019607843137255, 0.5019607843137255, 0.0
vb0[498]+076 TEXCOORD: 0.9240224957466125, 0.11383190006017685

vb0[499]+000 POSITION: 0.016516655683517456, 2.55741810798645, 0.11064892262220383
vb0[499]+012 NORMAL: 1.3580061022366863e-06, -0.9929764866828918, 0.11831143498420715
vb0[499]+024 TANGENT: 0.0, -0.9924111366271973, 0.1229642704129219, -1.0
vb0[499]+040 BLENDWEIGHTS: 1.0, 0.0, 0.0, 0.0
vb0[499]+056 BLENDINDICES: 0, 0, 0, 0
vb0[499]+072 COLOR: 1.0, 0.5019607843137255, 0.5019607843137255, 0.0
vb0[499]+076 TEXCOORD: 0.9097307324409485, 0.08168870955705643

vb0[500]+000 POSITION: 0.015122137032449245, 2.551788806915283, 0.12163423001766205
vb0[500]+012 NORMAL: -0.2483401596546173, -0.8392297029495239, -0.48375675082206726
vb0[500]+024 TANGENT: -0.21548666059970856, -0.89121013879776, -0.3991366922855377, -1.0
vb0[500]+040 BLENDWEIGHTS: 1.0, 0.0, 0.0, 0.0
vb0[500]+056 BLENDINDICES: 0, 0, 0, 0
vb0[500]+072 COLOR: 1.0, 0.5019607843137255, 0.5019607843137255, 0.0
vb0[500]+076 TEXCOORD: 0.9055899381637573, 0.10351081192493439

vb0[501]+000 POSITION: 0.01869763247668743, 2.551774024963379, 0.1195433959364891
vb0[501]+012 NORMAL: -0.3398163616657257, -0.7316270470619202, -0.5909709930419922
vb0[501]+024 TANGENT: -0.275962233543396, -0.8574244976043701, -0.4343593716621399, -1.0
vb0[501]+040 BLENDWEIGHTS: 1.0, 0.0, 0.0, 0.0
vb0[501]+056 BLENDINDICES: 0, 0, 0, 0
vb0[501]+072 COLOR: 1.0, 0.5019607843137255, 0.5019607843137255, 0.0
vb0[501]+076 TEXCOORD: 0.8998016715049744, 0.09753844141960144

vb0[502]+000 POSITION: 0.018776943907141685, 2.554032325744629, 0.11915288865566254
vb0[502]+012 NORMAL: -0.44627588987350464, -0.4231964349746704, -0.7885066270828247
vb0[502]+024 TANGENT: -0.4052548408508301, -0.3268779516220093, -0.8537677526473999, -1.0
vb0[502]+040 BLENDWEIGHTS: 1.0, 0.0, 0.0, 0.0
vb0[502]+056 BLENDINDICES: 0, 0, 0, 0
vb0[502]+072 COLOR: 1.0, 0.5019607843137255, 0.5019607843137255, 0.0
vb0[502]+076 TEXCOORD: 0.9013020396232605, 0.09530859440565109

vb0[503]+000 POSITION: 0.018780453130602837, 2.5582423210144043, 0.11676212400197983
vb0[503]+012 NORMAL: -0.08200416713953018, -0.9258046746253967, -0.369000107049942
vb0[503]+024 TANGENT: -0.17821776866912842, -0.8900477886199951, -0.4195871353149414, -1.0
vb0[503]+040 BLENDWEIGHTS: 1.0, 0.0, 0.0, 0.0
vb0[503]+056 BLENDINDICES: 0, 0, 0, 0
vb0[503]+072 COLOR: 1.0, 0.5019607843137255, 0.5019607843137255, 0.0
vb0[503]+076 TEXCOORD: 0.9032449722290039, 0.08975635468959808

vb0[504]+000 POSITION: 0.019925270229578018, 2.55741810798645, 0.11064892262220383
vb0[504]+012 NORMAL: 0.0003239958605263382, -0.9930201172828674, 0.11794423311948776
vb0[504]+024 TANGENT: 0.0, -0.9924262762069702, 0.1228419616818428, -1.0
vb0[504]+040 BLENDWEIGHTS: 1.0, 0.0, 0.0, 0.0
vb0[504]+056 BLENDINDICES: 0, 0, 0, 0
vb0[504]+072 COLOR: 1.0, 0.5019607843137255, 0.5019607843137255, 0.0
vb0[504]+076 TEXCOORD: 0.9043471217155457, 0.08032087236642838

vb0[505]+000 POSITION: 0.021822568029165268, 2.558192491531372, 0.11639239639043808
vb0[505]+012 NORMAL: -0.4296138286590576, -0.8133465051651001, -0.39230018854141235
vb0[505]+024 TANGENT: -0.5513781905174255, -0.707693338394165, -0.4417605698108673, -1.0
vb0[505]+040 BLENDWEIGHTS: 1.0, 0.0, 0.0, 0.0
vb0[505]+056 BLENDINDICES: 0, 0, 0, 0
vb0[505]+072 COLOR: 1.0, 0.5019607843137255, 0.5019607843137255, 0.0
vb0[505]+076 TEXCOORD: 0.8995875716209412, 0.0879463255405426

vb0[506]+000 POSITION: 0.023176362738013268, 2.5574395656585693, 0.11080826818943024
vb0[506]+012 NORMAL: -0.2850278317928314, -0.9577344059944153, 0.038781117647886276
vb0[506]+024 TANGENT: -0.6068928837776184, -0.7929916381835938, -0.05334222689270973, -1.0
vb0[506]+040 BLENDWEIGHTS: 1.0, 0.0, 0.0, 0.0
vb0[506]+056 BLENDINDICES: 0, 0, 0, 0
vb0[506]+072 COLOR: 1.0, 0.5019607843137255, 0.5019607843137255, 0.0
vb0[506]+076 TEXCOORD: 0.9000235199928284, 0.0799182653427124

vb0[507]+000 POSITION: 0.020198380574584007, 2.553571939468384, 0.11828014254570007
vb0[507]+012 NORMAL: -0.5015307068824768, -0.2842631936073303, -0.8171054720878601
vb0[507]+024 TANGENT: -0.5235964059829712, -0.20593565702438354, -0.8267026543617249, -1.0
vb0[507]+040 BLENDWEIGHTS: 1.0, 0.0, 0.0, 0.0
vb0[507]+056 BLENDINDICES: 0, 0, 0, 0
vb0[507]+072 COLOR: 1.0, 0.5019607843137255, 0.5019607843137255, 0.0
vb0[507]+076 TEXCOORD: 0.898542046546936, 0.09270621091127396

vb0[508]+000 POSITION: 0.02006654255092144, 2.5517852306365967, 0.11872094124555588
vb0[508]+012 NORMAL: -0.4107268750667572, -0.6271865963935852, -0.6617706418037415
vb0[508]+024 TANGENT: -0.33308446407318115, -0.8384042978286743, -0.43143129348754883, -1.0
vb0[508]+040 BLENDWEIGHTS: 1.0, 0.0, 0.0, 0.0
vb0[508]+056 BLENDINDICES: 0, 0, 0, 0
vb0[508]+072 COLOR: 1.0, 0.5019607843137255, 0.5019607843137255, 0.0
vb0[508]+076 TEXCOORD: 0.897869884967804, 0.09511958807706833

vb0[509]+000 POSITION: 0.020632784813642502, 2.5517852306365967, 0.11838222295045853
vb0[509]+012 NORMAL: -0.468406617641449, -0.6062372922897339, -0.642706573009491
vb0[509]+024 TANGENT: -0.4929794371128082, -0.789199948310852, -0.36624422669410706, -1.0
vb0[509]+040 BLENDWEIGHTS: 1.0, 0.0, 0.0, 0.0
vb0[509]+056 BLENDINDICES: 0, 0, 0, 0
vb0[509]+072 COLOR: 1.0, 0.5019607843137255, 0.5019607843137255, 0.0
vb0[509]+076 TEXCOORD: 0.8971419334411621, 0.09419132769107819

vb0[510]+000 POSITION: 0.02115531638264656, 2.5531818866729736, 0.11771571636199951
vb0[510]+012 NORMAL: -0.7287274599075317, -0.17392821609973907, -0.662348210811615
vb0[510]+024 TANGENT: -0.7223917841911316, -0.11483310908079147, -0.6818822026252747, -1.0
vb0[510]+040 BLENDWEIGHTS: 1.0, 0.0, 0.0, 0.0
vb0[510]+056 BLENDINDICES: 0, 0, 0, 0
vb0[510]+072 COLOR: 1.0, 0.5019607843137255, 0.5019607843137255, 0.0
vb0[510]+076 TEXCOORD: 0.8974796533584595, 0.09215396642684937

vb0[511]+000 POSITION: 0.022288169711828232, 2.555837392807007, 0.11569219082593918
vb0[511]+012 NORMAL: -0.9260876774787903, -0.08429638296365738, -0.36777129769325256
vb0[511]+024 TANGENT: -0.8968967199325562, -0.11019133776426315, -0.4282921552658081, -1.0
vb0[511]+040 BLENDWEIGHTS: 1.0, 0.0, 0.0, 0.0
vb0[511]+056 BLENDINDICES: 0, 0, 0, 0
vb0[511]+072 COLOR: 1.0, 0.5019607843137255, 0.5019607843137255, 0.0
vb0[511]+076 TEXCOORD: 0.8975790143013, 0.08776195347309113

vb0[512]+000 POSITION: 0.02364012598991394, 2.5556554794311523, 0.11071441322565079
vb0[512]+012 NORMAL: -0.9660915732383728, -0.11623135209083557, -0.23055890202522278
vb0[512]+024 TANGENT: -0.9622959494590759, -0.16387373208999634, -0.21709877252578735, -1.0
vb0[512]+040 BLENDWEIGHTS: 1.0, 0.0, 0.0, 0.0
vb0[512]+056 BLENDINDICES: 0, 0, 0, 0
vb0[512]+072 COLOR: 1.0, 0.5019607843137255, 0.5019607843137255, 0.0
vb0[512]+076 TEXCOORD: 0.8978445529937744, 0.07950317114591599

vb0[513]+000 POSITION: 0.020785033702850342, 2.551788091659546, 0.11829929798841476
vb0[513]+012 NORMAL: -0.7223883271217346, 0.04158855229616165, -0.6902357935905457
vb0[513]+024 TANGENT: -0.9786580801010132, -0.17924098670482635, -0.10050392150878906, -1.0
vb0[513]+040 BLENDWEIGHTS: 1.0, 0.0, 0.0, 0.0
vb0[513]+056 BLENDINDICES: 0, 0, 0, 0
vb0[513]+072 COLOR: 1.0, 0.5019607843137255, 0.5019607843137255, 0.0
vb0[513]+076 TEXCOORD: 0.8969353437423706, 0.09395940601825714

vb0[514]+000 POSITION: 0.021703386679291725, 2.5519144535064697, 0.11729684472084045
vb0[514]+012 NORMAL: -0.824051022529602, 0.03257116675376892, -0.5655784010887146
vb0[514]+024 TANGENT: -0.7876338958740234, 0.04931795969605446, -0.6141666173934937, -1.0
vb0[514]+040 BLENDWEIGHTS: 1.0, 0.0, 0.0, 0.0
vb0[514]+056 BLENDINDICES: 0, 0, 0, 0
vb0[514]+072 COLOR: 1.0, 0.5019607843137255, 0.5019607843137255, 0.0
vb0[514]+076 TEXCOORD: 0.8968918323516846, 0.09235700219869614

vb0[515]+000 POSITION: 0.02263523079454899, 2.551988124847412, 0.11575291305780411
vb0[515]+012 NORMAL: -0.9456883072853088, 0.018802544102072716, -0.3245307505130768
vb0[515]+024 TANGENT: -0.9138311147689819, 0.026419401168823242, -0.40523406863212585, -1.0
vb0[515]+040 BLENDWEIGHTS: 1.0, 0.0, 0.0, 0.0
vb0[515]+056 BLENDINDICES: 0, 0, 0, 0
vb0[515]+072 COLOR: 1.0, 0.5019607843137255, 0.5019607843137255, 0.0
vb0[515]+076 TEXCOORD: 0.8957340121269226, 0.08785796910524368

vb0[516]+000 POSITION: 0.023795995861291885, 2.552234172821045, 0.11070218682289124
vb0[516]+012 NORMAL: -0.9741418361663818, 0.013599098660051823, -0.2255275547504425
vb0[516]+024 TANGENT: -0.9728355407714844, 0.021701455116271973, -0.23047776520252228, -1.0
vb0[516]+040 BLENDWEIGHTS: 1.0, 0.0, 0.0, 0.0
vb0[516]+056 BLENDINDICES: 0, 0, 0, 0
vb0[516]+072 COLOR: 1.0, 0.5019607843137255, 0.5019607843137255, 0.0
vb0[516]+076 TEXCOORD: 0.8960646986961365, 0.07916781306266785

vb0[517]+000 POSITION: 0.007144245319068432, 2.529402017593384, 0.11669770628213882
vb0[517]+012 NORMAL: 0.2610568404197693, -0.1300583928823471, 0.9565218687057495
vb0[517]+024 TANGENT: 0.25534573197364807, -0.15244992077350616, 0.9547553062438965, -1.0
vb0[517]+040 BLENDWEIGHTS: 1.0, 0.0, 0.0, 0.0
vb0[517]+056 BLENDINDICES: 0, 0, 0, 0
vb0[517]+072 COLOR: 1.0, 0.5019607843137255, 0.5019607843137255, 0.5019607843137255
vb0[517]+076 TEXCOORD: 0.4815923571586609, 0.27128300070762634

vb0[518]+000 POSITION: 0.004941333085298538, 2.516813278198242, 0.11648239940404892
vb0[518]+012 NORMAL: 0.22627639770507812, -0.19309203326702118, 0.9547327160835266
vb0[518]+024 TANGENT: 0.26922670006752014, -0.30344465374946594, 0.9140231013298035, -1.0
vb0[518]+040 BLENDWEIGHTS: 1.0, 0.0, 0.0, 0.0
vb0[518]+056 BLENDINDICES: 0, 0, 0, 0
vb0[518]+072 COLOR: 1.0, 0.5019607843137255, 0.5019607843137255, 0.5019607843137255
vb0[518]+076 TEXCOORD: 0.48867130279541016, 0.234680637717247

vb0[519]+000 POSITION: 0.006031817756593227, 2.5357186794281006, 0.11852029711008072
vb0[519]+012 NORMAL: 0.18519505858421326, -0.33457764983177185, 0.9239916801452637
vb0[519]+024 TANGENT: 0.20086854696273804, -0.36524972319602966, 0.9089798927307129, -1.0
vb0[519]+040 BLENDWEIGHTS: 1.0, 0.0, 0.0, 0.0
vb0[519]+056 BLENDINDICES: 0, 0, 0, 0
vb0[519]+072 COLOR: 1.0, 0.5019607843137255, 0.5019607843137255, 0.0
vb0[519]+076 TEXCOORD: 0.4848719835281372, 0.288530170917511

vb0[520]+000 POSITION: 0.005463830195367336, 2.540351629257202, 0.12105023860931396
vb0[520]+012 NORMAL: 0.16954520344734192, -0.5992041230201721, 0.782437801361084
vb0[520]+024 TANGENT: 0.1753866970539093, -0.5908764004707336, 0.7874670624732971, -1.0
vb0[520]+040 BLENDWEIGHTS: 1.0, 0.0, 0.0, 0.0
vb0[520]+056 BLENDINDICES: 0, 0, 0, 0
vb0[520]+072 COLOR: 1.0, 0.5019607843137255, 0.5019607843137255, 0.0
vb0[520]+076 TEXCOORD: 0.487398624420166, 0.30232423543930054

vb0[521]+000 POSITION: 0.011215641163289547, 2.5412814617156982, 0.12005292624235153
vb0[521]+012 NORMAL: 0.32690370082855225, -0.5568577647209167, 0.7635727524757385
vb0[521]+024 TANGENT: 0.32847028970718384, -0.553982675075531, 0.7649905681610107, -1.0
vb0[521]+040 BLENDWEIGHTS: 1.0, 0.0, 0.0, 0.0
vb0[521]+056 BLENDINDICES: 0, 0, 0, 0
vb0[521]+072 COLOR: 1.0, 0.5019607843137255, 0.5019607843137255, 0.0
vb0[521]+076 TEXCOORD: 0.47271835803985596, 0.3047352433204651

vb0[522]+000 POSITION: 0.004929971881210804, 2.5124564170837402, 0.11353107541799545
vb0[522]+012 NORMAL: 0.27165156602859497, -0.6997038722038269, 0.6607720851898193
vb0[522]+024 TANGENT: 0.27883827686309814, -0.7070839405059814, 0.6498318910598755, -1.0
vb0[522]+040 BLENDWEIGHTS: 1.0, 0.0, 0.0, 0.0
vb0[522]+056 BLENDINDICES: 0, 0, 0, 0
vb0[522]+072 COLOR: 1.0, 0.5019607843137255, 0.5019607843137255, 0.5019607843137255
vb0[522]+076 TEXCOORD: 0.4876462519168854, 0.2225738763809204

vb0[523]+000 POSITION: 0.008857819251716137, 2.513533592224121, 0.11227240413427353
vb0[523]+012 NORMAL: 0.5542389750480652, -0.6108555793762207, 0.5653977990150452
vb0[523]+024 TANGENT: 0.5135478973388672, -0.6350345611572266, 0.5770611763000488, -1.0
vb0[523]+040 BLENDWEIGHTS: 1.0, 0.0, 0.0, 0.0
vb0[523]+056 BLENDINDICES: 0, 0, 0, 0
vb0[523]+072 COLOR: 1.0, 0.5019607843137255, 0.5019607843137255, 0.5019607843137255
vb0[523]+076 TEXCOORD: 0.476410835981369, 0.22646135091781616

vb0[524]+000 POSITION: 0.008697827346622944, 2.5181455612182617, 0.11518947035074234
vb0[524]+012 NORMAL: 0.47481855750083923, -0.2247241586446762, 0.8509091734886169
vb0[524]+024 TANGENT: 0.47430285811424255, -0.2771635055541992, 0.8355939388275146, -1.0
vb0[524]+040 BLENDWEIGHTS: 1.0, 0.0, 0.0, 0.0
vb0[524]+056 BLENDINDICES: 0, 0, 0, 0
vb0[524]+072 COLOR: 1.0, 0.5019607843137255, 0.5019607843137255, 0.5019607843137255
vb0[524]+076 TEXCOORD: 0.478731632232666, 0.2375687062740326

vb0[525]+000 POSITION: 0.004943511448800564, 2.510152578353882, 0.10941115021705627
vb0[525]+012 NORMAL: 0.22799919545650482, -0.946853518486023, 0.2269027829170227
vb0[525]+024 TANGENT: 0.2458495795726776, -0.9355869293212891, 0.2534466087818146, -1.0
vb0[525]+040 BLENDWEIGHTS: 1.0, 0.0, 0.0, 0.0
vb0[525]+056 BLENDINDICES: 0, 0, 0, 0
vb0[525]+072 COLOR: 1.0, 0.5019607843137255, 0.5019607843137255, 0.5019607843137255
vb0[525]+076 TEXCOORD: 0.48500651121139526, 0.21426570415496826

vb0[526]+000 POSITION: 0.008793111890554428, 2.5111539363861084, 0.10761716961860657
vb0[526]+012 NORMAL: 0.49796029925346375, -0.8422438502311707, 0.20654511451721191
vb0[526]+024 TANGENT: 0.45403745770454407, -0.8721243143081665, 0.18234384059906006, -1.0
vb0[526]+040 BLENDWEIGHTS: 1.0, 0.0, 0.0, 0.0
vb0[526]+056 BLENDINDICES: 0, 0, 0, 0
vb0[526]+072 COLOR: 1.0, 0.5019607843137255, 0.5019607843137255, 0.5019607843137255
vb0[526]+076 TEXCOORD: 0.4726542830467224, 0.21598932147026062

vb0[527]+000 POSITION: 0.005107603035867214, 2.509589433670044, 0.10087891668081284
vb0[527]+012 NORMAL: 0.18455563485622406, -0.9813335537910461, 0.054071228951215744
vb0[527]+024 TANGENT: 0.1586969792842865, -0.98029625415802, -0.11762069910764694, -1.0
vb0[527]+040 BLENDWEIGHTS: 1.0, 0.0, 0.0, 0.0
vb0[527]+056 BLENDINDICES: 0, 0, 0, 0
vb0[527]+072 COLOR: 1.0, 0.5019607843137255, 0.5019607843137255, 0.5019607843137255
vb0[527]+076 TEXCOORD: 0.47795984148979187, 0.19979539513587952

vb0[528]+000 POSITION: 0.009233484044671059, 2.510685920715332, 0.0991736575961113
vb0[528]+012 NORMAL: 0.4926328659057617, -0.8681603670120239, 0.060086898505687714
vb0[528]+024 TANGENT: 0.318715900182724, -0.9363265633583069, -0.1473521888256073, -1.0
vb0[528]+040 BLENDWEIGHTS: 1.0, 0.0, 0.0, 0.0
vb0[528]+056 BLENDINDICES: 0, 0, 0, 0
vb0[528]+072 COLOR: 1.0, 0.5019607843137255, 0.5019607843137255, 0.5019607843137255
vb0[528]+076 TEXCOORD: 0.4572446644306183, 0.20512977242469788

vb0[529]+000 POSITION: 0.015491247177124023, 2.5171396732330322, 0.10798133909702301
vb0[529]+012 NORMAL: 0.659196138381958, -0.6245894432067871, 0.41874614357948303
vb0[529]+024 TANGENT: 0.6573330163955688, -0.6143907904624939, 0.436391144990921, -1.0
vb0[529]+040 BLENDWEIGHTS: 1.0, 0.0, 0.0, 0.0
vb0[529]+056 BLENDINDICES: 0, 0, 0, 0
vb0[529]+072 COLOR: 1.0, 0.5019607843137255, 0.5019607843137255, 0.5019607843137255
vb0[529]+076 TEXCOORD: 0.4543323218822479, 0.23567458987236023

vb0[530]+000 POSITION: 0.015243102796375751, 2.5147719383239746, 0.10150120407342911
vb0[530]+012 NORMAL: 0.6110014319419861, -0.7785373330116272, 0.14337711036205292
vb0[530]+024 TANGENT: 0.565759003162384, -0.8215371966362, 0.0706629678606987, -1.0
vb0[530]+040 BLENDWEIGHTS: 1.0, 0.0, 0.0, 0.0
vb0[530]+056 BLENDINDICES: 0, 0, 0, 0
vb0[530]+072 COLOR: 1.0, 0.5019607843137255, 0.5019607843137255, 0.5019607843137255
vb0[530]+076 TEXCOORD: 0.44446152448654175, 0.222368985414505

vb0[531]+000 POSITION: 0.015520276501774788, 2.5145339965820312, 0.0923282578587532
vb0[531]+012 NORMAL: 0.5632426738739014, -0.8262355327606201, -0.009626819752156734
vb0[531]+024 TANGENT: 0.38086971640586853, -0.9039614796638489, -0.19440147280693054, -1.0
vb0[531]+040 BLENDWEIGHTS: 1.0, 0.0, 0.0, 0.0
vb0[531]+056 BLENDINDICES: 0, 0, 0, 0
vb0[531]+072 COLOR: 1.0, 0.5019607843137255, 0.5019607843137255, 0.5019607843137255
vb0[531]+076 TEXCOORD: 0.43290016055107117, 0.21169738471508026

vb0[532]+000 POSITION: 0.024254953488707542, 2.52301025390625, 0.10169802606105804
vb0[532]+012 NORMAL: 0.6857295632362366, -0.6721853613853455, 0.27918049693107605
vb0[532]+024 TANGENT: 0.6887873411178589, -0.6553433537483215, 0.30999529361724854, -1.0
vb0[532]+040 BLENDWEIGHTS: 1.0, 0.0, 0.0, 0.0
vb0[532]+056 BLENDINDICES: 0, 0, 0, 0
vb0[532]+072 COLOR: 1.0, 0.5019607843137255, 0.5019607843137255, 0.5019607843137255
vb0[532]+076 TEXCOORD: 0.4234039783477783, 0.24906468391418457

vb0[533]+000 POSITION: 0.022248947992920876, 2.520627975463867, 0.08327346295118332
vb0[533]+012 NORMAL: 0.5210567116737366, -0.8440049290657043, -0.12710420787334442
vb0[533]+024 TANGENT: 0.45943912863731384, -0.8694746494293213, -0.18146485090255737, -1.0
vb0[533]+040 BLENDWEIGHTS: 1.0, 0.0, 0.0, 0.0
vb0[533]+056 BLENDINDICES: 0, 0, 0, 0
vb0[533]+072 COLOR: 1.0, 0.5019607843137255, 0.5019607843137255, 0.5019607843137255
vb0[533]+076 TEXCOORD: 0.3984726071357727, 0.22099481523036957

vb0[534]+000 POSITION: 0.02910781465470791, 2.525970458984375, 0.07467684149742126
vb0[534]+012 NORMAL: 0.46317628026008606, -0.8709739446640015, -0.16392725706100464
vb0[534]+024 TANGENT: 0.4447423219680786, -0.8779104948043823, -0.1774187833070755, -1.0
vb0[534]+040 BLENDWEIGHTS: 1.0, 0.0, 0.0, 0.0
vb0[534]+056 BLENDINDICES: 0, 0, 0, 0
vb0[534]+072 COLOR: 1.0, 0.5019607843137255, 0.5019607843137255, 0.5019607843137255
vb0[534]+076 TEXCOORD: 0.36031752824783325, 0.2308293581008911

vb0[535]+000 POSITION: 0.04242679104208946, 2.5339879989624023, 0.0701252669095993
vb0[535]+012 NORMAL: 0.5694747567176819, -0.8200030326843262, -0.05738964304327965
vb0[535]+024 TANGENT: 0.5714715719223022, -0.8189030885696411, -0.05308454856276512, -1.0
vb0[535]+040 BLENDWEIGHTS: 1.0, 0.0, 0.0, 0.0
vb0[535]+056 BLENDINDICES: 0, 0, 0, 0
vb0[535]+072 COLOR: 1.0, 0.5019607843137255, 0.5019607843137255, 0.5019607843137255
vb0[535]+076 TEXCOORD: 0.32369107007980347, 0.2556893825531006

vb0[536]+000 POSITION: 0.03870745748281479, 2.533503293991089, 0.06326445192098618
vb0[536]+012 NORMAL: 0.4552541673183441, -0.8708752989768982, -0.18525582551956177
vb0[536]+024 TANGENT: 0.4729941785335541, -0.8642685413360596, -0.17122003436088562, -1.0
vb0[536]+040 BLENDWEIGHTS: 1.0, 0.0, 0.0, 0.0
vb0[536]+056 BLENDINDICES: 0, 0, 0, 0
vb0[536]+072 COLOR: 1.0, 0.5019607843137255, 0.5019607843137255, 0.5019607843137255
vb0[536]+076 TEXCOORD: 0.3145052492618561, 0.2433280348777771

vb0[537]+000 POSITION: 0.041742242872714996, 2.534496784210205, 0.07897041738033295
vb0[537]+012 NORMAL: 0.6800696849822998, -0.7192145586013794, 0.14225195348262787
vb0[537]+024 TANGENT: 0.6809272170066833, -0.7199291586875916, 0.13431371748447418, -1.0
vb0[537]+040 BLENDWEIGHTS: 1.0, 0.0, 0.0, 0.0
vb0[537]+056 BLENDINDICES: 0, 0, 0, 0
vb0[537]+072 COLOR: 1.0, 0.5019607843137255, 0.5019607843137255, 0.5019607843137255
vb0[537]+076 TEXCOORD: 0.3445025086402893, 0.26408177614212036

vb0[538]+000 POSITION: 0.03665395453572273, 2.5450940132141113, 0.10714112967252731
vb0[538]+012 NORMAL: 0.5962582230567932, -0.42340174317359924, 0.6820608973503113
vb0[538]+024 TANGENT: 0.5989214777946472, -0.4286700487136841, 0.6764132380485535, -1.0
vb0[538]+040 BLENDWEIGHTS: 1.0, 0.0, 0.0, 0.0
vb0[538]+056 BLENDINDICES: 0, 0, 0, 0
vb0[538]+072 COLOR: 1.0, 0.5019607843137255, 0.5019607843137255, 0.5019607843137255
vb0[538]+076 TEXCOORD: 0.40209120512008667, 0.3144029974937439

vb0[539]+000 POSITION: 0.03326665237545967, 2.5504956245422363, 0.11285509914159775
vb0[539]+012 NORMAL: 0.5476889610290527, -0.38333067297935486, 0.7437031865119934
vb0[539]+024 TANGENT: 0.5389883518218994, -0.3882335424423218, 0.7475067973136902, -1.0
vb0[539]+040 BLENDWEIGHTS: 1.0, 0.0, 0.0, 0.0
vb0[539]+056 BLENDINDICES: 0, 0, 0, 0
vb0[539]+072 COLOR: 1.0, 0.5019607843137255, 0.5019607843137255, 0.0
vb0[539]+076 TEXCOORD: 0.41452598571777344, 0.33089908957481384

vb0[540]+000 POSITION: 0.03976912423968315, 2.5505926609039307, 0.10774664580821991
vb0[540]+012 NORMAL: 0.5895534753799438, -0.4120786190032959, 0.6947070956230164
vb0[540]+024 TANGENT: 0.5925445556640625, -0.4111965000629425, 0.6926820278167725, -1.0
vb0[540]+040 BLENDWEIGHTS: 1.0, 0.0, 0.0, 0.0
vb0[540]+056 BLENDINDICES: 0, 0, 0, 0
vb0[540]+072 COLOR: 1.0, 0.5019607843137255, 0.5019607843137255, 0.5019607843137255
vb0[540]+076 TEXCOORD: 0.3947561979293823, 0.32934388518333435

vb0[541]+000 POSITION: 0.03437849134206772, 2.5540406703948975, 0.11383619159460068
vb0[541]+012 NORMAL: 0.5474176406860352, -0.34699058532714844, 0.7615323662757874
vb0[541]+024 TANGENT: 0.5416262149810791, -0.35486239194869995, 0.7620457410812378, -1.0
vb0[541]+040 BLENDWEIGHTS: 1.0, 0.0, 0.0, 0.0
vb0[541]+056 BLENDINDICES: 0, 0, 0, 0
vb0[541]+072 COLOR: 1.0, 0.5019607843137255, 0.5019607843137255, 0.0
vb0[541]+076 TEXCOORD: 0.41189926862716675, 0.34059473872184753

vb0[542]+000 POSITION: 0.04129994288086891, 2.5560386180877686, 0.10954836010932922
vb0[542]+012 NORMAL: 0.5732453465461731, -0.36180105805397034, 0.7351800203323364
vb0[542]+024 TANGENT: 0.5722979307174683, -0.36056166887283325, 0.7365258932113647, -1.0
vb0[542]+040 BLENDWEIGHTS: 1.0, 0.0, 0.0, 0.0
vb0[542]+056 BLENDINDICES: 0, 0, 0, 0
vb0[542]+072 COLOR: 1.0, 0.5019607843137255, 0.5019607843137255, 0.5019607843137255
vb0[542]+076 TEXCOORD: 0.39127588272094727, 0.34415537118911743

vb0[543]+000 POSITION: 0.04813176020979881, 2.557817220687866, 0.1048634871840477
vb0[543]+012 NORMAL: 0.6599106192588806, -0.39643335342407227, 0.638246476650238
vb0[543]+024 TANGENT: 0.6472691297531128, -0.4146140515804291, 0.6396389007568359, -1.0
vb0[543]+040 BLENDWEIGHTS: 1.0, 0.0, 0.0, 0.0
vb0[543]+056 BLENDINDICES: 0, 0, 0, 0
vb0[543]+072 COLOR: 1.0, 0.5019607843137255, 0.5019607843137255, 0.5019607843137255
vb0[543]+076 TEXCOORD: 0.3721153140068054, 0.34725961089134216

vb0[544]+000 POSITION: 0.04586643725633621, 2.5651042461395264, 0.11020178347826004
vb0[544]+012 NORMAL: 0.5862610340118408, -0.26278963685035706, 0.7663156390190125
vb0[544]+024 TANGENT: 0.5572711825370789, -0.29800865054130554, 0.7750095725059509, -1.0
vb0[544]+040 BLENDWEIGHTS: 1.0, 0.0, 0.0, 0.0
vb0[544]+056 BLENDINDICES: 0, 0, 0, 0
vb0[544]+072 COLOR: 1.0, 0.5019607843137255, 0.5019607843137255, 0.5019607843137255
vb0[544]+076 TEXCOORD: 0.37991535663604736, 0.36866745352745056
