stride: 84
first vertex: 0
vertex count: 530
topology: trianglelist
element[0]:
  SemanticName: POSITION
  SemanticIndex: 0
  Format: R32G32B32_FLOAT
  InputSlot: 0
  AlignedByteOffset: 0
  InputSlotClass: per-vertex
  InstanceDataStepRate: 0
element[1]:
  SemanticName: NORMAL
  SemanticIndex: 0
  Format: R32G32B32_FLOAT
  InputSlot: 0
  AlignedByteOffset: 12
  InputSlotClass: per-vertex
  InstanceDataStepRate: 0
element[2]:
  SemanticName: TANGENT
  SemanticIndex: 0
  Format: R32G32B32A32_FLOAT
  InputSlot: 0
  AlignedByteOffset: 24
  InputSlotClass: per-vertex
  InstanceDataStepRate: 0
element[3]:
  SemanticName: BLENDWEIGHTS
  SemanticIndex: 0
  Format: R32G32B32A32_FLOAT
  InputSlot: 0
  AlignedByteOffset: 40
  InputSlotClass: per-vertex
  InstanceDataStepRate: 0
element[4]:
  SemanticName: BLENDINDICES
  SemanticIndex: 0
  Format: R32G32B32A32_UINT
  InputSlot: 0
  AlignedByteOffset: 56
  InputSlotClass: per-vertex
  InstanceDataStepRate: 0
element[5]:
  SemanticName: COLOR
  SemanticIndex: 0
  Format: R8G8B8A8_UNORM
  InputSlot: 0
  AlignedByteOffset: 72
  InputSlotClass: per-vertex
  InstanceDataStepRate: 0
element[6]:
  SemanticName: TEXCOORD
  SemanticIndex: 0
  Format: R32G32_FLOAT
  InputSlot: 0
  AlignedByteOffset: 76
  InputSlotClass: per-vertex
  InstanceDataStepRate: 0

vertex-data:

vb0[0]+000 POSITION: -0.013118753209710121, 2.6430957317352295, 0.1254776418209076
vb0[0]+012 NORMAL: -0.4932575821876526, -0.5203160643577576, 0.6971142292022705
vb0[0]+024 TANGENT: -0.4800138473510742, -0.5137642025947571, 0.7110787630081177, -1.0
vb0[0]+040 BLENDWEIGHTS: 1.0, 0.0, 0.0, 0.0
vb0[0]+056 BLENDINDICES: 0, 0, 0, 0
vb0[0]+072 COLOR: 1.0, 0.5019607843137255, 0.5019607843137255, 0.5019607843137255
vb0[0]+076 TEXCOORD: 0.5354077816009521, 0.5809985399246216

vb0[1]+000 POSITION: -0.010258836671710014, 2.634568929672241, 0.12169327586889267
vb0[1]+012 NORMAL: -0.5395982265472412, -0.38314253091812134, 0.7496902942657471
vb0[1]+024 TANGENT: -0.5517598986625671, -0.34124934673309326, 0.7609925866127014, -1.0
vb0[1]+040 BLENDWEIGHTS: 1.0, 0.0, 0.0, 0.0
vb0[1]+056 BLENDINDICES: 0, 0, 0, 0
vb0[1]+072 COLOR: 1.0, 0.5019607843137255, 0.5019607843137255, 0.5019607843137255
vb0[1]+076 TEXCOORD: 0.5306981801986694, 0.5585401058197021

vb0[2]+000 POSITION: -0.00711024971678853, 2.6419126987457275, 0.1282503753900528
vb0[2]+012 NORMAL: -0.34283486008644104, -0.4427226781845093, 0.8285293579101562
vb0[2]+024 TANGENT: -0.35538816452026367, -0.4480893015861511, 0.8203140497207642, -1.0
vb0[2]+040 BLENDWEIGHTS: 1.0, 0.0, 0.0, 0.0
vb0[2]+056 BLENDINDICES: 0, 0, 0, 0
vb0[2]+072 COLOR: 1.0, 0.5019607843137255, 0.5019607843137255, 0.5019607843137255
vb0[2]+076 TEXCOORD: 0.5183055400848389, 0.5786582231521606

vb0[3]+000 POSITION: -0.00625284668058157, 2.634321451187134, 0.12442444264888763
vb0[3]+012 NORMAL: -0.4289982318878174, -0.35496288537979126, 0.8306393623352051
vb0[3]+024 TANGENT: -0.45084404945373535, -0.30489131808280945, 0.8389165997505188, -1.0
vb0[3]+040 BLENDWEIGHTS: 1.0, 0.0, 0.0, 0.0
vb0[3]+056 BLENDINDICES: 0, 0, 0, 0
vb0[3]+072 COLOR: 1.0, 0.5019607843137255, 0.5019607843137255, 0.5019607843137255
vb0[3]+076 TEXCOORD: 0.5158737897872925, 0.560288667678833

vb0[4]+000 POSITION: -2.1648406800522935e-06, 2.6340506076812744, 0.12691698968410492
vb0[4]+012 NORMAL: 3.955280192258215e-07, -0.3512342572212219, 0.9362876415252686
vb0[4]+024 TANGENT: 0.0, -0.2952691316604614, 0.9554141759872437, -1.0
vb0[4]+040 BLENDWEIGHTS: 1.0, 0.0, 0.0, 0.0
vb0[4]+056 BLENDINDICES: 0, 0, 0, 0
vb0[4]+072 COLOR: 1.0, 0.5019607843137255, 0.5019607843137255, 0.5019607843137255
vb0[4]+076 TEXCOORD: 0.4999951124191284, 0.5604329109191895

vb0[5]+000 POSITION: -2.1648406800522935e-06, 2.641298532485962, 0.13006244599819183
vb0[5]+012 NORMAL: -3.8164589000189153e-07, -0.43644505739212036, 0.899730920791626
vb0[5]+024 TANGENT: 0.0, -0.43673384189605713, 0.8995907306671143, -1.0
vb0[5]+040 BLENDWEIGHTS: 1.0, 0.0, 0.0, 0.0
vb0[5]+056 BLENDINDICES: 0, 0, 0, 0
vb0[5]+072 COLOR: 1.0, 0.5019607843137255, 0.5019607843137255, 0.5019607843137255
vb0[5]+076 TEXCOORD: 0.4999951124191284, 0.5768990516662598

vb0[6]+000 POSITION: -0.015551838092505932, 2.6519527435302734, 0.13022543489933014
vb0[6]+012 NORMAL: -0.29642021656036377, -0.34501031041145325, 0.8905633687973022
vb0[6]+024 TANGENT: -0.29854774475097656, -0.3544754683971405, 0.8861243724822998, -1.0
vb0[6]+040 BLENDWEIGHTS: 1.0, 0.0, 0.0, 0.0
vb0[6]+056 BLENDINDICES: 0, 0, 0, 0
vb0[6]+072 COLOR: 1.0, 0.5019607843137255, 0.5019607843137255, 0.5019607843137255
vb0[6]+076 TEXCOORD: 0.5369373559951782, 0.6040571928024292

vb0[7]+000 POSITION: -2.1648406800522935e-06, 2.6493148803710938, 0.13379596173763275
vb0[7]+012 NORMAL: 3.170898708049208e-07, -0.320882648229599, 0.9471189379692078
vb0[7]+024 TANGENT: 0.0, -0.285064160823822, 0.9585084319114685, -1.0
vb0[7]+040 BLENDWEIGHTS: 1.0, 0.0, 0.0, 0.0
vb0[7]+056 BLENDINDICES: 0, 0, 0, 0
vb0[7]+072 COLOR: 1.0, 0.5019607843137255, 0.5019607843137255, 0.5019607843137255
vb0[7]+076 TEXCOORD: 0.4999951124191284, 0.5973392724990845

vb0[8]+000 POSITION: -0.007767133414745331, 2.650041341781616, 0.1320980191230774
vb0[8]+012 NORMAL: -0.252765029668808, -0.3038540482521057, 0.9185763001441956
vb0[8]+024 TANGENT: -0.256302148103714, -0.2953351140022278, 0.9203729629516602, -1.0
vb0[8]+040 BLENDWEIGHTS: 1.0, 0.0, 0.0, 0.0
vb0[8]+056 BLENDINDICES: 0, 0, 0, 0
vb0[8]+072 COLOR: 1.0, 0.5019607843137255, 0.5019607843137255, 0.5019607843137255
vb0[8]+076 TEXCOORD: 0.5191956758499146, 0.5991150140762329

vb0[9]+000 POSITION: -0.007800285704433918, 2.6555278301239014, 0.13291041553020477
vb0[9]+012 NORMAL: -0.19756366312503815, -0.08426541835069656, 0.9766616225242615
vb0[9]+024 TANGENT: -0.2040923833847046, -0.09600145369768143, 0.9742330312728882, -1.0
vb0[9]+040 BLENDWEIGHTS: 1.0, 0.0, 0.0, 0.0
vb0[9]+056 BLENDINDICES: 0, 0, 0, 0
vb0[9]+072 COLOR: 1.0, 0.5019607843137255, 0.5019607843137255, 0.5019607843137255
vb0[9]+076 TEXCOORD: 0.5188949108123779, 0.6157069206237793

vb0[10]+000 POSITION: -0.016367388889193535, 2.6580188274383545, 0.1313793659210205
vb0[10]+012 NORMAL: -0.2254510372877121, -0.08589059114456177, 0.9704610705375671
vb0[10]+024 TANGENT: -0.23265685141086578, -0.11463779211044312, 0.9657789468765259, -1.0
vb0[10]+040 BLENDWEIGHTS: 1.0, 0.0, 0.0, 0.0
vb0[10]+056 BLENDINDICES: 0, 0, 0, 0
vb0[10]+072 COLOR: 1.0, 0.5019607843137255, 0.5019607843137255, 0.5019607843137255
vb0[10]+076 TEXCOORD: 0.5385401248931885, 0.6215207576751709

vb0[11]+000 POSITION: -2.1648406800522935e-06, 2.654492139816284, 0.13431289792060852
vb0[11]+012 NORMAL: 2.9441903848237416e-07, -0.06632724404335022, 0.997797966003418
vb0[11]+024 TANGENT: 0.0, -0.07571607828140259, 0.9971293807029724, -1.0
vb0[11]+040 BLENDWEIGHTS: 1.0, 0.0, 0.0, 0.0
vb0[11]+056 BLENDINDICES: 0, 0, 0, 0
vb0[11]+072 COLOR: 1.0, 0.5019607843137255, 0.5019607843137255, 0.5019607843137255
vb0[11]+076 TEXCOORD: 0.4999951124191284, 0.6133259534835815

vb0[12]+000 POSITION: -0.01182006299495697, 2.6714460849761963, 0.1328512579202652
vb0[12]+012 NORMAL: -0.19121567904949188, 0.055277269333601, 0.9799903035163879
vb0[12]+024 TANGENT: -0.1901710033416748, 0.03228747844696045, 0.9812198877334595, -1.0
vb0[12]+040 BLENDWEIGHTS: 1.0, 0.0, 0.0, 0.0
vb0[12]+056 BLENDINDICES: 0, 0, 0, 0
vb0[12]+072 COLOR: 1.0, 0.5019607843137255, 0.5019607843137255, 0.5019607843137255
vb0[12]+076 TEXCOORD: 0.5269441604614258, 0.6542574167251587

vb0[13]+000 POSITION: -2.1648406800522935e-06, 2.669901132583618, 0.13460783660411835
vb0[13]+012 NORMAL: 1.1200006611034041e-07, 0.036194443702697754, 0.9993447661399841
vb0[13]+024 TANGENT: 0.0, 0.022353528067469597, 0.9997500777244568, -1.0
vb0[13]+040 BLENDWEIGHTS: 1.0, 0.0, 0.0, 0.0
vb0[13]+056 BLENDINDICES: 0, 0, 0, 0
vb0[13]+072 COLOR: 1.0, 0.5019607843137255, 0.5019607843137255, 0.5019607843137255
vb0[13]+076 TEXCOORD: 0.4999951124191284, 0.6483198404312134

vb0[14]+000 POSITION: -0.00569199537858367, 2.6298327445983887, 0.12402008473873138
vb0[14]+012 NORMAL: -0.5582007765769958, 0.054609671235084534, 0.8279068470001221
vb0[14]+024 TANGENT: -0.547167181968689, 0.015046357177197933, 0.8368880748748779, -1.0
vb0[14]+040 BLENDWEIGHTS: 1.0, 0.0, 0.0, 0.0
vb0[14]+056 BLENDINDICES: 0, 0, 0, 0
vb0[14]+072 COLOR: 1.0, 0.5019607843137255, 0.5019607843137255, 0.5019607843137255
vb0[14]+076 TEXCOORD: 0.5150811672210693, 0.5461562871932983

vb0[15]+000 POSITION: -2.1648406800522935e-06, 2.630293130874634, 0.12649798393249512
vb0[15]+012 NORMAL: 4.116246600460727e-06, 0.12608054280281067, 0.9920199513435364
vb0[15]+024 TANGENT: 0.0, 0.07965791970491409, 0.9968222379684448, -1.0
vb0[15]+040 BLENDWEIGHTS: 1.0, 0.0, 0.0, 0.0
vb0[15]+056 BLENDINDICES: 0, 0, 0, 0
vb0[15]+072 COLOR: 1.0, 0.5019607843137255, 0.5019607843137255, 0.5019607843137255
vb0[15]+076 TEXCOORD: 0.49999499320983887, 0.5479941368103027

vb0[16]+000 POSITION: -0.005507840774953365, 2.6232314109802246, 0.12611578404903412
vb0[16]+012 NORMAL: -0.6202531456947327, 0.26790136098861694, 0.7372346520423889
vb0[16]+024 TANGENT: -0.6095265746116638, 0.2700910270214081, 0.7453375458717346, -1.0
vb0[16]+040 BLENDWEIGHTS: 1.0, 0.0, 0.0, 0.0
vb0[16]+056 BLENDINDICES: 0, 0, 0, 0
vb0[16]+072 COLOR: 1.0, 0.5019607843137255, 0.5019607843137255, 0.5019607843137255
vb0[16]+076 TEXCOORD: 0.5152010917663574, 0.5294203758239746

vb0[17]+000 POSITION: -0.009755238890647888, 2.629021644592285, 0.12059661746025085
vb0[17]+012 NORMAL: -0.6244993805885315, 0.004691736772656441, 0.7810112237930298
vb0[17]+024 TANGENT: -0.6278040409088135, -0.03776371479034424, 0.7774547934532166, -1.0
vb0[17]+040 BLENDWEIGHTS: 1.0, 0.0, 0.0, 0.0
vb0[17]+056 BLENDINDICES: 0, 0, 0, 0
vb0[17]+072 COLOR: 1.0, 0.5019607843137255, 0.5019607843137255, 0.5019607843137255
vb0[17]+076 TEXCOORD: 0.5316058397293091, 0.5444594621658325

vb0[18]+000 POSITION: -0.009305870160460472, 2.6212596893310547, 0.12151005119085312
vb0[18]+012 NORMAL: -0.6403988003730774, 0.22668778896331787, 0.7338270545005798
vb0[18]+024 TANGENT: -0.6652126312255859, 0.21226570010185242, 0.7158458232879639, -1.0
vb0[18]+040 BLENDWEIGHTS: 1.0, 0.0, 0.0, 0.0
vb0[18]+056 BLENDINDICES: 0, 0, 0, 0
vb0[18]+072 COLOR: 1.0, 0.5019607843137255, 0.5019607843137255, 0.5019607843137255
vb0[18]+076 TEXCOORD: 0.5327093601226807, 0.5254188776016235

vb0[19]+000 POSITION: -0.01454087719321251, 2.6286489963531494, 0.11681732535362244
vb0[19]+012 NORMAL: -0.547212541103363, 0.013006913475692272, 0.8368926048278809
vb0[19]+024 TANGENT: -0.5530900359153748, -0.030400274321436882, 0.8325666189193726, -1.0
vb0[19]+040 BLENDWEIGHTS: 1.0, 0.0, 0.0, 0.0
vb0[19]+056 BLENDINDICES: 0, 0, 0, 0
vb0[19]+072 COLOR: 1.0, 0.5019607843137255, 0.5019607843137255, 0.0
vb0[19]+076 TEXCOORD: 0.5490444898605347, 0.5433124303817749

vb0[20]+000 POSITION: -0.01692739687860012, 2.6196484565734863, 0.11707845330238342
vb0[20]+012 NORMAL: -0.4725998044013977, 0.285724401473999, 0.8336731791496277
vb0[20]+024 TANGENT: -0.4830840528011322, 0.2705949544906616, 0.8327113389968872, -1.0
vb0[20]+040 BLENDWEIGHTS: 1.0, 0.0, 0.0, 0.0
vb0[20]+056 BLENDINDICES: 0, 0, 0, 0
vb0[20]+072 COLOR: 1.0, 0.5019607843137255, 0.5019607843137255, 0.0
vb0[20]+076 TEXCOORD: 0.5566562414169312, 0.5209746360778809

vb0[21]+000 POSITION: -2.1648406800522935e-06, 2.623941659927368, 0.1284741908311844
vb0[21]+012 NORMAL: 1.94405311049195e-06, 0.3804275393486023, 0.9248107671737671
vb0[21]+024 TANGENT: 0.0, 0.38195016980171204, 0.9241829514503479, -1.0
vb0[21]+040 BLENDWEIGHTS: 1.0, 0.0, 0.0, 0.0
vb0[21]+056 BLENDINDICES: 0, 0, 0, 0
vb0[21]+072 COLOR: 1.0, 0.5019607843137255, 0.5019607843137255, 0.5019607843137255
vb0[21]+076 TEXCOORD: 0.49999523162841797, 0.531885027885437

vb0[22]+000 POSITION: -0.02153678610920906, 2.6285040378570557, 0.11247594654560089
vb0[22]+012 NORMAL: -0.38759124279022217, -0.00018193048890680075, 0.9218313097953796
vb0[22]+024 TANGENT: -0.42043328285217285, -0.017217278480529785, 0.9071601629257202, -1.0
vb0[22]+040 BLENDWEIGHTS: 1.0, 0.0, 0.0, 0.0
vb0[22]+056 BLENDINDICES: 0, 0, 0, 0
vb0[22]+072 COLOR: 1.0, 0.5019607843137255, 0.5019607843137255, 0.0
vb0[22]+076 TEXCOORD: 0.5704717636108398, 0.5429589748382568

vb0[23]+000 POSITION: -0.02464192360639572, 2.6224937438964844, 0.11223603039979935
vb0[23]+012 NORMAL: -0.32932576537132263, 0.22761990129947662, 0.9163698554039001
vb0[23]+024 TANGENT: -0.3476828336715698, 0.22962690889835358, 0.9090589880943298, -1.0
vb0[23]+040 BLENDWEIGHTS: 1.0, 0.0, 0.0, 0.0
vb0[23]+056 BLENDINDICES: 0, 0, 0, 0
vb0[23]+072 COLOR: 1.0, 0.5019607843137255, 0.5019607843137255, 0.0
vb0[23]+076 TEXCOORD: 0.5798500776290894, 0.5277526378631592

vb0[24]+000 POSITION: -0.0547298938035965, 2.6330554485321045, 0.10298257321119308
vb0[24]+012 NORMAL: -0.38054829835891724, -0.1432717889547348, 0.9135951399803162
vb0[24]+024 TANGENT: -0.39971688389778137, -0.1642167717218399, 0.9018089771270752, -1.0
vb0[24]+040 BLENDWEIGHTS: 1.0, 0.0, 0.0, 0.0
vb0[24]+056 BLENDINDICES: 0, 0, 0, 0
vb0[24]+072 COLOR: 1.0, 0.5019607843137255, 0.5019607843137255, 0.0
vb0[24]+076 TEXCOORD: 0.637721836566925, 0.5322203636169434

vb0[25]+000 POSITION: -0.022000808268785477, 2.6336147785186768, 0.11335963010787964
vb0[25]+012 NORMAL: -0.38780534267425537, -0.29899585247039795, 0.871899425983429
vb0[25]+024 TANGENT: -0.41785383224487305, -0.2906353175640106, 0.860772430896759, -1.0
vb0[25]+040 BLENDWEIGHTS: 1.0, 0.0, 0.0, 0.0
vb0[25]+056 BLENDINDICES: 0, 0, 0, 0
vb0[25]+072 COLOR: 1.0, 0.5019607843137255, 0.5019607843137255, 0.0
vb0[25]+076 TEXCOORD: 0.5694024562835693, 0.5554076433181763

vb0[26]+000 POSITION: -0.009349684230983257, 2.614274501800537, 0.1246895119547844
vb0[26]+012 NORMAL: -0.6759264469146729, 0.3010397255420685, 0.672680139541626
vb0[26]+024 TANGENT: -0.6966814994812012, 0.29577410221099854, 0.6535690426826477, -1.0
vb0[26]+040 BLENDWEIGHTS: 1.0, 0.0, 0.0, 0.0
vb0[26]+056 BLENDINDICES: 0, 0, 0, 0
vb0[26]+072 COLOR: 1.0, 0.5019607843137255, 0.5019607843137255, 0.5019607843137255
vb0[26]+076 TEXCOORD: 0.5321807861328125, 0.5067892074584961

vb0[27]+000 POSITION: -0.016648249700665474, 2.61004900932312, 0.12121552228927612
vb0[27]+012 NORMAL: -0.4757247567176819, 0.32561859488487244, 0.8171036839485168
vb0[27]+024 TANGENT: -0.47877946496009827, 0.3252068758010864, 0.8154819011688232, -1.0
vb0[27]+040 BLENDWEIGHTS: 1.0, 0.0, 0.0, 0.0
vb0[27]+056 BLENDINDICES: 0, 0, 0, 0
vb0[27]+072 COLOR: 1.0, 0.5019607843137255, 0.5019607843137255, 0.5019607843137255
vb0[27]+076 TEXCOORD: 0.5533860921859741, 0.4950599670410156

vb0[28]+000 POSITION: -0.027118410915136337, 2.60971736907959, 0.11674664914608002
vb0[28]+012 NORMAL: -0.3523823022842407, 0.3532595634460449, 0.8666224479675293
vb0[28]+024 TANGENT: -0.35195252299308777, 0.3499769866466522, 0.8681275248527527, -1.0
vb0[28]+040 BLENDWEIGHTS: 1.0, 0.0, 0.0, 0.0
vb0[28]+056 BLENDINDICES: 0, 0, 0, 0
vb0[28]+072 COLOR: 1.0, 0.5019607843137255, 0.5019607843137255, 0.25098039215686274
vb0[28]+076 TEXCOORD: 0.5814703702926636, 0.49227237701416016

vb0[29]+000 POSITION: -0.025187185034155846, 2.604541778564453, 0.11968632787466049
vb0[29]+012 NORMAL: -0.3724344074726105, 0.30402714014053345, 0.8768466711044312
vb0[29]+024 TANGENT: -0.36790168285369873, 0.2980804145336151, 0.8807930946350098, -1.0
vb0[29]+040 BLENDWEIGHTS: 1.0, 0.0, 0.0, 0.0
vb0[29]+056 BLENDINDICES: 0, 0, 0, 0
vb0[29]+072 COLOR: 1.0, 0.5019607843137255, 0.5019607843137255, 0.5019607843137255
vb0[29]+076 TEXCOORD: 0.5741798877716064, 0.4780973196029663

vb0[30]+000 POSITION: -0.005351700820028782, 2.6171464920043945, 0.1294241100549698
vb0[30]+012 NORMAL: -0.6523755788803101, 0.350302129983902, 0.672082245349884
vb0[30]+024 TANGENT: -0.6257724165916443, 0.36091524362564087, 0.691483199596405, -1.0
vb0[30]+040 BLENDWEIGHTS: 1.0, 0.0, 0.0, 0.0
vb0[30]+056 BLENDINDICES: 0, 0, 0, 0
vb0[30]+072 COLOR: 1.0, 0.5019607843137255, 0.5019607843137255, 0.5019607843137255
vb0[30]+076 TEXCOORD: 0.5146533250808716, 0.5124354362487793

vb0[31]+000 POSITION: -2.1648406800522935e-06, 2.6180148124694824, 0.13150136172771454
vb0[31]+012 NORMAL: 1.4233975207389449e-06, 0.47882625460624695, 0.8779097199440002
vb0[31]+024 TANGENT: 0.0, 0.4770737886428833, 0.8788632154464722, -1.0
vb0[31]+040 BLENDWEIGHTS: 1.0, 0.0, 0.0, 0.0
vb0[31]+056 BLENDINDICES: 0, 0, 0, 0
vb0[31]+072 COLOR: 1.0, 0.5019607843137255, 0.5019607843137255, 0.5019607843137255
vb0[31]+076 TEXCOORD: 0.4999951124191284, 0.5157899856567383

vb0[32]+000 POSITION: -0.014828850515186787, 2.634350538253784, 0.11822632700204849
vb0[32]+012 NORMAL: -0.5375597476959229, -0.3673897683620453, 0.7589823603630066
vb0[32]+024 TANGENT: -0.5460306406021118, -0.337003231048584, 0.7669937014579773, -1.0
vb0[32]+040 BLENDWEIGHTS: 1.0, 0.0, 0.0, 0.0
vb0[32]+056 BLENDINDICES: 0, 0, 0, 0
vb0[32]+072 COLOR: 1.0, 0.5019607843137255, 0.5019607843137255, 0.0
vb0[32]+076 TEXCOORD: 0.5469361543655396, 0.5571000576019287

vb0[33]+000 POSITION: -0.005111703649163246, 2.609088897705078, 0.13405196368694305
vb0[33]+012 NORMAL: -0.676173985004425, 0.3670843243598938, 0.6387783288955688
vb0[33]+024 TANGENT: -0.643889307975769, 0.38281869888305664, 0.6624623537063599, -1.0
vb0[33]+040 BLENDWEIGHTS: 1.0, 0.0, 0.0, 0.0
vb0[33]+056 BLENDINDICES: 0, 0, 0, 0
vb0[33]+072 COLOR: 1.0, 0.5019607843137255, 0.5019607843137255, 0.5019607843137255
vb0[33]+076 TEXCOORD: 0.5146421194076538, 0.4929410219192505

vb0[34]+000 POSITION: -2.1648406800522935e-06, 2.6104259490966797, 0.13581150770187378
vb0[34]+012 NORMAL: 1.5332556131397723e-06, 0.5198696255683899, 0.8542456030845642
vb0[34]+024 TANGENT: 0.0, 0.518376350402832, 0.8551525473594666, -1.0
vb0[34]+040 BLENDWEIGHTS: 1.0, 0.0, 0.0, 0.0
vb0[34]+056 BLENDINDICES: 0, 0, 0, 0
vb0[34]+072 COLOR: 1.0, 0.5019607843137255, 0.5019607843137255, 0.5019607843137255
vb0[34]+076 TEXCOORD: 0.4999951124191284, 0.496554970741272

vb0[35]+000 POSITION: -0.0048728990368545055, 2.600480794906616, 0.13961754739284515
vb0[35]+012 NORMAL: -0.687143087387085, 0.37969011068344116, 0.6194108128547668
vb0[35]+024 TANGENT: -0.6544454097747803, 0.39820972084999084, 0.6427520513534546, -1.0
vb0[35]+040 BLENDWEIGHTS: 1.0, 0.0, 0.0, 0.0
vb0[35]+056 BLENDINDICES: 0, 0, 0, 0
vb0[35]+072 COLOR: 1.0, 0.5019607843137255, 0.5019607843137255, 0.5019607843137255
vb0[35]+076 TEXCOORD: 0.5135738849639893, 0.47043097019195557

vb0[36]+000 POSITION: -2.1648406800522935e-06, 2.6017472743988037, 0.14166702330112457
vb0[36]+012 NORMAL: 8.165653753167135e-07, 0.5467825531959534, 0.8372746706008911
vb0[36]+024 TANGENT: 0.0, 0.5467824935913086, 0.8372746706008911, -1.0
vb0[36]+040 BLENDWEIGHTS: 1.0, 0.0, 0.0, 0.0
vb0[36]+056 BLENDINDICES: 0, 0, 0, 0
vb0[36]+072 COLOR: 1.0, 0.5019607843137255, 0.5019607843137255, 0.5019607843137255
vb0[36]+076 TEXCOORD: 0.4999951124191284, 0.47695040702819824

vb0[37]+000 POSITION: -0.009290670976042747, 2.6054975986480713, 0.12898211181163788
vb0[37]+012 NORMAL: -0.7353262305259705, 0.2833186388015747, 0.6156507730484009
vb0[37]+024 TANGENT: -0.7420623302459717, 0.2819782495498657, 0.6081379652023315, -1.0
vb0[37]+040 BLENDWEIGHTS: 1.0, 0.0, 0.0, 0.0
vb0[37]+056 BLENDINDICES: 0, 0, 0, 0
vb0[37]+072 COLOR: 1.0, 0.5019607843137255, 0.5019607843137255, 0.5019607843137255
vb0[37]+076 TEXCOORD: 0.5304242372512817, 0.4827563762664795

vb0[38]+000 POSITION: -0.008898281492292881, 2.596714973449707, 0.13437142968177795
vb0[38]+012 NORMAL: -0.7735772728919983, 0.27165094017982483, 0.5725241899490356
vb0[38]+024 TANGENT: -0.776479959487915, 0.2716025114059448, 0.5686044692993164, -1.0
vb0[38]+040 BLENDWEIGHTS: 1.0, 0.0, 0.0, 0.0
vb0[38]+056 BLENDINDICES: 0, 0, 0, 0
vb0[38]+072 COLOR: 1.0, 0.5019607843137255, 0.5019607843137255, 0.5019607843137255
vb0[38]+076 TEXCOORD: 0.5273786783218384, 0.4589710235595703

vb0[39]+000 POSITION: -0.015660740435123444, 2.6009984016418457, 0.12518525123596191
vb0[39]+012 NORMAL: -0.5574141144752502, 0.2752971947193146, 0.7832629680633545
vb0[39]+024 TANGENT: -0.5570152401924133, 0.27376794815063477, 0.7840824723243713, -1.0
vb0[39]+040 BLENDWEIGHTS: 1.0, 0.0, 0.0, 0.0
vb0[39]+056 BLENDINDICES: 0, 0, 0, 0
vb0[39]+072 COLOR: 1.0, 0.5019607843137255, 0.5019607843137255, 0.5019607843137255
vb0[39]+076 TEXCOORD: 0.5486354827880859, 0.47028136253356934

vb0[40]+000 POSITION: -0.014332246035337448, 2.592390775680542, 0.12894120812416077
vb0[40]+012 NORMAL: -0.6112325191497803, 0.24462580680847168, 0.7526971697807312
vb0[40]+024 TANGENT: -0.6049284934997559, 0.2428809404373169, 0.7583339214324951, -1.0
vb0[40]+040 BLENDWEIGHTS: 1.0, 0.0, 0.0, 0.0
vb0[40]+056 BLENDINDICES: 0, 0, 0, 0
vb0[40]+072 COLOR: 1.0, 0.5019607843137255, 0.5019607843137255, 0.5019607843137255
vb0[40]+076 TEXCOORD: 0.5423340797424316, 0.4467732906341553

vb0[41]+000 POSITION: -0.022845221683382988, 2.596510171890259, 0.12275048345327377
vb0[41]+012 NORMAL: -0.4223106801509857, 0.23362122476100922, 0.8758280873298645
vb0[41]+024 TANGENT: -0.4110560715198517, 0.22604194283485413, 0.8831409811973572, -1.0
vb0[41]+040 BLENDWEIGHTS: 1.0, 0.0, 0.0, 0.0
vb0[41]+056 BLENDINDICES: 0, 0, 0, 0
vb0[41]+072 COLOR: 1.0, 0.5019607843137255, 0.5019607843137255, 0.5019607843137255
vb0[41]+076 TEXCOORD: 0.5661084651947021, 0.45627641677856445

vb0[42]+000 POSITION: -0.03382788226008415, 2.5982108116149902, 0.11811722815036774
vb0[42]+012 NORMAL: -0.3573349118232727, 0.22757728397846222, 0.9058257937431335
vb0[42]+024 TANGENT: -0.3587324619293213, 0.21793505549430847, 0.907642662525177, -1.0
vb0[42]+040 BLENDWEIGHTS: 1.0, 0.0, 0.0, 0.0
vb0[42]+056 BLENDINDICES: 0, 0, 0, 0
vb0[42]+072 COLOR: 1.0, 0.5019607843137255, 0.5019607843137255, 0.5019607843137255
vb0[42]+076 TEXCOORD: 0.5934340953826904, 0.4589052200317383

vb0[43]+000 POSITION: -0.02052631787955761, 2.5885748863220215, 0.12543511390686035
vb0[43]+012 NORMAL: -0.4627789556980133, 0.18698377907276154, 0.8665290474891663
vb0[43]+024 TANGENT: -0.4464106857776642, 0.1709679514169693, 0.8783435821533203, -1.0
vb0[43]+040 BLENDWEIGHTS: 1.0, 0.0, 0.0, 0.0
vb0[43]+056 BLENDINDICES: 0, 0, 0, 0
vb0[43]+072 COLOR: 1.0, 0.5019607843137255, 0.5019607843137255, 0.5019607843137255
vb0[43]+076 TEXCOORD: 0.5553791522979736, 0.43544912338256836

vb0[44]+000 POSITION: -0.018084729090332985, 2.6432178020477295, 0.12160084396600723
vb0[44]+012 NORMAL: -0.5103470087051392, -0.5297210216522217, 0.6774522066116333
vb0[44]+024 TANGENT: -0.5130152702331543, -0.5270240306854248, 0.6775403618812561, -1.0
vb0[44]+040 BLENDWEIGHTS: 1.0, 0.0, 0.0, 0.0
vb0[44]+056 BLENDINDICES: 0, 0, 0, 0
vb0[44]+072 COLOR: 1.0, 0.5019607843137255, 0.5019607843137255, 0.0
vb0[44]+076 TEXCOORD: 0.5512470006942749, 0.5805435180664062

vb0[45]+000 POSITION: -0.022438550367951393, 2.6542651653289795, 0.12894517183303833
vb0[45]+012 NORMAL: -0.39056235551834106, -0.508095920085907, 0.767658531665802
vb0[45]+024 TANGENT: -0.3474275767803192, -0.4245281219482422, 0.8361039757728577, -1.0
vb0[45]+040 BLENDWEIGHTS: 1.0, 0.0, 0.0, 0.0
vb0[45]+056 BLENDINDICES: 0, 0, 0, 0
vb0[45]+072 COLOR: 1.0, 0.5019607843137255, 0.5019607843137255, 0.5019607843137255
vb0[45]+076 TEXCOORD: 0.5539993047714233, 0.6133594512939453

vb0[46]+000 POSITION: -0.02458428032696247, 2.6512460708618164, 0.1237604022026062
vb0[46]+012 NORMAL: -0.4266413450241089, -0.6380053758621216, 0.6410353183746338
vb0[46]+024 TANGENT: -0.4189596176147461, -0.6466643214225769, 0.6374151706695557, -1.0
vb0[46]+040 BLENDWEIGHTS: 1.0, 0.0, 0.0, 0.0
vb0[46]+056 BLENDINDICES: 0, 0, 0, 0
vb0[46]+072 COLOR: 1.0, 0.5019607843137255, 0.5019607843137255, 0.0
vb0[46]+076 TEXCOORD: 0.5642538070678711, 0.6030588150024414

vb0[47]+000 POSITION: -0.031577687710523605, 2.65755558013916, 0.12721772491931915
vb0[47]+012 NORMAL: -0.331221342086792, -0.4717652499675751, 0.8171473741531372
vb0[47]+024 TANGENT: -0.3233727216720581, -0.40757766366004944, 0.8539968729019165, -1.0
vb0[47]+040 BLENDWEIGHTS: 1.0, 0.0, 0.0, 0.0
vb0[47]+056 BLENDINDICES: 0, 0, 0, 0
vb0[47]+072 COLOR: 1.0, 0.5019607843137255, 0.5019607843137255, 0.5019607843137255
vb0[47]+076 TEXCOORD: 0.5757899284362793, 0.6244831085205078

vb0[48]+000 POSITION: -0.033126093447208405, 2.65450119972229, 0.12337882071733475
vb0[48]+012 NORMAL: -0.3252430856227875, -0.6857601404190063, 0.6511145234107971
vb0[48]+024 TANGENT: -0.328774094581604, -0.6823586225509644, 0.6529121398925781, -1.0
vb0[48]+040 BLENDWEIGHTS: 1.0, 0.0, 0.0, 0.0
vb0[48]+056 BLENDINDICES: 0, 0, 0, 0
vb0[48]+072 COLOR: 1.0, 0.5019607843137255, 0.5019607843137255, 0.0
vb0[48]+076 TEXCOORD: 0.583249568939209, 0.6152970790863037

vb0[49]+000 POSITION: -0.04102548211812973, 2.6599884033203125, 0.12453944236040115
vb0[49]+012 NORMAL: -0.3605671525001526, -0.3174232840538025, 0.8770597577095032
vb0[49]+024 TANGENT: -0.35428258776664734, -0.3394968807697296, 0.8713355660438538, -1.0
vb0[49]+040 BLENDWEIGHTS: 1.0, 0.0, 0.0, 0.0
vb0[49]+056 BLENDINDICES: 0, 0, 0, 0
vb0[49]+072 COLOR: 1.0, 0.5019607843137255, 0.5019607843137255, 0.5019607843137255
vb0[49]+076 TEXCOORD: 0.5987751483917236, 0.6328535079956055

vb0[50]+000 POSITION: -0.041771478950977325, 2.6571133136749268, 0.12162873148918152
vb0[50]+012 NORMAL: -0.31428295373916626, -0.6419975161552429, 0.6993321180343628
vb0[50]+024 TANGENT: -0.3209556043148041, -0.6283740997314453, 0.7086136937141418, -1.0
vb0[50]+040 BLENDWEIGHTS: 1.0, 0.0, 0.0, 0.0
vb0[50]+056 BLENDINDICES: 0, 0, 0, 0
vb0[50]+072 COLOR: 1.0, 0.5019607843137255, 0.5019607843137255, 0.0
vb0[50]+076 TEXCOORD: 0.6037259101867676, 0.6243914365768433

vb0[51]+000 POSITION: -0.038805484771728516, 2.665053367614746, 0.12572836875915527
vb0[51]+012 NORMAL: -0.3149416744709015, 0.005489220842719078, 0.9490951895713806
vb0[51]+024 TANGENT: -0.314537912607193, -0.015394806861877441, 0.9491201043128967, -1.0
vb0[51]+040 BLENDWEIGHTS: 1.0, 0.0, 0.0, 0.0
vb0[51]+056 BLENDINDICES: 0, 0, 0, 0
vb0[51]+072 COLOR: 1.0, 0.5019607843137255, 0.5019607843137255, 0.5019607843137255
vb0[51]+076 TEXCOORD: 0.5919936895370483, 0.6441811323165894

vb0[52]+000 POSITION: -0.048623498529195786, 2.667910099029541, 0.1219467967748642
vb0[52]+012 NORMAL: -0.3981010317802429, 0.040870554745197296, 0.9164307117462158
vb0[52]+024 TANGENT: -0.39625415205955505, 0.039666056632995605, 0.9172835946083069, -1.0
vb0[52]+040 BLENDWEIGHTS: 1.0, 0.0, 0.0, 0.0
vb0[52]+056 BLENDINDICES: 0, 0, 0, 0
vb0[52]+072 COLOR: 1.0, 0.5019607843137255, 0.5019607843137255, 0.5019607843137255
vb0[52]+076 TEXCOORD: 0.6156129837036133, 0.6545994281768799

vb0[53]+000 POSITION: -0.04495105519890785, 2.678102970123291, 0.12285584956407547
vb0[53]+012 NORMAL: -0.3633911907672882, 0.10837580263614655, 0.9253115653991699
vb0[53]+024 TANGENT: -0.3743039071559906, 0.09879599511623383, 0.922028124332428, -1.0
vb0[53]+040 BLENDWEIGHTS: 1.0, 0.0, 0.0, 0.0
vb0[53]+056 BLENDINDICES: 0, 0, 0, 0
vb0[53]+072 COLOR: 1.0, 0.5019607843137255, 0.5019607843137255, 0.5019607843137255
vb0[53]+076 TEXCOORD: 0.604659914970398, 0.6773285865783691

vb0[54]+000 POSITION: -0.05015439912676811, 2.661987543106079, 0.12123728543519974
vb0[54]+012 NORMAL: -0.39340054988861084, -0.15629352629184723, 0.9059847593307495
vb0[54]+024 TANGENT: -0.39057648181915283, -0.22103838622570038, 0.8936397433280945, -1.0
vb0[54]+040 BLENDWEIGHTS: 1.0, 0.0, 0.0, 0.0
vb0[54]+056 BLENDINDICES: 0, 0, 0, 0
vb0[54]+072 COLOR: 1.0, 0.5019607843137255, 0.5019607843137255, 0.5019607843137255
vb0[54]+076 TEXCOORD: 0.6210731267929077, 0.6398928165435791

vb0[55]+000 POSITION: -0.058363113552331924, 2.669482707977295, 0.11692079901695251
vb0[55]+012 NORMAL: -0.4729633033275604, 0.08782908320426941, 0.8766937255859375
vb0[55]+024 TANGENT: -0.46970000863075256, 0.0884869173169136, 0.8783803582191467, -1.0
vb0[55]+040 BLENDWEIGHTS: 1.0, 0.0, 0.0, 0.0
vb0[55]+056 BLENDINDICES: 0, 0, 0, 0
vb0[55]+072 COLOR: 1.0, 0.5019607843137255, 0.5019607843137255, 0.5019607843137255
vb0[55]+076 TEXCOORD: 0.6418710947036743, 0.6584327220916748

vb0[56]+000 POSITION: -0.05680723860859871, 2.679680109024048, 0.11665896326303482
vb0[56]+012 NORMAL: -0.4598191976547241, 0.10083459317684174, 0.8822690844535828
vb0[56]+024 TANGENT: -0.462882936000824, 0.09755825251340866, 0.8810344338417053, -1.0
vb0[56]+040 BLENDWEIGHTS: 1.0, 0.0, 0.0, 0.0
vb0[56]+056 BLENDINDICES: 0, 0, 0, 0
vb0[56]+072 COLOR: 1.0, 0.5019607843137255, 0.5019607843137255, 0.5019607843137255
vb0[56]+076 TEXCOORD: 0.6360849142074585, 0.6824233531951904

vb0[57]+000 POSITION: -0.06572428345680237, 2.6800410747528076, 0.11166025698184967
vb0[57]+012 NORMAL: -0.5377705097198486, 0.08882281929254532, 0.8383992314338684
vb0[57]+024 TANGENT: -0.5386753082275391, 0.08754503726959229, 0.837952733039856, -1.0
vb0[57]+040 BLENDWEIGHTS: 1.0, 0.0, 0.0, 0.0
vb0[57]+056 BLENDINDICES: 0, 0, 0, 0
vb0[57]+072 COLOR: 1.0, 0.5019607843137255, 0.5019607843137255, 0.5019607843137255
vb0[57]+076 TEXCOORD: 0.6620686054229736, 0.6828756332397461

vb0[58]+000 POSITION: -0.06656690686941147, 2.6702587604522705, 0.11201273649930954
vb0[58]+012 NORMAL: -0.5526673197746277, 0.07756522297859192, 0.8297845125198364
vb0[58]+024 TANGENT: -0.5606310963630676, 0.0771942213177681, 0.8244597315788269, -1.0
vb0[58]+040 BLENDWEIGHTS: 1.0, 0.0, 0.0, 0.0
vb0[58]+056 BLENDINDICES: 0, 0, 0, 0
vb0[58]+072 COLOR: 1.0, 0.5019607843137255, 0.5019607843137255, 0.5019607843137255
vb0[58]+076 TEXCOORD: 0.6651568412780762, 0.6597452163696289

vb0[59]+000 POSITION: -0.07321786880493164, 2.679687976837158, 0.10641579329967499
vb0[59]+012 NORMAL: -0.6533360481262207, 0.06931456923484802, 0.7538883090019226
vb0[59]+024 TANGENT: -0.6579287648200989, 0.06943584233522415, 0.7498722672462463, -1.0
vb0[59]+040 BLENDWEIGHTS: 1.0, 0.0, 0.0, 0.0
vb0[59]+056 BLENDINDICES: 0, 0, 0, 0
vb0[59]+072 COLOR: 1.0, 0.5019607843137255, 0.5019607843137255, 0.5019607843137255
vb0[59]+076 TEXCOORD: 0.6838746070861816, 0.6806766986846924

vb0[60]+000 POSITION: -0.0729389637708664, 2.670163154602051, 0.10708022117614746
vb0[60]+012 NORMAL: -0.6689260601997375, 0.0384737104177475, 0.7423326969146729
vb0[60]+024 TANGENT: -0.6740115284919739, 0.03640628233551979, 0.7378231883049011, -1.0
vb0[60]+040 BLENDWEIGHTS: 1.0, 0.0, 0.0, 0.0
vb0[60]+056 BLENDINDICES: 0, 0, 0, 0
vb0[60]+072 COLOR: 1.0, 0.5019607843137255, 0.5019607843137255, 0.5019607843137255
vb0[60]+076 TEXCOORD: 0.6849154233932495, 0.6590338945388794

vb0[61]+000 POSITION: -0.07863476872444153, 2.6785905361175537, 0.10069576650857925
vb0[61]+012 NORMAL: -0.7636823654174805, 0.05147995427250862, 0.6435362696647644
vb0[61]+024 TANGENT: -0.7667585611343384, 0.04707956314086914, 0.6402068138122559, -1.0
vb0[61]+040 BLENDWEIGHTS: 1.0, 0.0, 0.0, 0.0
vb0[61]+056 BLENDINDICES: 0, 0, 0, 0
vb0[61]+072 COLOR: 1.0, 0.5019607843137255, 0.5019607843137255, 0.5019607843137255
vb0[61]+076 TEXCOORD: 0.7024499177932739, 0.6779603958129883

vb0[62]+000 POSITION: -0.0782058835029602, 2.66939640045166, 0.1014755517244339
vb0[62]+012 NORMAL: -0.7636262774467468, 0.009618550539016724, 0.6455869078636169
vb0[62]+024 TANGENT: -0.7677088975906372, 0.0071706767193973064, 0.6407585144042969, -1.0
vb0[62]+040 BLENDWEIGHTS: 1.0, 0.0, 0.0, 0.0
vb0[62]+056 BLENDINDICES: 0, 0, 0, 0
vb0[62]+072 COLOR: 1.0, 0.5019607843137255, 0.5019607843137255, 0.5019607843137255
vb0[62]+076 TEXCOORD: 0.703361988067627, 0.656036376953125

vb0[63]+000 POSITION: -0.05903938040137291, 2.6632699966430664, 0.11748400330543518
vb0[63]+012 NORMAL: -0.4664856195449829, -0.05169136822223663, 0.8830171227455139
vb0[63]+024 TANGENT: -0.46526312828063965, -0.10352564603090286, 0.8790976405143738, -1.0
vb0[63]+040 BLENDWEIGHTS: 1.0, 0.0, 0.0, 0.0
vb0[63]+056 BLENDINDICES: 0, 0, 0, 0
vb0[63]+072 COLOR: 1.0, 0.5019607843137255, 0.5019607843137255, 0.5019607843137255
vb0[63]+076 TEXCOORD: 0.6439647674560547, 0.6430883407592773

vb0[64]+000 POSITION: -0.0667765811085701, 2.663625478744507, 0.11257626116275787
vb0[64]+012 NORMAL: -0.5716206431388855, -0.014126374386250973, 0.820396363735199
vb0[64]+024 TANGENT: -0.5737020373344421, -0.04511464014649391, 0.81782066822052, -1.0
vb0[64]+040 BLENDWEIGHTS: 1.0, 0.0, 0.0, 0.0
vb0[64]+056 BLENDINDICES: 0, 0, 0, 0
vb0[64]+072 COLOR: 1.0, 0.5019607843137255, 0.5019607843137255, 0.5019607843137255
vb0[64]+076 TEXCOORD: 0.6658865213394165, 0.643467903137207

vb0[65]+000 POSITION: -0.05040914937853813, 2.6586527824401855, 0.11940112709999084
vb0[65]+012 NORMAL: -0.3201351463794708, -0.5618823170661926, 0.7627593278884888
vb0[65]+024 TANGENT: -0.33160480856895447, -0.5369206070899963, 0.7757282853126526, -1.0
vb0[65]+040 BLENDWEIGHTS: 1.0, 0.0, 0.0, 0.0
vb0[65]+056 BLENDINDICES: 0, 0, 0, 0
vb0[65]+072 COLOR: 1.0, 0.5019607843137255, 0.5019607843137255, 0.25098039215686274
vb0[65]+076 TEXCOORD: 0.6243335008621216, 0.6308705806732178

vb0[66]+000 POSITION: -0.058771342039108276, 2.6595375537872314, 0.11624787002801895
vb0[66]+012 NORMAL: -0.3839620053768158, -0.4624679684638977, 0.7991849184036255
vb0[66]+024 TANGENT: -0.399421364068985, -0.4267898201942444, 0.8113649487495422, -1.0
vb0[66]+040 BLENDWEIGHTS: 1.0, 0.0, 0.0, 0.0
vb0[66]+056 BLENDINDICES: 0, 0, 0, 0
vb0[66]+072 COLOR: 1.0, 0.5019607843137255, 0.5019607843137255, 0.25098039215686274
vb0[66]+076 TEXCOORD: 0.6457228660583496, 0.633571982383728

vb0[67]+000 POSITION: -0.07762874662876129, 2.6627964973449707, 0.10207808017730713
vb0[67]+012 NORMAL: -0.7614461779594421, -0.03719351813197136, 0.6471602916717529
vb0[67]+024 TANGENT: -0.7630352973937988, -0.04546076059341431, 0.6447560787200928, -1.0
vb0[67]+040 BLENDWEIGHTS: 1.0, 0.0, 0.0, 0.0
vb0[67]+056 BLENDINDICES: 0, 0, 0, 0
vb0[67]+072 COLOR: 1.0, 0.5019607843137255, 0.5019607843137255, 0.5019607843137255
vb0[67]+076 TEXCOORD: 0.70246422290802, 0.6391340494155884

vb0[68]+000 POSITION: -0.07256262004375458, 2.66329288482666, 0.10761445760726929
vb0[68]+012 NORMAL: -0.6826552152633667, -0.024036694318056107, 0.7303452491760254
vb0[68]+024 TANGENT: -0.6824532151222229, -0.03874540328979492, 0.7299016714096069, -1.0
vb0[68]+040 BLENDWEIGHTS: 1.0, 0.0, 0.0, 0.0
vb0[68]+056 BLENDINDICES: 0, 0, 0, 0
vb0[68]+072 COLOR: 1.0, 0.5019607843137255, 0.5019607843137255, 0.5019607843137255
vb0[68]+076 TEXCOORD: 0.6843678951263428, 0.641887903213501

vb0[69]+000 POSITION: -0.07672067731618881, 2.657985210418701, 0.10233195126056671
vb0[69]+012 NORMAL: -0.6950785517692566, -0.23197315633296967, 0.6804810166358948
vb0[69]+024 TANGENT: -0.7099310159683228, -0.20194095373153687, 0.6746983528137207, -1.0
vb0[69]+040 BLENDWEIGHTS: 1.0, 0.0, 0.0, 0.0
vb0[69]+056 BLENDINDICES: 0, 0, 0, 0
vb0[69]+072 COLOR: 1.0, 0.5019607843137255, 0.5019607843137255, 0.25098039215686274
vb0[69]+076 TEXCOORD: 0.7012720108032227, 0.6269679069519043

vb0[70]+000 POSITION: -0.07206884026527405, 2.6586227416992188, 0.10757037252187729
vb0[70]+012 NORMAL: -0.6031116843223572, -0.2953132390975952, 0.7409766316413879
vb0[70]+024 TANGENT: -0.6216290593147278, -0.256462424993515, 0.7401379942893982, -1.0
vb0[70]+040 BLENDWEIGHTS: 1.0, 0.0, 0.0, 0.0
vb0[70]+056 BLENDINDICES: 0, 0, 0, 0
vb0[70]+072 COLOR: 1.0, 0.5019607843137255, 0.5019607843137255, 0.25098039215686274
vb0[70]+076 TEXCOORD: 0.6842957735061646, 0.6302996873855591

vb0[71]+000 POSITION: -0.08058122545480728, 2.6571428775787354, 0.097613126039505
vb0[71]+012 NORMAL: -0.7661924958229065, -0.18495714664459229, 0.6154184937477112
vb0[71]+024 TANGENT: -0.776750922203064, -0.16253314912319183, 0.6084742546081543, -1.0
vb0[71]+040 BLENDWEIGHTS: 1.0, 0.0, 0.0, 0.0
vb0[71]+056 BLENDINDICES: 0, 0, 0, 0
vb0[71]+072 COLOR: 1.0, 0.5019607843137255, 0.5019607843137255, 0.25098039215686274
vb0[71]+076 TEXCOORD: 0.7160842418670654, 0.6229064464569092

vb0[72]+000 POSITION: -0.08139441162347794, 2.6621077060699463, 0.09709482640028
vb0[72]+012 NORMAL: -0.8232083320617676, -0.04334123805165291, 0.5660826563835144
vb0[72]+024 TANGENT: -0.8221895694732666, -0.04743635654449463, 0.567233681678772, -1.0
vb0[72]+040 BLENDWEIGHTS: 1.0, 0.0, 0.0, 0.0
vb0[72]+056 BLENDINDICES: 0, 0, 0, 0
vb0[72]+072 COLOR: 1.0, 0.5019607843137255, 0.5019607843137255, 0.5019607843137255
vb0[72]+076 TEXCOORD: 0.7175486087799072, 0.6356265544891357

vb0[73]+000 POSITION: -0.050232309848070145, 2.652897357940674, 0.11454946547746658
vb0[73]+012 NORMAL: -0.2761263847351074, -0.5275769233703613, 0.8033784031867981
vb0[73]+024 TANGENT: -0.2790627181529999, -0.5413171052932739, 0.7931581735610962, -1.0
vb0[73]+040 BLENDWEIGHTS: 1.0, 0.0, 0.0, 0.0
vb0[73]+056 BLENDINDICES: 0, 0, 0, 0
vb0[73]+072 COLOR: 1.0, 0.5019607843137255, 0.5019607843137255, 0.0
vb0[73]+076 TEXCOORD: 0.6303203105926514, 0.613226056098938

vb0[74]+000 POSITION: -0.04269786924123764, 2.651754379272461, 0.11590532213449478
vb0[74]+012 NORMAL: -0.2529446482658386, -0.5608485341072083, 0.7883324027061462
vb0[74]+024 TANGENT: -0.25826334953308105, -0.577661395072937, 0.7743431329727173, -1.0
vb0[74]+040 BLENDWEIGHTS: 1.0, 0.0, 0.0, 0.0
vb0[74]+056 BLENDINDICES: 0, 0, 0, 0
vb0[74]+072 COLOR: 1.0, 0.5019607843137255, 0.5019607843137255, 0.0
vb0[74]+076 TEXCOORD: 0.6123062372207642, 0.6077909469604492

vb0[75]+000 POSITION: -0.0547298938035965, 2.6330554485321045, 0.10298257321119308
vb0[75]+012 NORMAL: -0.38054829835891724, -0.1432717889547348, 0.9135951399803162
vb0[75]+024 TANGENT: -0.39971688389778137, -0.1642167717218399, 0.9018089771270752, -1.0
vb0[75]+040 BLENDWEIGHTS: 1.0, 0.0, 0.0, 0.0
vb0[75]+056 BLENDINDICES: 0, 0, 0, 0
vb0[75]+072 COLOR: 1.0, 0.5019607843137255, 0.5019607843137255, 0.0
vb0[75]+076 TEXCOORD: 0.6446489095687866, 0.5953845977783203

vb0[76]+000 POSITION: -0.057424191385507584, 2.652921676635742, 0.11188781261444092
vb0[76]+012 NORMAL: -0.3346220552921295, -0.48525744676589966, 0.8078078031539917
vb0[76]+024 TANGENT: -0.33552277088165283, -0.4930625855922699, 0.8026915788650513, -1.0
vb0[76]+040 BLENDWEIGHTS: 1.0, 0.0, 0.0, 0.0
vb0[76]+056 BLENDINDICES: 0, 0, 0, 0
vb0[76]+072 COLOR: 1.0, 0.5019607843137255, 0.5019607843137255, 0.0
vb0[76]+076 TEXCOORD: 0.6494607925415039, 0.6141324043273926

vb0[77]+000 POSITION: -0.03563126549124718, 2.6492912769317627, 0.11633849143981934
vb0[77]+012 NORMAL: -0.2598659098148346, -0.5778968930244446, 0.7736310362815857
vb0[77]+024 TANGENT: -0.26702573895454407, -0.5927742719650269, 0.7598130702972412, -1.0
vb0[77]+040 BLENDWEIGHTS: 1.0, 0.0, 0.0, 0.0
vb0[77]+056 BLENDINDICES: 0, 0, 0, 0
vb0[77]+072 COLOR: 1.0, 0.5019607843137255, 0.5019607843137255, 0.0
vb0[77]+076 TEXCOORD: 0.5964871644973755, 0.598770022392273

vb0[78]+000 POSITION: -0.02918923832476139, 2.645746946334839, 0.11593259871006012
vb0[78]+012 NORMAL: -0.3256635069847107, -0.5247926712036133, 0.7864705324172974
vb0[78]+024 TANGENT: -0.3323162794113159, -0.5392969250679016, 0.7737730741500854, -1.0
vb0[78]+040 BLENDWEIGHTS: 1.0, 0.0, 0.0, 0.0
vb0[78]+056 BLENDINDICES: 0, 0, 0, 0
vb0[78]+072 COLOR: 1.0, 0.5019607843137255, 0.5019607843137255, 0.0
vb0[78]+076 TEXCOORD: 0.5828680992126465, 0.587127685546875

vb0[79]+000 POSITION: -0.0694655030965805, 2.650707960128784, 0.10508441925048828
vb0[79]+012 NORMAL: -0.5050929188728333, -0.43905752897262573, 0.7430408000946045
vb0[79]+024 TANGENT: -0.5103862285614014, -0.4357548952102661, 0.7413660287857056, -1.0
vb0[79]+040 BLENDWEIGHTS: 1.0, 0.0, 0.0, 0.0
vb0[79]+056 BLENDINDICES: 0, 0, 0, 0
vb0[79]+072 COLOR: 1.0, 0.5019607843137255, 0.5019607843137255, 0.0
vb0[79]+076 TEXCOORD: 0.6847426295280457, 0.6089637279510498

vb0[80]+000 POSITION: -0.06396697461605072, 2.6519155502319336, 0.10870634019374847
vb0[80]+012 NORMAL: -0.4007452130317688, -0.455798476934433, 0.7947647571563721
vb0[80]+024 TANGENT: -0.404377818107605, -0.4574442207813263, 0.7919743061065674, -1.0
vb0[80]+040 BLENDWEIGHTS: 1.0, 0.0, 0.0, 0.0
vb0[80]+056 BLENDINDICES: 0, 0, 0, 0
vb0[80]+072 COLOR: 1.0, 0.5019607843137255, 0.5019607843137255, 0.0
vb0[80]+076 TEXCOORD: 0.6679906845092773, 0.6121523380279541

vb0[81]+000 POSITION: -0.0661889985203743, 2.6592822074890137, 0.11203163862228394
vb0[81]+012 NORMAL: -0.47571441531181335, -0.37457677721977234, 0.795856773853302
vb0[81]+024 TANGENT: -0.49864089488983154, -0.33112233877182007, 0.801071286201477, -1.0
vb0[81]+040 BLENDWEIGHTS: 1.0, 0.0, 0.0, 0.0
vb0[81]+056 BLENDINDICES: 0, 0, 0, 0
vb0[81]+072 COLOR: 1.0, 0.5019607843137255, 0.5019607843137255, 0.25098039215686274
vb0[81]+076 TEXCOORD: 0.666378378868103, 0.6326858997344971

vb0[82]+000 POSITION: -0.08375177532434464, 2.65653657913208, 0.09259580075740814
vb0[82]+012 NORMAL: -0.8159295320510864, -0.1650976985692978, 0.5540774464607239
vb0[82]+024 TANGENT: -0.830529510974884, -0.13761413097381592, 0.5397064685821533, -1.0
vb0[82]+040 BLENDWEIGHTS: 1.0, 0.0, 0.0, 0.0
vb0[82]+056 BLENDINDICES: 0, 0, 0, 0
vb0[82]+072 COLOR: 1.0, 0.5019607843137255, 0.5019607843137255, 0.25098039215686274
vb0[82]+076 TEXCOORD: 0.7305046319961548, 0.618969202041626

vb0[83]+000 POSITION: -0.08482212573289871, 2.661400079727173, 0.09125927835702896
vb0[83]+012 NORMAL: -0.8682788610458374, -0.05243842676281929, 0.4932970404624939
vb0[83]+024 TANGENT: -0.8729815483093262, -0.05423206090927124, 0.4847288131713867, -1.0
vb0[83]+040 BLENDWEIGHTS: 1.0, 0.0, 0.0, 0.0
vb0[83]+056 BLENDINDICES: 0, 0, 0, 0
vb0[83]+072 COLOR: 1.0, 0.5019607843137255, 0.5019607843137255, 0.5019607843137255
vb0[83]+076 TEXCOORD: 0.7353798151016235, 0.6311273574829102

vb0[84]+000 POSITION: -0.0852813571691513, 2.667484760284424, 0.09103042632341385
vb0[84]+012 NORMAL: -0.8676173090934753, -0.019604049623012543, 0.4968460202217102
vb0[84]+024 TANGENT: -0.8712571859359741, -0.024333832785487175, 0.4902231693267822, -1.0
vb0[84]+040 BLENDWEIGHTS: 1.0, 0.0, 0.0, 0.0
vb0[84]+056 BLENDINDICES: 0, 0, 0, 0
vb0[84]+072 COLOR: 1.0, 0.5019607843137255, 0.5019607843137255, 0.5019607843137255
vb0[84]+076 TEXCOORD: 0.7341190576553345, 0.6472358703613281

vb0[85]+000 POSITION: -0.08199751377105713, 2.6686694622039795, 0.09632033109664917
vb0[85]+012 NORMAL: -0.8276132941246033, -0.007063320837914944, 0.5612542033195496
vb0[85]+024 TANGENT: -0.8288031816482544, -0.008669614791870117, 0.5594729781150818, -1.0
vb0[85]+040 BLENDWEIGHTS: 1.0, 0.0, 0.0, 0.0
vb0[85]+056 BLENDINDICES: 0, 0, 0, 0
vb0[85]+072 COLOR: 1.0, 0.5019607843137255, 0.5019607843137255, 0.5019607843137255
vb0[85]+076 TEXCOORD: 0.7187262773513794, 0.6528267860412598

vb0[86]+000 POSITION: -0.08541962504386902, 2.6756765842437744, 0.09073305130004883
vb0[86]+012 NORMAL: -0.8699170351028442, 0.02247636951506138, 0.49268585443496704
vb0[86]+024 TANGENT: -0.8701741695404053, 0.018261907622218132, 0.4924057424068451, -1.0
vb0[86]+040 BLENDWEIGHTS: 1.0, 0.0, 0.0, 0.0
vb0[86]+056 BLENDINDICES: 0, 0, 0, 0
vb0[86]+072 COLOR: 1.0, 0.5019607843137255, 0.5019607843137255, 0.5019607843137255
vb0[86]+076 TEXCOORD: 0.7320065498352051, 0.6669747829437256

vb0[87]+000 POSITION: -0.08260069787502289, 2.6771175861358643, 0.09550166130065918
vb0[87]+012 NORMAL: -0.8298857808113098, 0.028115948662161827, 0.5572245717048645
vb0[87]+024 TANGENT: -0.8323154449462891, 0.0281752347946167, 0.5535856485366821, -1.0
vb0[87]+040 BLENDWEIGHTS: 1.0, 0.0, 0.0, 0.0
vb0[87]+056 BLENDINDICES: 0, 0, 0, 0
vb0[87]+072 COLOR: 1.0, 0.5019607843137255, 0.5019607843137255, 0.5019607843137255
vb0[87]+076 TEXCOORD: 0.7177584171295166, 0.6738002300262451

vb0[88]+000 POSITION: -0.024722542613744736, 2.640293836593628, 0.11485172808170319
vb0[88]+012 NORMAL: -0.379367470741272, -0.4193049967288971, 0.824781060218811
vb0[88]+024 TANGENT: -0.39804553985595703, -0.4304141402244568, 0.8101255893707275, -1.0
vb0[88]+040 BLENDWEIGHTS: 1.0, 0.0, 0.0, 0.0
vb0[88]+056 BLENDINDICES: 0, 0, 0, 0
vb0[88]+072 COLOR: 1.0, 0.5019607843137255, 0.5019607843137255, 0.0
vb0[88]+076 TEXCOORD: 0.5742365717887878, 0.5724625587463379

vb0[89]+000 POSITION: -0.08785020560026169, 2.6741552352905273, 0.08639489114284515
vb0[89]+012 NORMAL: -0.8971301317214966, 0.006633924786001444, 0.4417164623737335
vb0[89]+024 TANGENT: -0.8976612091064453, 0.002661227947100997, 0.44067808985710144, -1.0
vb0[89]+040 BLENDWEIGHTS: 1.0, 0.0, 0.0, 0.0
vb0[89]+056 BLENDINDICES: 0, 0, 0, 0
vb0[89]+072 COLOR: 1.0, 0.5019607843137255, 0.5019607843137255, 0.5019607843137255
vb0[89]+076 TEXCOORD: 0.7448145151138306, 0.6606701612472534

vb0[90]+000 POSITION: -0.08764447271823883, 2.665951728820801, 0.08619844168424606
vb0[90]+012 NORMAL: -0.8997999429702759, -0.03351907432079315, 0.4350132644176483
vb0[90]+024 TANGENT: -0.9027048945426941, -0.03845268860459328, 0.42853859066963196, -1.0
vb0[90]+040 BLENDWEIGHTS: 1.0, 0.0, 0.0, 0.0
vb0[90]+056 BLENDINDICES: 0, 0, 0, 0
vb0[90]+072 COLOR: 1.0, 0.5019607843137255, 0.5019607843137255, 0.5019607843137255
vb0[90]+076 TEXCOORD: 0.7478233575820923, 0.6411349773406982

vb0[91]+000 POSITION: -0.09011393040418625, 2.6722567081451416, 0.0812099352478981
vb0[91]+012 NORMAL: -0.9242480993270874, -0.009343278594315052, 0.3816779553890228
vb0[91]+024 TANGENT: -0.9234102964401245, -0.01986759901046753, 0.38329973816871643, -1.0
vb0[91]+040 BLENDWEIGHTS: 1.0, 0.0, 0.0, 0.0
vb0[91]+056 BLENDINDICES: 0, 0, 0, 0
vb0[91]+072 COLOR: 1.0, 0.5019607843137255, 0.5019607843137255, 0.5019607843137255
vb0[91]+076 TEXCOORD: 0.7595471143722534, 0.652556300163269

vb0[92]+000 POSITION: -0.08949209004640579, 2.6900951862335205, 0.08201245963573456
vb0[92]+012 NORMAL: -0.8958444595336914, 0.07593682408332825, 0.4378312826156616
vb0[92]+024 TANGENT: -0.8974756598472595, 0.06139218434691429, 0.4367704689502716, -1.0
vb0[92]+040 BLENDWEIGHTS: 1.0, 0.0, 0.0, 0.0
vb0[92]+056 BLENDINDICES: 0, 0, 0, 0
vb0[92]+072 COLOR: 1.0, 0.5019607843137255, 0.5019607843137255, 0.5019607843137255
vb0[92]+076 TEXCOORD: 0.7473926544189453, 0.6974954605102539

vb0[93]+000 POSITION: -0.08312241733074188, 2.6937954425811768, 0.09306321293115616
vb0[93]+012 NORMAL: -0.8145117163658142, 0.1375049203634262, 0.563616156578064
vb0[93]+024 TANGENT: -0.8195830583572388, 0.11470592021942139, 0.5613608956336975, -1.0
vb0[93]+040 BLENDWEIGHTS: 1.0, 0.0, 0.0, 0.0
vb0[93]+056 BLENDINDICES: 0, 0, 0, 0
vb0[93]+072 COLOR: 1.0, 0.5019607843137255, 0.5019607843137255, 0.5019607843137255
vb0[93]+076 TEXCOORD: 0.7182248830795288, 0.7094000577926636

vb0[94]+000 POSITION: -0.07402852922677994, 2.6962053775787354, 0.10363117605447769
vb0[94]+012 NORMAL: -0.6748048663139343, 0.17652194201946259, 0.7165740728378296
vb0[94]+024 TANGENT: -0.6754529476165771, 0.1527341604232788, 0.7214123010635376, -1.0
vb0[94]+040 BLENDWEIGHTS: 1.0, 0.0, 0.0, 0.0
vb0[94]+056 BLENDINDICES: 0, 0, 0, 0
vb0[94]+072 COLOR: 1.0, 0.5019607843137255, 0.5019607843137255, 0.5019607843137255
vb0[94]+076 TEXCOORD: 0.6874966621398926, 0.7154693603515625

vb0[95]+000 POSITION: -0.0733606368303299, 2.714860200881958, 0.09835527837276459
vb0[95]+012 NORMAL: -0.6863834261894226, 0.24959702789783478, 0.6830660104751587
vb0[95]+024 TANGENT: -0.6877217292785645, 0.24994494020938873, 0.6815910339355469, -1.0
vb0[95]+040 BLENDWEIGHTS: 1.0, 0.0, 0.0, 0.0
vb0[95]+056 BLENDINDICES: 0, 0, 0, 0
vb0[95]+072 COLOR: 1.0, 0.5019607843137255, 0.5019607843137255, 0.5019607843137255
vb0[95]+076 TEXCOORD: 0.6879096031188965, 0.7598791122436523

vb0[96]+000 POSITION: -0.061441004276275635, 2.716794967651367, 0.10782166570425034
vb0[96]+012 NORMAL: -0.5159001350402832, 0.2565349340438843, 0.817335307598114
vb0[96]+024 TANGENT: -0.5279722213745117, 0.25761422514915466, 0.8092467188835144, -1.0
vb0[96]+040 BLENDWEIGHTS: 1.0, 0.0, 0.0, 0.0
vb0[96]+056 BLENDINDICES: 0, 0, 0, 0
vb0[96]+072 COLOR: 1.0, 0.5019607843137255, 0.5019607843137255, 0.5019607843137255
vb0[96]+076 TEXCOORD: 0.6504279375076294, 0.7633060216903687

vb0[97]+000 POSITION: -0.06149498373270035, 2.6969902515411377, 0.11228739470243454
vb0[97]+012 NORMAL: -0.49751776456832886, 0.1748134195804596, 0.8496565222740173
vb0[97]+024 TANGENT: -0.5055021047592163, 0.15473319590091705, 0.8488376140594482, -1.0
vb0[97]+040 BLENDWEIGHTS: 1.0, 0.0, 0.0, 0.0
vb0[97]+056 BLENDINDICES: 0, 0, 0, 0
vb0[97]+072 COLOR: 1.0, 0.5019607843137255, 0.5019607843137255, 0.5019607843137255
vb0[97]+076 TEXCOORD: 0.6492980718612671, 0.7173311710357666

vb0[98]+000 POSITION: -0.044198017567396164, 2.717266798019409, 0.11629104614257812
vb0[98]+012 NORMAL: -0.3592303991317749, 0.25111573934555054, 0.898829460144043
vb0[98]+024 TANGENT: -0.3687702417373657, 0.25249072909355164, 0.8945708274841309, -1.0
vb0[98]+040 BLENDWEIGHTS: 1.0, 0.0, 0.0, 0.0
vb0[98]+056 BLENDINDICES: 0, 0, 0, 0
vb0[98]+072 COLOR: 1.0, 0.5019607843137255, 0.5019607843137255, 0.5019607843137255
vb0[98]+076 TEXCOORD: 0.6039578914642334, 0.7626780271530151

vb0[99]+000 POSITION: -0.04453049972653389, 2.696035146713257, 0.12049774825572968
vb0[99]+012 NORMAL: -0.35723963379859924, 0.17192120850086212, 0.9180538654327393
vb0[99]+024 TANGENT: -0.369650274515152, 0.15597760677337646, 0.9159855842590332, -1.0
vb0[99]+040 BLENDWEIGHTS: 1.0, 0.0, 0.0, 0.0
vb0[99]+056 BLENDINDICES: 0, 0, 0, 0
vb0[99]+072 COLOR: 1.0, 0.5019607843137255, 0.5019607843137255, 0.5019607843137255
vb0[99]+076 TEXCOORD: 0.603589653968811, 0.7151319980621338

vb0[100]+000 POSITION: -0.02156301960349083, 2.715867280960083, 0.1239551305770874
vb0[100]+012 NORMAL: -0.2311728149652481, 0.2524823248386383, 0.9395806789398193
vb0[100]+024 TANGENT: -0.22876513004302979, 0.25351428985595703, 0.939892053604126, -1.0
vb0[100]+040 BLENDWEIGHTS: 1.0, 0.0, 0.0, 0.0
vb0[100]+056 BLENDINDICES: 0, 0, 0, 0
vb0[100]+072 COLOR: 1.0, 0.5019607843137255, 0.5019607843137255, 0.5019607843137255
vb0[100]+076 TEXCOORD: 0.5505560636520386, 0.7564429044723511

vb0[101]+000 POSITION: -0.021082434803247452, 2.6942107677459717, 0.1285824328660965
vb0[101]+012 NORMAL: -0.2389378845691681, 0.172061488032341, 0.9556691646575928
vb0[101]+024 TANGENT: -0.23995615541934967, 0.15407490730285645, 0.9584789872169495, -1.0
vb0[101]+040 BLENDWEIGHTS: 1.0, 0.0, 0.0, 0.0
vb0[101]+056 BLENDINDICES: 0, 0, 0, 0
vb0[101]+072 COLOR: 1.0, 0.5019607843137255, 0.5019607843137255, 0.5019607843137255
vb0[101]+076 TEXCOORD: 0.5494134426116943, 0.7076585292816162

vb0[102]+000 POSITION: -0.02886255271732807, 2.6745171546936035, 0.12840253114700317
vb0[102]+012 NORMAL: -0.27857252955436707, 0.07875044643878937, 0.9571810960769653
vb0[102]+024 TANGENT: -0.27572718262672424, 0.0636519119143486, 0.9591261148452759, -1.0
vb0[102]+040 BLENDWEIGHTS: 1.0, 0.0, 0.0, 0.0
vb0[102]+056 BLENDINDICES: 0, 0, 0, 0
vb0[102]+072 COLOR: 1.0, 0.5019607843137255, 0.5019607843137255, 0.5019607843137255
vb0[102]+076 TEXCOORD: 0.566872239112854, 0.663467526435852

vb0[103]+000 POSITION: -0.02634652517735958, 2.661669969558716, 0.12915119528770447
vb0[103]+012 NORMAL: -0.25305795669555664, -0.03552008792757988, 0.9667988419532776
vb0[103]+024 TANGENT: -0.2550257444381714, -0.06883835792541504, 0.9644807577133179, -1.0
vb0[103]+040 BLENDWEIGHTS: 1.0, 0.0, 0.0, 0.0
vb0[103]+056 BLENDINDICES: 0, 0, 0, 0
vb0[103]+072 COLOR: 1.0, 0.5019607843137255, 0.5019607843137255, 0.5019607843137255
vb0[103]+076 TEXCOORD: 0.5620784759521484, 0.6325408220291138

vb0[104]+000 POSITION: -2.1648406800522935e-06, 2.6928091049194336, 0.13266554474830627
vb0[104]+012 NORMAL: 1.4633944545039412e-07, 0.17868846654891968, 0.9839057326316833
vb0[104]+024 TANGENT: 0.0, 0.15526092052459717, 0.9878734946250916, -1.0
vb0[104]+040 BLENDWEIGHTS: 1.0, 0.0, 0.0, 0.0
vb0[104]+056 BLENDINDICES: 0, 0, 0, 0
vb0[104]+072 COLOR: 1.0, 0.5019607843137255, 0.5019607843137255, 0.5019607843137255
vb0[104]+076 TEXCOORD: 0.4999951124191284, 0.7045865058898926

vb0[105]+000 POSITION: -2.1648406800522935e-06, 2.714642286300659, 0.12769058346748352
vb0[105]+012 NORMAL: 0.0, 0.2595709562301636, 0.965723991394043
vb0[105]+024 TANGENT: 0.0, 0.2592910826206207, 0.9657992720603943, -1.0
vb0[105]+040 BLENDWEIGHTS: 1.0, 0.0, 0.0, 0.0
vb0[105]+056 BLENDINDICES: 0, 0, 0, 0
vb0[105]+072 COLOR: 1.0, 0.5019607843137255, 0.5019607843137255, 0.5019607843137255
vb0[105]+076 TEXCOORD: 0.4999951124191284, 0.7526304721832275

vb0[106]+000 POSITION: -0.02145947329699993, 2.736672878265381, 0.11713492125272751
vb0[106]+012 NORMAL: -0.2128896564245224, 0.3817152678966522, 0.8994284272193909
vb0[106]+024 TANGENT: -0.21188674867153168, 0.38060641288757324, 0.9001348614692688, -1.0
vb0[106]+040 BLENDWEIGHTS: 1.0, 0.0, 0.0, 0.0
vb0[106]+056 BLENDINDICES: 0, 0, 0, 0
vb0[106]+072 COLOR: 1.0, 0.5019607843137255, 0.5019607843137255, 0.5019607843137255
vb0[106]+076 TEXCOORD: 0.5507014989852905, 0.8085789680480957

vb0[107]+000 POSITION: -0.04403878003358841, 2.7364659309387207, 0.10971229523420334
vb0[107]+012 NORMAL: -0.3634093105792999, 0.3729780316352844, 0.8537101745605469
vb0[107]+024 TANGENT: -0.37443771958351135, 0.3702402710914612, 0.8501285910606384, -1.0
vb0[107]+040 BLENDWEIGHTS: 1.0, 0.0, 0.0, 0.0
vb0[107]+056 BLENDINDICES: 0, 0, 0, 0
vb0[107]+072 COLOR: 1.0, 0.5019607843137255, 0.5019607843137255, 0.5019607843137255
vb0[107]+076 TEXCOORD: 0.6038645505905151, 0.8118964433670044

vb0[108]+000 POSITION: -0.061306264251470566, 2.73447322845459, 0.10066960752010345
vb0[108]+012 NORMAL: -0.5425270199775696, 0.35911959409713745, 0.7594060301780701
vb0[108]+024 TANGENT: -0.5538930892944336, 0.3554728031158447, 0.7528887987136841, -1.0
vb0[108]+040 BLENDWEIGHTS: 1.0, 0.0, 0.0, 0.0
vb0[108]+056 BLENDINDICES: 0, 0, 0, 0
vb0[108]+072 COLOR: 1.0, 0.5019607843137255, 0.5019607843137255, 0.5019607843137255
vb0[108]+076 TEXCOORD: 0.6501308679580688, 0.8094220161437988

vb0[109]+000 POSITION: -0.07321643084287643, 2.7319726943969727, 0.09085248410701752
vb0[109]+012 NORMAL: -0.7047010660171509, 0.3319205045700073, 0.6270767450332642
vb0[109]+024 TANGENT: -0.7038402557373047, 0.330147385597229, 0.628976583480835, -1.0
vb0[109]+040 BLENDWEIGHTS: 1.0, 0.0, 0.0, 0.0
vb0[109]+056 BLENDINDICES: 0, 0, 0, 0
vb0[109]+072 COLOR: 1.0, 0.5019607843137255, 0.5019607843137255, 0.5019607843137255
vb0[109]+076 TEXCOORD: 0.6874403953552246, 0.8036243915557861

vb0[110]+000 POSITION: -0.08366486430168152, 2.7121832370758057, 0.08705614507198334
vb0[110]+012 NORMAL: -0.8089709281921387, 0.2130681276321411, 0.5478759407997131
vb0[110]+024 TANGENT: -0.8118041157722473, 0.21119675040245056, 0.5443987250328064, -1.0
vb0[110]+040 BLENDWEIGHTS: 1.0, 0.0, 0.0, 0.0
vb0[110]+056 BLENDINDICES: 0, 0, 0, 0
vb0[110]+072 COLOR: 1.0, 0.5019607843137255, 0.5019607843137255, 0.5019607843137255
vb0[110]+076 TEXCOORD: 0.7209069728851318, 0.7521457672119141

vb0[111]+000 POSITION: -0.08375296741724014, 2.7274794578552246, 0.07885736972093582
vb0[111]+012 NORMAL: -0.806866466999054, 0.28832367062568665, 0.5155928134918213
vb0[111]+024 TANGENT: -0.8092862963676453, 0.28446686267852783, 0.5139400362968445, -1.0
vb0[111]+040 BLENDWEIGHTS: 1.0, 0.0, 0.0, 0.0
vb0[111]+056 BLENDINDICES: 0, 0, 0, 0
vb0[111]+072 COLOR: 1.0, 0.5019607843137255, 0.5019607843137255, 0.5019607843137255
vb0[111]+076 TEXCOORD: 0.7213089466094971, 0.790472149848938

vb0[112]+000 POSITION: -0.09093762189149857, 2.706608772277832, 0.07569050788879395
vb0[112]+012 NORMAL: -0.8963446617126465, 0.14104127883911133, 0.4203256070613861
vb0[112]+024 TANGENT: -0.8970160484313965, 0.1387714147567749, 0.41964828968048096, -1.0
vb0[112]+040 BLENDWEIGHTS: 1.0, 0.0, 0.0, 0.0
vb0[112]+056 BLENDINDICES: 0, 0, 0, 0
vb0[112]+072 COLOR: 1.0, 0.5019607843137255, 0.5019607843137255, 0.5019607843137255
vb0[112]+076 TEXCOORD: 0.7491927146911621, 0.737549901008606

vb0[113]+000 POSITION: -0.0962485745549202, 2.700087785720825, 0.06423544138669968
vb0[113]+012 NORMAL: -0.9480738043785095, 0.07424549758434296, 0.3092632591724396
vb0[113]+024 TANGENT: -0.948060154914856, 0.06971991062164307, 0.31035637855529785, -1.0
vb0[113]+040 BLENDWEIGHTS: 1.0, 0.0, 0.0, 0.0
vb0[113]+056 BLENDINDICES: 0, 0, 0, 0
vb0[113]+072 COLOR: 1.0, 0.5019607843137255, 0.5019607843137255, 0.5019607843137255
vb0[113]+076 TEXCOORD: 0.7781932353973389, 0.71756911277771

vb0[114]+000 POSITION: -0.09409049898386002, 2.685356616973877, 0.07133537530899048
vb0[114]+012 NORMAL: -0.9408858418464661, 0.018346186727285385, 0.3382263481616974
vb0[114]+024 TANGENT: -0.9411290884017944, 0.009171128273010254, 0.3379230499267578, -1.0
vb0[114]+040 BLENDWEIGHTS: 1.0, 0.0, 0.0, 0.0
vb0[114]+056 BLENDINDICES: 0, 0, 0, 0
vb0[114]+072 COLOR: 1.0, 0.5019607843137255, 0.5019607843137255, 0.5019607843137255
vb0[114]+076 TEXCOORD: 0.7740309238433838, 0.681365966796875

vb0[115]+000 POSITION: -0.0917283222079277, 2.722216844558716, 0.0673365443944931
vb0[115]+012 NORMAL: -0.8857680559158325, 0.21747559309005737, 0.41002357006073
vb0[115]+024 TANGENT: -0.892605185508728, 0.20971345901489258, 0.39909422397613525, -1.0
vb0[115]+040 BLENDWEIGHTS: 1.0, 0.0, 0.0, 0.0
vb0[115]+056 BLENDINDICES: 0, 0, 0, 0
vb0[115]+072 COLOR: 1.0, 0.5019607843137255, 0.5019607843137255, 0.5019607843137255
vb0[115]+076 TEXCOORD: 0.7509788274765015, 0.7772152423858643

vb0[116]+000 POSITION: -0.09720660001039505, 2.715283155441284, 0.05490613356232643
vb0[116]+012 NORMAL: -0.9508113265037537, 0.1171986535191536, 0.2867441177368164
vb0[116]+024 TANGENT: -0.9505470395088196, 0.12150133401155472, 0.2858283817768097, -1.0
vb0[116]+040 BLENDWEIGHTS: 1.0, 0.0, 0.0, 0.0
vb0[116]+056 BLENDINDICES: 0, 0, 0, 0
vb0[116]+072 COLOR: 1.0, 0.5019607843137255, 0.5019607843137255, 0.5019607843137255
vb0[116]+076 TEXCOORD: 0.7825204133987427, 0.7565990686416626

vb0[117]+000 POSITION: -0.09912463277578354, 2.6912267208099365, 0.053954269737005234
vb0[117]+012 NORMAL: -0.9756940007209778, 0.0032814948353916407, 0.219112828373909
vb0[117]+024 TANGENT: -0.9775604009628296, -0.007821977138519287, 0.21051011979579926, -1.0
vb0[117]+040 BLENDWEIGHTS: 1.0, 0.0, 0.0, 0.0
vb0[117]+056 BLENDINDICES: 0, 0, 0, 0
vb0[117]+072 COLOR: 1.0, 0.5019607843137255, 0.5019607843137255, 0.5019607843137255
vb0[117]+076 TEXCOORD: 0.8080339431762695, 0.6898863315582275

vb0[118]+000 POSITION: -0.09743710607290268, 2.679678201675415, 0.05990457907319069
vb0[118]+012 NORMAL: -0.9695931673049927, -0.0432991087436676, 0.24086135625839233
vb0[118]+024 TANGENT: -0.972154438495636, -0.055553972721099854, 0.2276608943939209, -1.0
vb0[118]+040 BLENDWEIGHTS: 1.0, 0.0, 0.0, 0.0
vb0[118]+056 BLENDINDICES: 0, 0, 0, 0
vb0[118]+072 COLOR: 1.0, 0.5019607843137255, 0.5019607843137255, 0.5019607843137255
vb0[118]+076 TEXCOORD: 0.8040611743927002, 0.6615667343139648

vb0[119]+000 POSITION: -0.09912264347076416, 2.6748080253601074, 0.04722217842936516
vb0[119]+012 NORMAL: -0.9837254881858826, -0.09238416701555252, 0.15410779416561127
vb0[119]+024 TANGENT: -0.9830473065376282, -0.09807699918746948, 0.1549156904220581, -1.0
vb0[119]+040 BLENDWEIGHTS: 1.0, 0.0, 0.0, 0.0
vb0[119]+056 BLENDINDICES: 0, 0, 0, 0
vb0[119]+072 COLOR: 1.0, 0.5019607843137255, 0.5019607843137255, 0.5019607843137255
vb0[119]+076 TEXCOORD: 0.8362137079238892, 0.6422357559204102

vb0[120]+000 POSITION: -0.10272645950317383, 2.695575475692749, 0.03238988667726517
vb0[120]+012 NORMAL: -0.988771378993988, -0.021588653326034546, 0.14786826074123383
vb0[120]+024 TANGENT: -0.9886464476585388, -0.02311980538070202, 0.14847064018249512, -1.0
vb0[120]+040 BLENDWEIGHTS: 1.0, 0.0, 0.0, 0.0
vb0[120]+056 BLENDINDICES: 0, 0, 0, 0
vb0[120]+072 COLOR: 1.0, 0.5019607843137255, 0.5019607843137255, 0.5019607843137255
vb0[120]+076 TEXCOORD: 0.8494645357131958, 0.6905453205108643

vb0[121]+000 POSITION: -0.1021592766046524, 2.679802179336548, 0.030009757727384567
vb0[121]+012 NORMAL: -0.9864673018455505, -0.08441737294197083, 0.1405557245016098
vb0[121]+024 TANGENT: -0.9864755272865295, -0.08535181730985641, 0.13993214070796967, -1.0
vb0[121]+040 BLENDWEIGHTS: 1.0, 0.0, 0.0, 0.0
vb0[121]+056 BLENDINDICES: 0, 0, 0, 0
vb0[121]+072 COLOR: 1.0, 0.5019607843137255, 0.5019607843137255, 0.5019607843137255
vb0[121]+076 TEXCOORD: 0.8719264268875122, 0.6453312635421753

vb0[122]+000 POSITION: -0.09581165015697479, 2.666370391845703, 0.06123199313879013
vb0[122]+012 NORMAL: -0.9714953899383545, -0.11711648106575012, 0.206107959151268
vb0[122]+024 TANGENT: -0.9712480306625366, -0.11844157427549362, 0.20651626586914062, -1.0
vb0[122]+040 BLENDWEIGHTS: 1.0, 0.0, 0.0, 0.0
vb0[122]+056 BLENDINDICES: 0, 0, 0, 0
vb0[122]+072 COLOR: 1.0, 0.5019607843137255, 0.5019607843137255, 0.5019607843137255
vb0[122]+076 TEXCOORD: 0.8079774379730225, 0.6274030208587646

vb0[123]+000 POSITION: -0.10102218389511108, 2.7061479091644287, 0.04305240139365196
vb0[123]+012 NORMAL: -0.9781306385993958, 0.05269411578774452, 0.20120567083358765
vb0[123]+024 TANGENT: -0.9798572659492493, 0.04728030785918236, 0.1940210908651352, -1.0
vb0[123]+040 BLENDWEIGHTS: 1.0, 0.0, 0.0, 0.0
vb0[123]+056 BLENDINDICES: 0, 0, 0, 0
vb0[123]+072 COLOR: 1.0, 0.5019607843137255, 0.5019607843137255, 0.5019607843137255
vb0[123]+076 TEXCOORD: 0.8149397373199463, 0.7274773120880127

vb0[124]+000 POSITION: -0.09243509918451309, 2.6700761318206787, 0.07497788220643997
vb0[124]+012 NORMAL: -0.9518182873725891, -0.059257712215185165, 0.30088257789611816
vb0[124]+024 TANGENT: -0.947807252407074, -0.0582694448530674, 0.31347429752349854, -1.0
vb0[124]+040 BLENDWEIGHTS: 1.0, 0.0, 0.0, 0.0
vb0[124]+056 BLENDINDICES: 0, 0, 0, 0
vb0[124]+072 COLOR: 1.0, 0.5019607843137255, 0.5019607843137255, 0.5019607843137255
vb0[124]+076 TEXCOORD: 0.7754272222518921, 0.6443979740142822

vb0[125]+000 POSITION: -0.09159563481807709, 2.660815477371216, 0.07486074417829514
vb0[125]+012 NORMAL: -0.9549692869186401, -0.1281449943780899, 0.2676052749156952
vb0[125]+024 TANGENT: -0.9514114260673523, -0.12068627774715424, 0.28328606486320496, -1.0
vb0[125]+040 BLENDWEIGHTS: 1.0, 0.0, 0.0, 0.0
vb0[125]+056 BLENDINDICES: 0, 0, 0, 0
vb0[125]+072 COLOR: 1.0, 0.5019607843137255, 0.5019607843137255, 0.5019607843137255
vb0[125]+076 TEXCOORD: 0.7791895866394043, 0.6209065914154053

vb0[126]+000 POSITION: -0.08974379301071167, 2.663588523864746, 0.08102595061063766
vb0[126]+012 NORMAL: -0.9312165379524231, -0.07512865215539932, 0.35663920640945435
vb0[126]+024 TANGENT: -0.9300236701965332, -0.07522660493850708, 0.3597179651260376, -1.0
vb0[126]+040 BLENDWEIGHTS: 1.0, 0.0, 0.0, 0.0
vb0[126]+056 BLENDINDICES: 0, 0, 0, 0
vb0[126]+072 COLOR: 1.0, 0.5019607843137255, 0.5019607843137255, 0.5019607843137255
vb0[126]+076 TEXCOORD: 0.765294075012207, 0.6333596706390381

vb0[127]+000 POSITION: -0.10494781285524368, 2.6847622394561768, 0.012840560637414455
vb0[127]+012 NORMAL: -0.9889049530029297, -0.06841100007295609, 0.131858691573143
vb0[127]+024 TANGENT: -0.9885972142219543, -0.07236666232347488, 0.13205577433109283, -1.0
vb0[127]+040 BLENDWEIGHTS: 1.0, 0.0, 0.0, 0.0
vb0[127]+056 BLENDINDICES: 0, 0, 0, 0
vb0[127]+072 COLOR: 1.0, 0.5019607843137255, 0.5019607843137255, 0.5019607843137255
vb0[127]+076 TEXCOORD: 0.9068315029144287, 0.6512932777404785

vb0[128]+000 POSITION: -0.08743289858102798, 2.660945177078247, 0.08613429218530655
vb0[128]+012 NORMAL: -0.9062913060188293, -0.07348930835723877, 0.4162153899669647
vb0[128]+024 TANGENT: -0.9083929061889648, -0.07117772102355957, 0.41201475262641907, -1.0
vb0[128]+040 BLENDWEIGHTS: 1.0, 0.0, 0.0, 0.0
vb0[128]+056 BLENDINDICES: 0, 0, 0, 0
vb0[128]+072 COLOR: 1.0, 0.5019607843137255, 0.5019607843137255, 0.5019607843137255
vb0[128]+076 TEXCOORD: 0.7503633499145508, 0.6276742219924927

vb0[129]+000 POSITION: -0.08921355754137039, 2.6570186614990234, 0.0804988369345665
vb0[129]+012 NORMAL: -0.9302847981452942, -0.150143101811409, 0.33470454812049866
vb0[129]+024 TANGENT: -0.9323495626449585, -0.13626988232135773, 0.33489540219306946, -1.0
vb0[129]+040 BLENDWEIGHTS: 1.0, 0.0, 0.0, 0.0
vb0[129]+056 BLENDINDICES: 0, 0, 0, 0
vb0[129]+072 COLOR: 1.0, 0.5019607843137255, 0.5019607843137255, 0.5019607843137255
vb0[129]+076 TEXCOORD: 0.7672077417373657, 0.6154626607894897

vb0[130]+000 POSITION: -0.08449935913085938, 2.6565465927124023, 0.0912998840212822
vb0[130]+012 NORMAL: -0.868709921836853, -0.15862402319908142, 0.46923500299453735
vb0[130]+024 TANGENT: -0.866277277469635, -0.1271534562110901, 0.4831104278564453, -1.0
vb0[130]+040 BLENDWEIGHTS: 1.0, 0.0, 0.0, 0.0
vb0[130]+056 BLENDINDICES: 0, 0, 0, 0
vb0[130]+072 COLOR: 1.0, 0.5019607843137255, 0.5019607843137255, 0.25098039215686274
vb0[130]+076 TEXCOORD: 0.7357655763626099, 0.6180880069732666

vb0[131]+000 POSITION: -0.08700740337371826, 2.6563897132873535, 0.08596514165401459
vb0[131]+012 NORMAL: -0.9013902544975281, -0.15385116636753082, 0.4047536253929138
vb0[131]+024 TANGENT: -0.9054017663002014, -0.13314509391784668, 0.40313780307769775, -1.0
vb0[131]+040 BLENDWEIGHTS: 1.0, 0.0, 0.0, 0.0
vb0[131]+056 BLENDINDICES: 0, 0, 0, 0
vb0[131]+072 COLOR: 1.0, 0.5019607843137255, 0.5019607843137255, 0.5019607843137255
vb0[131]+076 TEXCOORD: 0.7515809535980225, 0.6151185035705566

vb0[132]+000 POSITION: -0.08503048866987228, 2.645399808883667, 0.08569999784231186
vb0[132]+012 NORMAL: -0.8949142098426819, -0.1886725127696991, 0.4043898582458496
vb0[132]+024 TANGENT: -0.8879290819168091, -0.19566886126995087, 0.4162878692150116, -1.0
vb0[132]+040 BLENDWEIGHTS: 1.0, 0.0, 0.0, 0.0
vb0[132]+056 BLENDINDICES: 0, 0, 0, 0
vb0[132]+072 COLOR: 1.0, 0.5019607843137255, 0.5019607843137255, 0.25098039215686274
vb0[132]+076 TEXCOORD: 0.7517650127410889, 0.5848246812820435

vb0[133]+000 POSITION: -0.08248717337846756, 2.645641326904297, 0.09049868583679199
vb0[133]+012 NORMAL: -0.71870356798172, -0.27788400650024414, 0.6373741030693054
vb0[133]+024 TANGENT: -0.7728925943374634, -0.2801966667175293, 0.5693215131759644, -1.0
vb0[133]+040 BLENDWEIGHTS: 1.0, 0.0, 0.0, 0.0
vb0[133]+056 BLENDINDICES: 0, 0, 0, 0
vb0[133]+072 COLOR: 1.0, 0.5019607843137255, 0.5019607843137255, 0.0
vb0[133]+076 TEXCOORD: 0.7362856864929199, 0.5888396501541138

vb0[134]+000 POSITION: -0.08737596124410629, 2.6458349227905273, 0.08016054332256317
vb0[134]+012 NORMAL: -0.9229394793510437, -0.1875799596309662, 0.3361496925354004
vb0[134]+024 TANGENT: -0.9237870573997498, -0.18680286407470703, 0.3342488408088684, -1.0
vb0[134]+040 BLENDWEIGHTS: 1.0, 0.0, 0.0, 0.0
vb0[134]+056 BLENDINDICES: 0, 0, 0, 0
vb0[134]+072 COLOR: 1.0, 0.5019607843137255, 0.5019607843137255, 0.5019607843137255
vb0[134]+076 TEXCOORD: 0.7673335075378418, 0.5825650691986084

vb0[135]+000 POSITION: -0.08955857157707214, 2.6469414234161377, 0.07405057549476624
vb0[135]+012 NORMAL: -0.9481263160705566, -0.183115616440773, 0.25985634326934814
vb0[135]+024 TANGENT: -0.9462985992431641, -0.18362776935100555, 0.2660822570323944, -1.0
vb0[135]+040 BLENDWEIGHTS: 1.0, 0.0, 0.0, 0.0
vb0[135]+056 BLENDINDICES: 0, 0, 0, 0
vb0[135]+072 COLOR: 1.0, 0.5019607843137255, 0.5019607843137255, 0.5019607843137255
vb0[135]+076 TEXCOORD: 0.7815285921096802, 0.582349419593811

vb0[136]+000 POSITION: -0.09429540485143661, 2.656367063522339, 0.06153880059719086
vb0[136]+012 NORMAL: -0.9682627320289612, -0.15847556293010712, 0.19326895475387573
vb0[136]+024 TANGENT: -0.9677429795265198, -0.15810614824295044, 0.19615329802036285, -1.0
vb0[136]+040 BLENDWEIGHTS: 1.0, 0.0, 0.0, 0.0
vb0[136]+056 BLENDINDICES: 0, 0, 0, 0
vb0[136]+072 COLOR: 1.0, 0.5019607843137255, 0.5019607843137255, 0.5019607843137255
vb0[136]+076 TEXCOORD: 0.8097158670425415, 0.6005885601043701

vb0[137]+000 POSITION: -0.09228938072919846, 2.6454858779907227, 0.06138502061367035
vb0[137]+012 NORMAL: -0.9625490307807922, -0.19543007016181946, 0.1878999024629593
vb0[137]+024 TANGENT: -0.9617699980735779, -0.19590048491954803, 0.19136714935302734, -1.0
vb0[137]+040 BLENDWEIGHTS: 1.0, 0.0, 0.0, 0.0
vb0[137]+056 BLENDINDICES: 0, 0, 0, 0
vb0[137]+072 COLOR: 1.0, 0.5019607843137255, 0.5019607843137255, 0.5019607843137255
vb0[137]+076 TEXCOORD: 0.8113272190093994, 0.5711662769317627

vb0[138]+000 POSITION: -0.09530787914991379, 2.6485304832458496, 0.046332910656929016
vb0[138]+012 NORMAL: -0.9729941487312317, -0.1853838860988617, 0.1375320553779602
vb0[138]+024 TANGENT: -0.9722545146942139, -0.18933308124542236, 0.13738346099853516, -1.0
vb0[138]+040 BLENDWEIGHTS: 1.0, 0.0, 0.0, 0.0
vb0[138]+056 BLENDINDICES: 0, 0, 0, 0
vb0[138]+072 COLOR: 1.0, 0.5019607843137255, 0.5019607843137255, 0.5019607843137255
vb0[138]+076 TEXCOORD: 0.8509747982025146, 0.5742273330688477

vb0[139]+000 POSITION: -0.09008316695690155, 2.6352758407592773, 0.06134382262825966
vb0[139]+012 NORMAL: -0.9597668647766113, -0.210942804813385, 0.18533991277217865
vb0[139]+024 TANGENT: -0.9586715698242188, -0.21124455332756042, 0.1905905157327652, -1.0
vb0[139]+040 BLENDWEIGHTS: 1.0, 0.0, 0.0, 0.0
vb0[139]+056 BLENDINDICES: 0, 0, 0, 0
vb0[139]+072 COLOR: 1.0, 0.5019607843137255, 0.5019607843137255, 0.5019607843137255
vb0[139]+076 TEXCOORD: 0.8113617897033691, 0.5424071550369263

vb0[140]+000 POSITION: -0.09281521290540695, 2.6379637718200684, 0.04723719507455826
vb0[140]+012 NORMAL: -0.9685788750648499, -0.20790426433086395, 0.13649500906467438
vb0[140]+024 TANGENT: -0.9684289693832397, -0.2081223726272583, 0.1372239589691162, -1.0
vb0[140]+040 BLENDWEIGHTS: 1.0, 0.0, 0.0, 0.0
vb0[140]+056 BLENDINDICES: 0, 0, 0, 0
vb0[140]+072 COLOR: 1.0, 0.5019607843137255, 0.5019607843137255, 0.5019607843137255
vb0[140]+076 TEXCOORD: 0.8497153520584106, 0.5435166358947754

vb0[141]+000 POSITION: -0.0878945142030716, 2.6255810260772705, 0.06162966415286064
vb0[141]+012 NORMAL: -0.9587012529373169, -0.2082432210445404, 0.19371791183948517
vb0[141]+024 TANGENT: -0.9580797553062439, -0.2083275020122528, 0.19667984545230865, -1.0
vb0[141]+040 BLENDWEIGHTS: 1.0, 0.0, 0.0, 0.0
vb0[141]+056 BLENDINDICES: 0, 0, 0, 0
vb0[141]+072 COLOR: 1.0, 0.5019607843137255, 0.5019607843137255, 0.5019607843137255
vb0[141]+076 TEXCOORD: 0.8085707426071167, 0.5148314237594604

vb0[142]+000 POSITION: -0.08518490940332413, 2.627424478530884, 0.07403776794672012
vb0[142]+012 NORMAL: -0.9426720142364502, -0.20616526901721954, 0.26242202520370483
vb0[142]+024 TANGENT: -0.9416331648826599, -0.20507411658763885, 0.2669672667980194, -1.0
vb0[142]+040 BLENDWEIGHTS: 1.0, 0.0, 0.0, 0.0
vb0[142]+056 BLENDINDICES: 0, 0, 0, 0
vb0[142]+072 COLOR: 1.0, 0.5019607843137255, 0.5019607843137255, 0.5019607843137255
vb0[142]+076 TEXCOORD: 0.775879979133606, 0.5273809432983398

vb0[143]+000 POSITION: -0.08645317703485489, 2.632969856262207, 0.0737980380654335
vb0[143]+012 NORMAL: -0.9402576088905334, -0.213921919465065, 0.26486408710479736
vb0[143]+024 TANGENT: -0.9404468536376953, -0.21436826884746552, 0.2638295888900757, -1.0
vb0[143]+040 BLENDWEIGHTS: 1.0, 0.0, 0.0, 0.0
vb0[143]+056 BLENDINDICES: 0, 0, 0, 0
vb0[143]+072 COLOR: 1.0, 0.5019607843137255, 0.5019607843137255, 0.5019607843137255
vb0[143]+076 TEXCOORD: 0.7786959409713745, 0.5429126024246216

vb0[144]+000 POSITION: -0.08426754921674728, 2.632625102996826, 0.08065129071474075
vb0[144]+012 NORMAL: -0.9211106300354004, -0.2092244029045105, 0.3282991945743561
vb0[144]+024 TANGENT: -0.9149857759475708, -0.2080293893814087, 0.3457235097885132, -1.0
vb0[144]+040 BLENDWEIGHTS: 1.0, 0.0, 0.0, 0.0
vb0[144]+056 BLENDINDICES: 0, 0, 0, 0
vb0[144]+072 COLOR: 1.0, 0.5019607843137255, 0.5019607843137255, 0.25098039215686274
vb0[144]+076 TEXCOORD: 0.7611684799194336, 0.5460788011550903

vb0[145]+000 POSITION: -0.08284679055213928, 2.6273534297943115, 0.08125446736812592
vb0[145]+012 NORMAL: -0.9169276356697083, -0.19559448957443237, 0.34783104062080383
vb0[145]+024 TANGENT: -0.9127207398414612, -0.19360055029392242, 0.3598051369190216, -1.0
vb0[145]+040 BLENDWEIGHTS: 1.0, 0.0, 0.0, 0.0
vb0[145]+056 BLENDINDICES: 0, 0, 0, 0
vb0[145]+072 COLOR: 1.0, 0.5019607843137255, 0.5019607843137255, 0.25098039215686274
vb0[145]+076 TEXCOORD: 0.7569712400436401, 0.5329424142837524

vb0[146]+000 POSITION: -0.0814475491642952, 2.622217893600464, 0.08223902434110641
vb0[146]+012 NORMAL: -0.9126347303390503, -0.17769864201545715, 0.3681316673755646
vb0[146]+024 TANGENT: -0.9112574458122253, -0.1759123057126999, 0.3723770081996918, -1.0
vb0[146]+040 BLENDWEIGHTS: 1.0, 0.0, 0.0, 0.0
vb0[146]+056 BLENDINDICES: 0, 0, 0, 0
vb0[146]+072 COLOR: 1.0, 0.5019607843137255, 0.5019607843137255, 0.25098039215686274
vb0[146]+076 TEXCOORD: 0.7509431838989258, 0.5182623863220215

vb0[147]+000 POSITION: -0.09782961755990982, 2.6512765884399414, 0.031015433371067047
vb0[147]+012 NORMAL: -0.9748212695121765, -0.19336272776126862, 0.11106021702289581
vb0[147]+024 TANGENT: -0.9745755195617676, -0.1961197704076767, 0.10834991186857224, -1.0
vb0[147]+040 BLENDWEIGHTS: 1.0, 0.0, 0.0, 0.0
vb0[147]+056 BLENDINDICES: 0, 0, 0, 0
vb0[147]+072 COLOR: 1.0, 0.5019607843137255, 0.5019607843137255, 0.5019607843137255
vb0[147]+076 TEXCOORD: 0.8878465890884399, 0.5664399862289429

vb0[148]+000 POSITION: -0.0905127227306366, 2.6270604133605957, 0.047852303832769394
vb0[148]+012 NORMAL: -0.9676148295402527, -0.21208281815052032, 0.1369027942419052
vb0[148]+024 TANGENT: -0.9673586487770081, -0.2130299210548401, 0.13724303245544434, -1.0
vb0[148]+040 BLENDWEIGHTS: 1.0, 0.0, 0.0, 0.0
vb0[148]+056 BLENDINDICES: 0, 0, 0, 0
vb0[148]+072 COLOR: 1.0, 0.5019607843137255, 0.5019607843137255, 0.5019607843137255
vb0[148]+076 TEXCOORD: 0.8468537330627441, 0.5125830173492432

vb0[149]+000 POSITION: -0.08570635318756104, 2.616699695587158, 0.0628538504242897
vb0[149]+012 NORMAL: -0.9578195810317993, -0.21469920873641968, 0.19101282954216003
vb0[149]+024 TANGENT: -0.9574617743492126, -0.21349206566810608, 0.19413386285305023, -1.0
vb0[149]+040 BLENDWEIGHTS: 1.0, 0.0, 0.0, 0.0
vb0[149]+056 BLENDINDICES: 0, 0, 0, 0
vb0[149]+072 COLOR: 1.0, 0.5019607843137255, 0.5019607843137255, 0.5019607843137255
vb0[149]+076 TEXCOORD: 0.8016630411148071, 0.4895820617675781

vb0[150]+000 POSITION: -0.09526577591896057, 2.6402084827423096, 0.03184320032596588
vb0[150]+012 NORMAL: -0.9709543585777283, -0.21173827350139618, 0.11142037063837051
vb0[150]+024 TANGENT: -0.9712076783180237, -0.21108964085578918, 0.11043943464756012, -1.0
vb0[150]+040 BLENDWEIGHTS: 1.0, 0.0, 0.0, 0.0
vb0[150]+056 BLENDINDICES: 0, 0, 0, 0
vb0[150]+072 COLOR: 1.0, 0.5019607843137255, 0.5019607843137255, 0.5019607843137255
vb0[150]+076 TEXCOORD: 0.8876346349716187, 0.5410584211349487

vb0[151]+000 POSITION: -0.09255019575357437, 2.628542423248291, 0.03323235735297203
vb0[151]+012 NORMAL: -0.9680403470993042, -0.22784441709518433, 0.10480855405330658
vb0[151]+024 TANGENT: -0.9677515625953674, -0.22958436608314514, 0.10367240011692047, -1.0
vb0[151]+040 BLENDWEIGHTS: 1.0, 0.0, 0.0, 0.0
vb0[151]+056 BLENDINDICES: 0, 0, 0, 0
vb0[151]+072 COLOR: 1.0, 0.5019607843137255, 0.5019607843137255, 0.5019607843137255
vb0[151]+076 TEXCOORD: 0.8866320848464966, 0.5071706771850586

vb0[152]+000 POSITION: -0.09664824604988098, 2.6408934593200684, 0.02047090046107769
vb0[152]+012 NORMAL: -0.9739763736724854, -0.200898215174675, 0.1049286425113678
vb0[152]+024 TANGENT: -0.9743078947067261, -0.19914226233959198, 0.10519731789827347, -1.0
vb0[152]+040 BLENDWEIGHTS: 1.0, 0.0, 0.0, 0.0
vb0[152]+056 BLENDINDICES: 0, 0, 0, 0
vb0[152]+072 COLOR: 1.0, 0.5019607843137255, 0.5019607843137255, 0.5019607843137255
vb0[152]+076 TEXCOORD: 0.926365852355957, 0.5384408235549927

vb0[153]+000 POSITION: -0.08817247301340103, 2.61769700050354, 0.04876169189810753
vb0[153]+012 NORMAL: -0.9634039998054504, -0.23683218657970428, 0.12555161118507385
vb0[153]+024 TANGENT: -0.963380753993988, -0.23667429387569427, 0.12602686882019043, -1.0
vb0[153]+040 BLENDWEIGHTS: 1.0, 0.0, 0.0, 0.0
vb0[153]+056 BLENDINDICES: 0, 0, 0, 0
vb0[153]+072 COLOR: 1.0, 0.5019607843137255, 0.5019607843137255, 0.5019607843137255
vb0[153]+076 TEXCOORD: 0.8400001525878906, 0.48201560974121094

vb0[154]+000 POSITION: -0.08343318104743958, 2.608124256134033, 0.06431710720062256
vb0[154]+012 NORMAL: -0.9579486846923828, -0.22169600427150726, 0.18216827511787415
vb0[154]+024 TANGENT: -0.9578881859779358, -0.22123660147190094, 0.18304266035556793, -1.0
vb0[154]+040 BLENDWEIGHTS: 1.0, 0.0, 0.0, 0.0
vb0[154]+056 BLENDINDICES: 0, 0, 0, 0
vb0[154]+072 COLOR: 1.0, 0.5019607843137255, 0.5019607843137255, 0.5019607843137255
vb0[154]+076 TEXCOORD: 0.7932368516921997, 0.46629416942596436

vb0[155]+000 POSITION: -0.09383115917444229, 2.6294243335723877, 0.022533852607011795
vb0[155]+012 NORMAL: -0.9672495126724243, -0.23673665523529053, 0.09156490117311478
vb0[155]+024 TANGENT: -0.9671023488044739, -0.23744258284568787, 0.09129070490598679, -1.0
vb0[155]+040 BLENDWEIGHTS: 1.0, 0.0, 0.0, 0.0
vb0[155]+056 BLENDINDICES: 0, 0, 0, 0
vb0[155]+072 COLOR: 1.0, 0.5019607843137255, 0.5019607843137255, 0.5019607843137255
vb0[155]+076 TEXCOORD: 0.9216655492782593, 0.5051681995391846

vb0[156]+000 POSITION: -0.0896984189748764, 2.618025541305542, 0.03473974019289017
vb0[156]+012 NORMAL: -0.9629399180412292, -0.2551930546760559, 0.08731099218130112
vb0[156]+024 TANGENT: -0.962858259677887, -0.2561866044998169, 0.08527827262878418, -1.0
vb0[156]+040 BLENDWEIGHTS: 1.0, 0.0, 0.0, 0.0
vb0[156]+056 BLENDINDICES: 0, 0, 0, 0
vb0[156]+072 COLOR: 1.0, 0.5019607843137255, 0.5019607843137255, 0.5019607843137255
vb0[156]+076 TEXCOORD: 0.8778923749923706, 0.47548627853393555

vb0[157]+000 POSITION: -0.08562730252742767, 2.60829758644104, 0.05005944147706032
vb0[157]+012 NORMAL: -0.9610865116119385, -0.25005239248275757, 0.11741640418767929
vb0[157]+024 TANGENT: -0.9610805511474609, -0.25032269954681396, 0.11688744276762009, -1.0
vb0[157]+040 BLENDWEIGHTS: 1.0, 0.0, 0.0, 0.0
vb0[157]+056 BLENDINDICES: 0, 0, 0, 0
vb0[157]+072 COLOR: 1.0, 0.5019607843137255, 0.5019607843137255, 0.5019607843137255
vb0[157]+076 TEXCOORD: 0.8298795223236084, 0.45720887184143066

vb0[158]+000 POSITION: -0.08700194954872131, 2.6084792613983154, 0.03613916039466858
vb0[158]+012 NORMAL: -0.961281418800354, -0.264558881521225, 0.07711315155029297
vb0[158]+024 TANGENT: -0.9612664580345154, -0.26546505093574524, 0.07412838190793991, -1.0
vb0[158]+040 BLENDWEIGHTS: 1.0, 0.0, 0.0, 0.0
vb0[158]+056 BLENDINDICES: 0, 0, 0, 0
vb0[158]+072 COLOR: 1.0, 0.5019607843137255, 0.5019607843137255, 0.5019607843137255
vb0[158]+076 TEXCOORD: 0.8662948608398438, 0.4477229118347168

vb0[159]+000 POSITION: -0.09054000675678253, 2.618461847305298, 0.02450990304350853
vb0[159]+012 NORMAL: -0.9597357511520386, -0.2733458876609802, 0.06472411006689072
vb0[159]+024 TANGENT: -0.9598090052604675, -0.27314290404319763, 0.06449484080076218, -1.0
vb0[159]+040 BLENDWEIGHTS: 1.0, 0.0, 0.0, 0.0
vb0[159]+056 BLENDINDICES: 0, 0, 0, 0
vb0[159]+072 COLOR: 1.0, 0.5019607843137255, 0.5019607843137255, 0.5019607843137255
vb0[159]+076 TEXCOORD: 0.9126187562942505, 0.4718332290649414

vb0[160]+000 POSITION: -0.08132410049438477, 2.6002049446105957, 0.06587043404579163
vb0[160]+012 NORMAL: -0.9554628133773804, -0.23870249092578888, 0.1735278069972992
vb0[160]+024 TANGENT: -0.9553494453430176, -0.2387794405221939, 0.17404532432556152, -1.0
vb0[160]+040 BLENDWEIGHTS: 1.0, 0.0, 0.0, 0.0
vb0[160]+056 BLENDINDICES: 0, 0, 0, 0
vb0[160]+072 COLOR: 1.0, 0.5019607843137255, 0.5019607843137255, 0.5019607843137255
vb0[160]+076 TEXCOORD: 0.7817853689193726, 0.4460170269012451

vb0[161]+000 POSITION: -0.08046183735132217, 2.6085846424102783, 0.07757771015167236
vb0[161]+012 NORMAL: -0.9473463296890259, -0.18564456701278687, 0.2609041631221771
vb0[161]+024 TANGENT: -0.9454421997070312, -0.18149511516094208, 0.2705521285533905, -1.0
vb0[161]+040 BLENDWEIGHTS: 1.0, 0.0, 0.0, 0.0
vb0[161]+056 BLENDINDICES: 0, 0, 0, 0
vb0[161]+072 COLOR: 1.0, 0.5019607843137255, 0.5019607843137255, 0.5019607843137255
vb0[161]+076 TEXCOORD: 0.7565732002258301, 0.4771003723144531

vb0[162]+000 POSITION: -0.08228201419115067, 2.615823268890381, 0.07573056221008301
vb0[162]+012 NORMAL: -0.9471166133880615, -0.1817980855703354, 0.2644231915473938
vb0[162]+024 TANGENT: -0.9452065825462341, -0.18168024718761444, 0.27125033736228943, -1.0
vb0[162]+040 BLENDWEIGHTS: 1.0, 0.0, 0.0, 0.0
vb0[162]+056 BLENDINDICES: 0, 0, 0, 0
vb0[162]+072 COLOR: 1.0, 0.5019607843137255, 0.5019607843137255, 0.5019607843137255
vb0[162]+076 TEXCOORD: 0.7653101682662964, 0.4959568977355957

vb0[163]+000 POSITION: -0.08380059897899628, 2.6218326091766357, 0.07470200955867767
vb0[163]+012 NORMAL: -0.9449002742767334, -0.19792018830776215, 0.26075127720832825
vb0[163]+024 TANGENT: -0.9427080154418945, -0.1964569240808487, 0.2696409225463867, -1.0
vb0[163]+040 BLENDWEIGHTS: 1.0, 0.0, 0.0, 0.0
vb0[163]+056 BLENDINDICES: 0, 0, 0, 0
vb0[163]+072 COLOR: 1.0, 0.5019607843137255, 0.5019607843137255, 0.5019607843137255
vb0[163]+076 TEXCOORD: 0.7713521718978882, 0.5120542049407959

vb0[164]+000 POSITION: -0.07776910811662674, 2.609290599822998, 0.08600951731204987
vb0[164]+012 NORMAL: -0.9127638936042786, -0.14754550158977509, 0.3809099495410919
vb0[164]+024 TANGENT: -0.9084576368331909, -0.1419779658317566, 0.39312469959259033, -1.0
vb0[164]+040 BLENDWEIGHTS: 1.0, 0.0, 0.0, 0.0
vb0[164]+056 BLENDINDICES: 0, 0, 0, 0
vb0[164]+072 COLOR: 1.0, 0.5019607843137255, 0.5019607843137255, 0.34901960784313724
vb0[164]+076 TEXCOORD: 0.7333886623382568, 0.4830498695373535

vb0[165]+000 POSITION: -0.07981930673122406, 2.6162209510803223, 0.08365293592214584
vb0[165]+012 NORMAL: -0.916968822479248, -0.15378135442733765, 0.36812955141067505
vb0[165]+024 TANGENT: -0.9108133316040039, -0.14832651615142822, 0.3852509558200836, -1.0
vb0[165]+040 BLENDWEIGHTS: 1.0, 0.0, 0.0, 0.0
vb0[165]+056 BLENDINDICES: 0, 0, 0, 0
vb0[165]+072 COLOR: 1.0, 0.5019607843137255, 0.5019607843137255, 0.25098039215686274
vb0[165]+076 TEXCOORD: 0.7440975904464722, 0.501636266708374

vb0[166]+000 POSITION: -0.07838936895132065, 2.6010537147521973, 0.07964622229337692
vb0[166]+012 NORMAL: -0.9427651166915894, -0.20325066149234772, 0.2643541097640991
vb0[166]+024 TANGENT: -0.9403652548789978, -0.20080514252185822, 0.27457359433174133, -1.0
vb0[166]+040 BLENDWEIGHTS: 1.0, 0.0, 0.0, 0.0
vb0[166]+056 BLENDINDICES: 0, 0, 0, 0
vb0[166]+072 COLOR: 1.0, 0.5019607843137255, 0.5019607843137255, 0.5019607843137255
vb0[166]+076 TEXCOORD: 0.7462354898452759, 0.4567824602127075

vb0[167]+000 POSITION: -0.07634738087654114, 2.5943405628204346, 0.08151733130216599
vb0[167]+012 NORMAL: -0.9319757223129272, -0.23855793476104736, 0.2729678153991699
vb0[167]+024 TANGENT: -0.9293541312217712, -0.23221327364444733, 0.2870155870914459, -1.0
vb0[167]+040 BLENDWEIGHTS: 1.0, 0.0, 0.0, 0.0
vb0[167]+056 BLENDINDICES: 0, 0, 0, 0
vb0[167]+072 COLOR: 1.0, 0.5019607843137255, 0.5019607843137255, 0.5019607843137255
vb0[167]+076 TEXCOORD: 0.7359564304351807, 0.43859052658081055

vb0[168]+000 POSITION: -0.07544420659542084, 2.6021037101745605, 0.08866927027702332
vb0[168]+012 NORMAL: -0.9020994305610657, -0.16943864524364471, 0.39687174558639526
vb0[168]+024 TANGENT: -0.8991771340370178, -0.1666247844696045, 0.40461909770965576, -1.0
vb0[168]+040 BLENDWEIGHTS: 1.0, 0.0, 0.0, 0.0
vb0[168]+056 BLENDINDICES: 0, 0, 0, 0
vb0[168]+072 COLOR: 1.0, 0.5019607843137255, 0.5019607843137255, 0.5019607843137255
vb0[168]+076 TEXCOORD: 0.723983645439148, 0.4636315107345581

vb0[169]+000 POSITION: -0.07313574105501175, 2.5958993434906006, 0.09075560420751572
vb0[169]+012 NORMAL: -0.8861493468284607, -0.21777969598770142, 0.40903717279434204
vb0[169]+024 TANGENT: -0.8845500946044922, -0.21289318799972534, 0.41502711176872253, -1.0
vb0[169]+040 BLENDWEIGHTS: 1.0, 0.0, 0.0, 0.0
vb0[169]+056 BLENDINDICES: 0, 0, 0, 0
vb0[169]+072 COLOR: 1.0, 0.5019607843137255, 0.5019607843137255, 0.5019607843137255
vb0[169]+076 TEXCOORD: 0.7140598297119141, 0.4463479518890381

vb0[170]+000 POSITION: -0.06963399052619934, 2.597740411758423, 0.09775754064321518
vb0[170]+012 NORMAL: -0.7803652286529541, -0.10564228892326355, 0.6163358092308044
vb0[170]+024 TANGENT: -0.7811797857284546, -0.10001498460769653, 0.6162427663803101, -1.0
vb0[170]+040 BLENDWEIGHTS: 1.0, 0.0, 0.0, 0.0
vb0[170]+056 BLENDINDICES: 0, 0, 0, 0
vb0[170]+072 COLOR: 1.0, 0.5019607843137255, 0.5019607843137255, 0.5019607843137255
vb0[170]+076 TEXCOORD: 0.6945198774337769, 0.4535226821899414

vb0[171]+000 POSITION: -0.0720473974943161, 2.603529214859009, 0.09508682787418365
vb0[171]+012 NORMAL: -0.8093801736831665, -0.048509541898965836, 0.5852780938148499
vb0[171]+024 TANGENT: -0.8038711547851562, -0.04335414990782738, 0.5932212471961975, -1.0
vb0[171]+040 BLENDWEIGHTS: 1.0, 0.0, 0.0, 0.0
vb0[171]+056 BLENDINDICES: 0, 0, 0, 0
vb0[171]+072 COLOR: 1.0, 0.5019607843137255, 0.5019607843137255, 0.34901960784313724
vb0[171]+076 TEXCOORD: 0.7050795555114746, 0.46921396255493164

vb0[172]+000 POSITION: -0.07486701756715775, 2.610081434249878, 0.09157049655914307
vb0[172]+012 NORMAL: -0.8007587194442749, -0.02867933176457882, 0.598300039768219
vb0[172]+024 TANGENT: -0.8114060759544373, -0.041576921939849854, 0.5830022692680359, -1.0
vb0[172]+040 BLENDWEIGHTS: 1.0, 0.0, 0.0, 0.0
vb0[172]+056 BLENDINDICES: 0, 0, 0, 0
vb0[172]+072 COLOR: 1.0, 0.5019607843137255, 0.5019607843137255, 0.25098039215686274
vb0[172]+076 TEXCOORD: 0.7174007892608643, 0.4872324466705322

vb0[173]+000 POSITION: -0.07752420008182526, 2.6172142028808594, 0.0881575345993042
vb0[173]+012 NORMAL: -0.823218584060669, -0.0786987766623497, 0.5622435212135315
vb0[173]+024 TANGENT: -0.8324939012527466, -0.0832563042640686, 0.5477428436279297, -1.0
vb0[173]+040 BLENDWEIGHTS: 1.0, 0.0, 0.0, 0.0
vb0[173]+056 BLENDINDICES: 0, 0, 0, 0
vb0[173]+072 COLOR: 1.0, 0.5019607843137255, 0.5019607843137255, 0.0
vb0[173]+076 TEXCOORD: 0.7307690382003784, 0.5065490007400513

vb0[174]+000 POSITION: -0.07936966419219971, 2.622795581817627, 0.08655150234699249
vb0[174]+012 NORMAL: -0.8297948837280273, -0.14546538889408112, 0.5387765765190125
vb0[174]+024 TANGENT: -0.8352355360984802, -0.1496042013168335, 0.5291503071784973, -1.0
vb0[174]+040 BLENDWEIGHTS: 1.0, 0.0, 0.0, 0.0
vb0[174]+056 BLENDINDICES: 0, 0, 0, 0
vb0[174]+072 COLOR: 1.0, 0.5019607843137255, 0.5019607843137255, 0.0
vb0[174]+076 TEXCOORD: 0.738527774810791, 0.5220823287963867

vb0[175]+000 POSITION: -0.07666837424039841, 2.624070405960083, 0.09019570052623749
vb0[175]+012 NORMAL: -0.5906788110733032, -0.032177455723285675, 0.8062648773193359
vb0[175]+024 TANGENT: -0.6633817553520203, -0.06655228137969971, 0.7453156113624573, -1.0
vb0[175]+040 BLENDWEIGHTS: 1.0, 0.0, 0.0, 0.0
vb0[175]+056 BLENDINDICES: 0, 0, 0, 0
vb0[175]+072 COLOR: 1.0, 0.5019607843137255, 0.5019607843137255, 0.0
vb0[175]+076 TEXCOORD: 0.7258109450340271, 0.5277690887451172

vb0[176]+000 POSITION: -0.07450318336486816, 2.6197783946990967, 0.09193196147680283
vb0[176]+012 NORMAL: -0.6096938252449036, 0.07264503091573715, 0.7893011569976807
vb0[176]+024 TANGENT: -0.662979781627655, 0.031081797555088997, 0.7479918599128723, -1.0
vb0[176]+040 BLENDWEIGHTS: 1.0, 0.0, 0.0, 0.0
vb0[176]+056 BLENDINDICES: 0, 0, 0, 0
vb0[176]+072 COLOR: 1.0, 0.5019607843137255, 0.5019607843137255, 0.0
vb0[176]+076 TEXCOORD: 0.7175315022468567, 0.5155751705169678

vb0[177]+000 POSITION: -0.07084254920482635, 2.6152331829071045, 0.0953490138053894
vb0[177]+012 NORMAL: -0.6061656475067139, 0.13283735513687134, 0.784166693687439
vb0[177]+024 TANGENT: -0.6325289011001587, 0.10429632663726807, 0.7674825191497803, -1.0
vb0[177]+040 BLENDWEIGHTS: 1.0, 0.0, 0.0, 0.0
vb0[177]+056 BLENDINDICES: 0, 0, 0, 0
vb0[177]+072 COLOR: 1.0, 0.5019607843137255, 0.5019607843137255, 0.0
vb0[177]+076 TEXCOORD: 0.7039517164230347, 0.5030479431152344

vb0[178]+000 POSITION: -0.07934027910232544, 2.6284127235412598, 0.08806472271680832
vb0[178]+012 NORMAL: -0.7712098956108093, -0.1532517373561859, 0.6178587079048157
vb0[178]+024 TANGENT: -0.7644314765930176, -0.15038663148880005, 0.6269197463989258, -1.0
vb0[178]+040 BLENDWEIGHTS: 1.0, 0.0, 0.0, 0.0
vb0[178]+056 BLENDINDICES: 0, 0, 0, 0
vb0[178]+072 COLOR: 1.0, 0.5019607843137255, 0.5019607843137255, 0.0
vb0[178]+076 TEXCOORD: 0.7357145547866821, 0.5393685102462769

vb0[179]+000 POSITION: -0.07769184559583664, 2.6292712688446045, 0.09001399576663971
vb0[179]+012 NORMAL: -0.5066584944725037, -0.06869637966156006, 0.8594055771827698
vb0[179]+024 TANGENT: -0.6098220348358154, -0.09853308647871017, 0.7863894104957581, -1.0
vb0[179]+040 BLENDWEIGHTS: 1.0, 0.0, 0.0, 0.0
vb0[179]+056 BLENDINDICES: 0, 0, 0, 0
vb0[179]+072 COLOR: 1.0, 0.5019607843137255, 0.5019607843137255, 0.0
vb0[179]+076 TEXCOORD: 0.7282425165176392, 0.543296217918396

vb0[180]+000 POSITION: -0.08069897443056107, 2.632803201675415, 0.08750681579113007
vb0[180]+012 NORMAL: -0.7758974432945251, -0.1905600130558014, 0.6013901233673096
vb0[180]+024 TANGENT: -0.7760329842567444, -0.1850011795759201, 0.6029488444328308, -1.0
vb0[180]+040 BLENDWEIGHTS: 1.0, 0.0, 0.0, 0.0
vb0[180]+056 BLENDINDICES: 0, 0, 0, 0
vb0[180]+072 COLOR: 1.0, 0.5019607843137255, 0.5019607843137255, 0.0
vb0[180]+076 TEXCOORD: 0.7400062084197998, 0.5515676736831665

vb0[181]+000 POSITION: -0.082135409116745, 2.6325531005859375, 0.08539421111345291
vb0[181]+012 NORMAL: -0.8705859780311584, -0.20291364192962646, 0.4482255280017853
vb0[181]+024 TANGENT: -0.8556596040725708, -0.19999605417251587, 0.47733449935913086, -1.0
vb0[181]+040 BLENDWEIGHTS: 1.0, 0.0, 0.0, 0.0
vb0[181]+056 BLENDINDICES: 0, 0, 0, 0
vb0[181]+072 COLOR: 1.0, 0.5019607843137255, 0.5019607843137255, 0.0
vb0[181]+076 TEXCOORD: 0.7474526166915894, 0.5492842197418213

vb0[182]+000 POSITION: -0.0547298938035965, 2.6330554485321045, 0.10298257321119308
vb0[182]+012 NORMAL: -0.38054829835891724, -0.1432717889547348, 0.9135951399803162
vb0[182]+024 TANGENT: -0.39971688389778137, -0.1642167717218399, 0.9018089771270752, -1.0
vb0[182]+040 BLENDWEIGHTS: 1.0, 0.0, 0.0, 0.0
vb0[182]+056 BLENDINDICES: 0, 0, 0, 0
vb0[182]+072 COLOR: 1.0, 0.5019607843137255, 0.5019607843137255, 0.0
vb0[182]+076 TEXCOORD: 0.7229174375534058, 0.547404408454895

vb0[183]+000 POSITION: -0.08083852380514145, 2.6279144287109375, 0.08579802513122559
vb0[183]+012 NORMAL: -0.8530229330062866, -0.17614604532718658, 0.49124789237976074
vb0[183]+024 TANGENT: -0.8452103734016418, -0.1784493774175644, 0.5037609934806824, -1.0
vb0[183]+040 BLENDWEIGHTS: 1.0, 0.0, 0.0, 0.0
vb0[183]+056 BLENDINDICES: 0, 0, 0, 0
vb0[183]+072 COLOR: 1.0, 0.5019607843137255, 0.5019607843137255, 0.0
vb0[183]+076 TEXCOORD: 0.7438226938247681, 0.5363110303878784

vb0[184]+000 POSITION: -0.06825697422027588, 2.6055972576141357, 0.09898318350315094
vb0[184]+012 NORMAL: -0.6639349460601807, 0.07633597403764725, 0.7438837885856628
vb0[184]+024 TANGENT: -0.6619675159454346, 0.07714509963989258, 0.7455519437789917, -1.0
vb0[184]+040 BLENDWEIGHTS: 1.0, 0.0, 0.0, 0.0
vb0[184]+056 BLENDINDICES: 0, 0, 0, 0
vb0[184]+072 COLOR: 1.0, 0.5019607843137255, 0.5019607843137255, 0.25098039215686274
vb0[184]+076 TEXCOORD: 0.6912567615509033, 0.47571349143981934

vb0[185]+000 POSITION: -0.06646941602230072, 2.590444803237915, 0.10012570023536682
vb0[185]+012 NORMAL: -0.7575934529304504, -0.17285379767417908, 0.6294233202934265
vb0[185]+024 TANGENT: -0.7579360008239746, -0.17207975685596466, 0.6292229890823364, -1.0
vb0[185]+040 BLENDWEIGHTS: 1.0, 0.0, 0.0, 0.0
vb0[185]+056 BLENDINDICES: 0, 0, 0, 0
vb0[185]+072 COLOR: 1.0, 0.5019607843137255, 0.5019607843137255, 0.5019607843137255
vb0[185]+076 TEXCOORD: 0.6822112798690796, 0.43362855911254883

vb0[186]+000 POSITION: -0.0603892020881176, 2.592662811279297, 0.10572025924921036
vb0[186]+012 NORMAL: -0.5952366590499878, -0.0505276694893837, 0.801960289478302
vb0[186]+024 TANGENT: -0.5949819684028625, -0.049833472818136215, 0.8021926283836365, -1.0
vb0[186]+040 BLENDWEIGHTS: 1.0, 0.0, 0.0, 0.0
vb0[186]+056 BLENDINDICES: 0, 0, 0, 0
vb0[186]+072 COLOR: 1.0, 0.5019607843137255, 0.5019607843137255, 0.5019607843137255
vb0[186]+076 TEXCOORD: 0.6627588272094727, 0.4404904842376709

vb0[187]+000 POSITION: -0.056965164840221405, 2.5853066444396973, 0.1072649285197258
vb0[187]+012 NORMAL: -0.5809646248817444, -0.14242073893547058, 0.801371693611145
vb0[187]+024 TANGENT: -0.5797562599182129, -0.1420886367559433, 0.8023050427436829, -1.0
vb0[187]+040 BLENDWEIGHTS: 1.0, 0.0, 0.0, 0.0
vb0[187]+056 BLENDINDICES: 0, 0, 0, 0
vb0[187]+072 COLOR: 1.0, 0.5019607843137255, 0.5019607843137255, 0.5019607843137255
vb0[187]+076 TEXCOORD: 0.6517207622528076, 0.4203054904937744

vb0[188]+000 POSITION: -0.05065137892961502, 2.588195323944092, 0.1115339919924736
vb0[188]+012 NORMAL: -0.48666536808013916, -0.04976706579327583, 0.8721697330474854
vb0[188]+024 TANGENT: -0.4893244802951813, -0.05187391862273216, 0.8705576062202454, -1.0
vb0[188]+040 BLENDWEIGHTS: 1.0, 0.0, 0.0, 0.0
vb0[188]+056 BLENDINDICES: 0, 0, 0, 0
vb0[188]+072 COLOR: 1.0, 0.5019607843137255, 0.5019607843137255, 0.5019607843137255
vb0[188]+076 TEXCOORD: 0.6342180967330933, 0.4295656681060791

vb0[189]+000 POSITION: -0.047316774725914, 2.5811755657196045, 0.11261409521102905
vb0[189]+012 NORMAL: -0.4964658319950104, -0.12412171810865402, 0.8591364026069641
vb0[189]+024 TANGENT: -0.49936366081237793, -0.12644094228744507, 0.8571164608001709, -1.0
vb0[189]+040 BLENDWEIGHTS: 1.0, 0.0, 0.0, 0.0
vb0[189]+056 BLENDINDICES: 0, 0, 0, 0
vb0[189]+072 COLOR: 1.0, 0.5019607843137255, 0.5019607843137255, 0.5019607843137255
vb0[189]+076 TEXCOORD: 0.6238819360733032, 0.4112762212753296

vb0[190]+000 POSITION: -0.053124506026506424, 2.578021764755249, 0.10829471051692963
vb0[190]+012 NORMAL: -0.5684964656829834, -0.20016391575336456, 0.7979637980461121
vb0[190]+024 TANGENT: -0.5672304034233093, -0.19924576580524445, 0.7990937232971191, -1.0
vb0[190]+040 BLENDWEIGHTS: 1.0, 0.0, 0.0, 0.0
vb0[190]+056 BLENDINDICES: 0, 0, 0, 0
vb0[190]+072 COLOR: 1.0, 0.5019607843137255, 0.5019607843137255, 0.5019607843137255
vb0[190]+076 TEXCOORD: 0.6402890682220459, 0.40135228633880615

vb0[191]+000 POSITION: -0.06278083473443985, 2.5828585624694824, 0.10191003233194351
vb0[191]+012 NORMAL: -0.7294487357139587, -0.24627137184143066, 0.6381653547286987
vb0[191]+024 TANGENT: -0.7269617319107056, -0.24367421865463257, 0.6419886350631714, -1.0
vb0[191]+040 BLENDWEIGHTS: 1.0, 0.0, 0.0, 0.0
vb0[191]+056 BLENDINDICES: 0, 0, 0, 0
vb0[191]+072 COLOR: 1.0, 0.5019607843137255, 0.5019607843137255, 0.5019607843137255
vb0[191]+076 TEXCOORD: 0.6702347993850708, 0.4132094383239746

vb0[192]+000 POSITION: -0.05855577439069748, 2.574985980987549, 0.10313866287469864
vb0[192]+012 NORMAL: -0.6986714601516724, -0.2977692186832428, 0.6505318880081177
vb0[192]+024 TANGENT: -0.6962847113609314, -0.2963903844356537, 0.653712809085846, -1.0
vb0[192]+040 BLENDWEIGHTS: 1.0, 0.0, 0.0, 0.0
vb0[192]+056 BLENDINDICES: 0, 0, 0, 0
vb0[192]+072 COLOR: 1.0, 0.5019607843137255, 0.5019607843137255, 0.5019607843137255
vb0[192]+076 TEXCOORD: 0.65766441822052, 0.39228618144989014

vb0[193]+000 POSITION: -0.04915742203593254, 2.5704052448272705, 0.10901018977165222
vb0[193]+012 NORMAL: -0.5692943334579468, -0.23168236017227173, 0.7888138890266418
vb0[193]+024 TANGENT: -0.5683997273445129, -0.23074252903461456, 0.7897340059280396, -1.0
vb0[193]+040 BLENDWEIGHTS: 1.0, 0.0, 0.0, 0.0
vb0[193]+056 BLENDINDICES: 0, 0, 0, 0
vb0[193]+072 COLOR: 1.0, 0.5019607843137255, 0.5019607843137255, 0.5019607843137255
vb0[193]+076 TEXCOORD: 0.6291505098342896, 0.3824359178543091

vb0[194]+000 POSITION: -0.04375893995165825, 2.5740060806274414, 0.11340195685625076
vb0[194]+012 NORMAL: -0.5050078630447388, -0.16397373378276825, 0.8473957777023315
vb0[194]+024 TANGENT: -0.5080735683441162, -0.1664702147245407, 0.8450732827186584, -1.0
vb0[194]+040 BLENDWEIGHTS: 1.0, 0.0, 0.0, 0.0
vb0[194]+056 BLENDINDICES: 0, 0, 0, 0
vb0[194]+072 COLOR: 1.0, 0.5019607843137255, 0.5019607843137255, 0.5019607843137255
vb0[194]+076 TEXCOORD: 0.6134238243103027, 0.3933720588684082

vb0[195]+000 POSITION: -0.03609997034072876, 2.5792229175567627, 0.11855746060609818
vb0[195]+012 NORMAL: -0.4437410235404968, -0.05609787255525589, 0.894397497177124
vb0[195]+024 TANGENT: -0.4429490566253662, -0.05392754077911377, 0.8949234485626221, -1.0
vb0[195]+040 BLENDWEIGHTS: 1.0, 0.0, 0.0, 0.0
vb0[195]+056 BLENDINDICES: 0, 0, 0, 0
vb0[195]+072 COLOR: 1.0, 0.5019607843137255, 0.5019607843137255, 0.5019607843137255
vb0[195]+076 TEXCOORD: 0.592880368232727, 0.40829920768737793

vb0[196]+000 POSITION: -0.06663145124912262, 2.5808768272399902, 0.09456341713666916
vb0[196]+012 NORMAL: -0.8340084552764893, -0.318093866109848, 0.45082828402519226
vb0[196]+024 TANGENT: -0.832570493221283, -0.31515929102897644, 0.4555228054523468, -1.0
vb0[196]+040 BLENDWEIGHTS: 1.0, 0.0, 0.0, 0.0
vb0[196]+056 BLENDINDICES: 0, 0, 0, 0
vb0[196]+072 COLOR: 1.0, 0.5019607843137255, 0.5019607843137255, 0.5019607843137255
vb0[196]+076 TEXCOORD: 0.6886316537857056, 0.40524721145629883

vb0[197]+000 POSITION: -0.07019633054733276, 2.588630199432373, 0.09276294708251953
vb0[197]+012 NORMAL: -0.8634983897209167, -0.2625962197780609, 0.4305969178676605
vb0[197]+024 TANGENT: -0.8620423078536987, -0.25965020060539246, 0.43527549505233765, -1.0
vb0[197]+040 BLENDWEIGHTS: 1.0, 0.0, 0.0, 0.0
vb0[197]+056 BLENDINDICES: 0, 0, 0, 0
vb0[197]+072 COLOR: 1.0, 0.5019607843137255, 0.5019607843137255, 0.5019607843137255
vb0[197]+076 TEXCOORD: 0.7014622688293457, 0.42583608627319336

vb0[198]+000 POSITION: -0.06216989457607269, 2.5725746154785156, 0.09631374478340149
vb0[198]+012 NORMAL: -0.8005490303039551, -0.36511141061782837, 0.4751999080181122
vb0[198]+024 TANGENT: -0.797878086566925, -0.3636898100376129, 0.48074957728385925, -1.0
vb0[198]+040 BLENDWEIGHTS: 1.0, 0.0, 0.0, 0.0
vb0[198]+056 BLENDINDICES: 0, 0, 0, 0
vb0[198]+072 COLOR: 1.0, 0.5019607843137255, 0.5019607843137255, 0.5019607843137255
vb0[198]+076 TEXCOORD: 0.6741256713867188, 0.3823277950286865

vb0[199]+000 POSITION: -0.07010535895824432, 2.5789592266082764, 0.08562612533569336
vb0[199]+012 NORMAL: -0.8844830393791199, -0.3551357686519623, 0.30260252952575684
vb0[199]+024 TANGENT: -0.8810828924179077, -0.347187876701355, 0.321175217628479, -1.0
vb0[199]+040 BLENDWEIGHTS: 1.0, 0.0, 0.0, 0.0
vb0[199]+056 BLENDINDICES: 0, 0, 0, 0
vb0[199]+072 COLOR: 1.0, 0.5019607843137255, 0.5019607843137255, 0.5019607843137255
vb0[199]+076 TEXCOORD: 0.7098919153213501, 0.39690184593200684

vb0[200]+000 POSITION: -0.06562130898237228, 2.570202589035034, 0.0876588523387909
vb0[200]+012 NORMAL: -0.853297233581543, -0.40888118743896484, 0.3235738277435303
vb0[200]+024 TANGENT: -0.8486852645874023, -0.4038247764110565, 0.34155356884002686, -1.0
vb0[200]+040 BLENDWEIGHTS: 1.0, 0.0, 0.0, 0.0
vb0[200]+056 BLENDINDICES: 0, 0, 0, 0
vb0[200]+072 COLOR: 1.0, 0.5019607843137255, 0.5019607843137255, 0.5019607843137255
vb0[200]+076 TEXCOORD: 0.6935306787490845, 0.37283432483673096

vb0[201]+000 POSITION: -0.07297060638666153, 2.5768826007843018, 0.07140643149614334
vb0[201]+012 NORMAL: -0.9090208411216736, -0.3717237710952759, 0.18842138350009918
vb0[201]+024 TANGENT: -0.9097294807434082, -0.3695276379585266, 0.18931888043880463, -1.0
vb0[201]+040 BLENDWEIGHTS: 1.0, 0.0, 0.0, 0.0
vb0[201]+056 BLENDINDICES: 0, 0, 0, 0
vb0[201]+072 COLOR: 1.0, 0.5019607843137255, 0.5019607843137255, 0.5019607843137255
vb0[201]+076 TEXCOORD: 0.7424049377441406, 0.38416314125061035

vb0[202]+000 POSITION: -0.06844036281108856, 2.5680174827575684, 0.07415878027677536
vb0[202]+012 NORMAL: -0.8782131671905518, -0.43511509895324707, 0.1985354870557785
vb0[202]+024 TANGENT: -0.877662181854248, -0.4346984922885895, 0.20185720920562744, -1.0
vb0[202]+040 BLENDWEIGHTS: 1.0, 0.0, 0.0, 0.0
vb0[202]+056 BLENDINDICES: 0, 0, 0, 0
vb0[202]+072 COLOR: 1.0, 0.5019607843137255, 0.5019607843137255, 0.5019607843137255
vb0[202]+076 TEXCOORD: 0.7236347198486328, 0.3602626323699951

vb0[203]+000 POSITION: -0.07464911043643951, 2.575204372406006, 0.05657246336340904
vb0[203]+012 NORMAL: -0.9172186255455017, -0.38119471073150635, 0.11576080322265625
vb0[203]+024 TANGENT: -0.9179398417472839, -0.37969982624053955, 0.11495386809110641, -1.0
vb0[203]+040 BLENDWEIGHTS: 1.0, 0.0, 0.0, 0.0
vb0[203]+056 BLENDINDICES: 0, 0, 0, 0
vb0[203]+072 COLOR: 1.0, 0.5019607843137255, 0.5019607843137255, 0.5019607843137255
vb0[203]+076 TEXCOORD: 0.77782142162323, 0.369281530380249

vb0[204]+000 POSITION: -0.0704219713807106, 2.5666310787200928, 0.05838273838162422
vb0[204]+012 NORMAL: -0.8794538378715515, -0.4601719379425049, 0.12166624516248703
vb0[204]+024 TANGENT: -0.8794669508934021, -0.46041423082351685, 0.1206510066986084, -1.0
vb0[204]+040 BLENDWEIGHTS: 1.0, 0.0, 0.0, 0.0
vb0[204]+056 BLENDINDICES: 0, 0, 0, 0
vb0[204]+072 COLOR: 1.0, 0.5019607843137255, 0.5019607843137255, 0.5019607843137255
vb0[204]+076 TEXCOORD: 0.7618552446365356, 0.3468230962753296

vb0[205]+000 POSITION: -0.05399125814437866, 2.5669915676116943, 0.10387297719717026
vb0[205]+012 NORMAL: -0.6865320801734924, -0.32961946725845337, 0.6480931043624878
vb0[205]+024 TANGENT: -0.6856192946434021, -0.3289955258369446, 0.6493752598762512, -1.0
vb0[205]+040 BLENDWEIGHTS: 1.0, 0.0, 0.0, 0.0
vb0[205]+056 BLENDINDICES: 0, 0, 0, 0
vb0[205]+072 COLOR: 1.0, 0.5019607843137255, 0.5019607843137255, 0.5019607843137255
vb0[205]+076 TEXCOORD: 0.6450647115707397, 0.37153124809265137

vb0[206]+000 POSITION: -0.07367599010467529, 2.5867137908935547, 0.08348248153924942
vb0[206]+012 NORMAL: -0.9114282727241516, -0.29586130380630493, 0.28594496846199036
vb0[206]+024 TANGENT: -0.9085490703582764, -0.2886818051338196, 0.30199578404426575, -1.0
vb0[206]+040 BLENDWEIGHTS: 1.0, 0.0, 0.0, 0.0
vb0[206]+056 BLENDINDICES: 0, 0, 0, 0
vb0[206]+072 COLOR: 1.0, 0.5019607843137255, 0.5019607843137255, 0.5019607843137255
vb0[206]+076 TEXCOORD: 0.7233059406280518, 0.4179595708847046

vb0[207]+000 POSITION: -0.0763777568936348, 2.58494234085083, 0.06930408626794815
vb0[207]+012 NORMAL: -0.9325296878814697, -0.31646859645843506, 0.17388488352298737
vb0[207]+024 TANGENT: -0.9327835440635681, -0.3156408965587616, 0.1740281730890274, -1.0
vb0[207]+040 BLENDWEIGHTS: 1.0, 0.0, 0.0, 0.0
vb0[207]+056 BLENDINDICES: 0, 0, 0, 0
vb0[207]+072 COLOR: 1.0, 0.5019607843137255, 0.5019607843137255, 0.5019607843137255
vb0[207]+076 TEXCOORD: 0.7569869756698608, 0.4054255485534668

vb0[208]+000 POSITION: -0.07790184020996094, 2.5836310386657715, 0.05482166260480881
vb0[208]+012 NORMAL: -0.9398858547210693, -0.32347044348716736, 0.10945972800254822
vb0[208]+024 TANGENT: -0.9400713443756104, -0.3230305016040802, 0.10916602611541748, -1.0
vb0[208]+040 BLENDWEIGHTS: 1.0, 0.0, 0.0, 0.0
vb0[208]+056 BLENDINDICES: 0, 0, 0, 0
vb0[208]+072 COLOR: 1.0, 0.5019607843137255, 0.5019607843137255, 0.5019607843137255
vb0[208]+076 TEXCOORD: 0.7928105592727661, 0.39061594009399414

vb0[209]+000 POSITION: -0.07886757701635361, 2.582672595977783, 0.04048268124461174
vb0[209]+012 NORMAL: -0.9394546151161194, -0.3407494127750397, 0.036261435598134995
vb0[209]+024 TANGENT: -0.9390721917152405, -0.34286990761756897, 0.024161221459507942, -1.0
vb0[209]+040 BLENDWEIGHTS: 1.0, 0.0, 0.0, 0.0
vb0[209]+056 BLENDINDICES: 0, 0, 0, 0
vb0[209]+072 COLOR: 1.0, 0.5019607843137255, 0.5019607843137255, 0.5019607843137255
vb0[209]+076 TEXCOORD: 0.8268762826919556, 0.37397301197052

vb0[210]+000 POSITION: -0.05735016241669655, 2.5644049644470215, 0.09743081033229828
vb0[210]+012 NORMAL: -0.7809873223304749, -0.39512133598327637, 0.48367130756378174
vb0[210]+024 TANGENT: -0.7784395813941956, -0.3927455246448517, 0.48967626690864563, -1.0
vb0[210]+040 BLENDWEIGHTS: 1.0, 0.0, 0.0, 0.0
vb0[210]+056 BLENDINDICES: 0, 0, 0, 0
vb0[210]+072 COLOR: 1.0, 0.5019607843137255, 0.5019607843137255, 0.5019607843137255
vb0[210]+076 TEXCOORD: 0.6595118045806885, 0.3613162040710449

vb0[211]+000 POSITION: -0.060658879578113556, 2.561948299407959, 0.08892358839511871
vb0[211]+012 NORMAL: -0.8312638998031616, -0.44246429204940796, 0.33649030327796936
vb0[211]+024 TANGENT: -0.8272446990013123, -0.43823331594467163, 0.3515932261943817, -1.0
vb0[211]+040 BLENDWEIGHTS: 1.0, 0.0, 0.0, 0.0
vb0[211]+056 BLENDINDICES: 0, 0, 0, 0
vb0[211]+072 COLOR: 1.0, 0.5019607843137255, 0.5019607843137255, 0.5019607843137255
vb0[211]+076 TEXCOORD: 0.6785296201705933, 0.3499436378479004

vb0[212]+000 POSITION: -0.06344909220933914, 2.560004234313965, 0.07679815590381622
vb0[212]+012 NORMAL: -0.8583464026451111, -0.4676015377044678, 0.2111644446849823
vb0[212]+024 TANGENT: -0.8581046462059021, -0.4647497832775116, 0.21832071244716644, -1.0
vb0[212]+040 BLENDWEIGHTS: 1.0, 0.0, 0.0, 0.0
vb0[212]+056 BLENDINDICES: 0, 0, 0, 0
vb0[212]+072 COLOR: 1.0, 0.5019607843137255, 0.5019607843137255, 0.5019607843137255
vb0[212]+076 TEXCOORD: 0.7047303915023804, 0.33830368518829346

vb0[213]+000 POSITION: -0.06536992639303207, 2.558640956878662, 0.060666926205158234
vb0[213]+012 NORMAL: -0.8559205532073975, -0.501246988773346, 0.12708783149719238
vb0[213]+024 TANGENT: -0.8559439182281494, -0.5013840198516846, 0.12638889253139496, -1.0
vb0[213]+040 BLENDWEIGHTS: 1.0, 0.0, 0.0, 0.0
vb0[213]+056 BLENDINDICES: 0, 0, 0, 0
vb0[213]+072 COLOR: 1.0, 0.5019607843137255, 0.5019607843137255, 0.5019607843137255
vb0[213]+076 TEXCOORD: 0.7422974109649658, 0.32562553882598877

vb0[214]+000 POSITION: -0.07552499324083328, 2.5741658210754395, 0.04191671311855316
vb0[214]+012 NORMAL: -0.9195008277893066, -0.39177241921424866, 0.03213433176279068
vb0[214]+024 TANGENT: -0.9188892245292664, -0.3940929174423218, 0.01825845241546631, -1.0
vb0[214]+040 BLENDWEIGHTS: 1.0, 0.0, 0.0, 0.0
vb0[214]+056 BLENDINDICES: 0, 0, 0, 0
vb0[214]+072 COLOR: 1.0, 0.5019607843137255, 0.5019607843137255, 0.5019607843137255
vb0[214]+076 TEXCOORD: 0.8130134344100952, 0.35251522064208984

vb0[215]+000 POSITION: -0.07164116948843002, 2.5657784938812256, 0.04334460198879242
vb0[215]+012 NORMAL: -0.8853133916854858, -0.4633548855781555, 0.0390193834900856
vb0[215]+024 TANGENT: -0.8841872215270996, -0.46672019362449646, 0.01962292194366455, -1.0
vb0[215]+040 BLENDWEIGHTS: 1.0, 0.0, 0.0, 0.0
vb0[215]+056 BLENDINDICES: 0, 0, 0, 0
vb0[215]+072 COLOR: 1.0, 0.5019607843137255, 0.5019607843137255, 0.5019607843137255
vb0[215]+076 TEXCOORD: 0.7973510026931763, 0.3313441276550293

vb0[216]+000 POSITION: -0.06681793928146362, 2.5577025413513184, 0.04514066129922867
vb0[216]+012 NORMAL: -0.8613297939300537, -0.505352258682251, 0.05225119739770889
vb0[216]+024 TANGENT: -0.8596053719520569, -0.5100200772285461, 0.030951974913477898, -1.0
vb0[216]+040 BLENDWEIGHTS: 1.0, 0.0, 0.0, 0.0
vb0[216]+056 BLENDINDICES: 0, 0, 0, 0
vb0[216]+072 COLOR: 1.0, 0.5019607843137255, 0.5019607843137255, 0.5019607843137255
vb0[216]+076 TEXCOORD: 0.7794853448867798, 0.3108937740325928

vb0[217]+000 POSITION: -0.07106385380029678, 2.565959930419922, 0.033870890736579895
vb0[217]+012 NORMAL: -0.8742258548736572, -0.4810810685157776, -0.06549955159425735
vb0[217]+024 TANGENT: -0.8753154873847961, -0.47910794615745544, -0.06540900468826294, -1.0
vb0[217]+040 BLENDWEIGHTS: 1.0, 0.0, 0.0, 0.0
vb0[217]+056 BLENDINDICES: 0, 0, 0, 0
vb0[217]+072 COLOR: 1.0, 0.5019607843137255, 0.5019607843137255, 0.5019607843137255
vb0[217]+076 TEXCOORD: 0.8171221017837524, 0.3179440498352051

vb0[218]+000 POSITION: -0.06611469388008118, 2.557887315750122, 0.03590977564454079
vb0[218]+012 NORMAL: -0.8416193127632141, -0.5348626971244812, -0.07482561469078064
vb0[218]+024 TANGENT: -0.8416193127632141, -0.534862756729126, -0.07482565194368362, -1.0
vb0[218]+040 BLENDWEIGHTS: 1.0, 0.0, 0.0, 0.0
vb0[218]+056 BLENDINDICES: 0, 0, 0, 0
vb0[218]+072 COLOR: 1.0, 0.5019607843137255, 0.5019607843137255, 0.5019607843137255
vb0[218]+076 TEXCOORD: 0.8001374006271362, 0.29952287673950195

vb0[219]+000 POSITION: -0.078652024269104, 2.583073616027832, 0.030824756249785423
vb0[219]+012 NORMAL: -0.9333116412162781, -0.3572554290294647, -0.03602452576160431
vb0[219]+024 TANGENT: -0.9332249760627747, -0.3574245274066925, -0.03659200668334961, -1.0
vb0[219]+040 BLENDWEIGHTS: 1.0, 0.0, 0.0, 0.0
vb0[219]+056 BLENDINDICES: 0, 0, 0, 0
vb0[219]+072 COLOR: 1.0, 0.5019607843137255, 0.5019607843137255, 0.5019607843137255
vb0[219]+076 TEXCOORD: 0.8531982898712158, 0.36141443252563477

vb0[220]+000 POSITION: -0.08177976310253143, 2.5910637378692627, 0.03905954211950302
vb0[220]+012 NORMAL: -0.9505135416984558, -0.3080359399318695, 0.040471386164426804
vb0[220]+024 TANGENT: -0.9502939581871033, -0.30962175130844116, 0.032797813415527344, -1.0
vb0[220]+040 BLENDWEIGHTS: 1.0, 0.0, 0.0, 0.0
vb0[220]+056 BLENDINDICES: 0, 0, 0, 0
vb0[220]+072 COLOR: 1.0, 0.5019607843137255, 0.5019607843137255, 0.5019607843137255
vb0[220]+076 TEXCOORD: 0.8414146900177002, 0.3968350887298584

vb0[221]+000 POSITION: -0.07473757863044739, 2.573669672012329, 0.03242398798465729
vb0[221]+012 NORMAL: -0.9104046821594238, -0.4098381996154785, -0.056533463299274445
vb0[221]+024 TANGENT: -0.9096822142601013, -0.41141438484191895, -0.05671447515487671, -1.0
vb0[221]+040 BLENDWEIGHTS: 1.0, 0.0, 0.0, 0.0
vb0[221]+056 BLENDINDICES: 0, 0, 0, 0
vb0[221]+072 COLOR: 1.0, 0.5019607843137255, 0.5019607843137255, 0.5019607843137255
vb0[221]+076 TEXCOORD: 0.8345470428466797, 0.33800339698791504

vb0[222]+000 POSITION: -0.07905728369951248, 2.5928099155426025, 0.0674816220998764
vb0[222]+012 NORMAL: -0.9479469060897827, -0.2694895565509796, 0.16962304711341858
vb0[222]+024 TANGENT: -0.9480063915252686, -0.26896291971206665, 0.17012572288513184, -1.0
vb0[222]+040 BLENDWEIGHTS: 1.0, 0.0, 0.0, 0.0
vb0[222]+056 BLENDINDICES: 0, 0, 0, 0
vb0[222]+072 COLOR: 1.0, 0.5019607843137255, 0.5019607843137255, 0.5019607843137255
vb0[222]+076 TEXCOORD: 0.7701064348220825, 0.42635977268218994

vb0[223]+000 POSITION: -0.08067918568849564, 2.5917117595672607, 0.053164251148700714
vb0[223]+012 NORMAL: -0.9516680240631104, -0.2873229682445526, 0.10850594192743301
vb0[223]+024 TANGENT: -0.951646089553833, -0.28744417428970337, 0.10837759077548981, -1.0
vb0[223]+040 BLENDWEIGHTS: 1.0, 0.0, 0.0, 0.0
vb0[223]+056 BLENDINDICES: 0, 0, 0, 0
vb0[223]+072 COLOR: 1.0, 0.5019607843137255, 0.5019607843137255, 0.5019607843137255
vb0[223]+076 TEXCOORD: 0.8065851926803589, 0.41158223152160645

vb0[224]+000 POSITION: -0.08319982141256332, 2.599907875061035, 0.05147208273410797
vb0[224]+012 NORMAL: -0.9578931927680969, -0.26519763469696045, 0.11004944145679474
vb0[224]+024 TANGENT: -0.9578807353973389, -0.2653462588787079, 0.10979938507080078, -1.0
vb0[224]+040 BLENDWEIGHTS: 1.0, 0.0, 0.0, 0.0
vb0[224]+056 BLENDINDICES: 0, 0, 0, 0
vb0[224]+072 COLOR: 1.0, 0.5019607843137255, 0.5019607843137255, 0.5019607843137255
vb0[224]+076 TEXCOORD: 0.8192908763885498, 0.4341545104980469

vb0[225]+000 POSITION: -0.08452477306127548, 2.599949359893799, 0.03749141842126846
vb0[225]+012 NORMAL: -0.9562984704971313, -0.2875376343727112, 0.053060196340084076
vb0[225]+024 TANGENT: -0.9568189978599548, -0.2860739231109619, 0.0515672005712986, -1.0
vb0[225]+040 BLENDWEIGHTS: 1.0, 0.0, 0.0, 0.0
vb0[225]+056 BLENDINDICES: 0, 0, 0, 0
vb0[225]+072 COLOR: 1.0, 0.5019607843137255, 0.5019607843137255, 0.5019607843137255
vb0[225]+076 TEXCOORD: 0.8551746606826782, 0.4223436117172241

vb0[226]+000 POSITION: -0.08765484392642975, 2.6088011264801025, 0.026166817173361778
vb0[226]+012 NORMAL: -0.9562047123908997, -0.2898748815059662, 0.040560685098171234
vb0[226]+024 TANGENT: -0.9572370648384094, -0.28591039776802063, 0.04418862238526344, -1.0
vb0[226]+040 BLENDWEIGHTS: 1.0, 0.0, 0.0, 0.0
vb0[226]+056 BLENDINDICES: 0, 0, 0, 0
vb0[226]+072 COLOR: 1.0, 0.5019607843137255, 0.5019607843137255, 0.5019607843137255
vb0[226]+076 TEXCOORD: 0.8987281322479248, 0.439866304397583

vb0[227]+000 POSITION: -0.0826866626739502, 2.594252347946167, 0.028882300481200218
vb0[227]+012 NORMAL: -0.9463131427764893, -0.32321417331695557, -0.004905475303530693
vb0[227]+024 TANGENT: -0.9468191266059875, -0.3216957747936249, -0.006741643417626619, -1.0
vb0[227]+040 BLENDWEIGHTS: 1.0, 0.0, 0.0, 0.0
vb0[227]+056 BLENDINDICES: 0, 0, 0, 0
vb0[227]+072 COLOR: 1.0, 0.5019607843137255, 0.5019607843137255, 0.5019607843137255
vb0[227]+076 TEXCOORD: 0.8740583658218384, 0.39529263973236084

vb0[228]+000 POSITION: -0.03820986673235893, 2.613217353820801, 0.11137524247169495
vb0[228]+012 NORMAL: -0.2924986183643341, 0.2656204104423523, 0.9186350703239441
vb0[228]+024 TANGENT: -0.29470309615135193, 0.2696208655834198, 0.9167631268501282, -1.0
vb0[228]+040 BLENDWEIGHTS: 1.0, 0.0, 0.0, 0.0
vb0[228]+056 BLENDINDICES: 0, 0, 0, 0
vb0[228]+072 COLOR: 1.0, 0.5019607843137255, 0.5019607843137255, 0.0
vb0[228]+076 TEXCOORD: 0.6121687889099121, 0.4998316764831543

vb0[229]+000 POSITION: -0.04603635519742966, 2.610482692718506, 0.10934039950370789
vb0[229]+012 NORMAL: -0.3376915454864502, 0.21537695825099945, 0.916284441947937
vb0[229]+024 TANGENT: -0.34007489681243896, 0.22463202476501465, 0.9131754636764526, -1.0
vb0[229]+040 BLENDWEIGHTS: 1.0, 0.0, 0.0, 0.0
vb0[229]+056 BLENDINDICES: 0, 0, 0, 0
vb0[229]+072 COLOR: 1.0, 0.5019607843137255, 0.5019607843137255, 0.25098039215686274
vb0[229]+076 TEXCOORD: 0.6314942240715027, 0.4913029670715332

vb0[230]+000 POSITION: -0.03566580265760422, 2.6038501262664795, 0.11585240811109543
vb0[230]+012 NORMAL: -0.34308019280433655, 0.31444117426872253, 0.8851118087768555
vb0[230]+024 TANGENT: -0.344443678855896, 0.30393826961517334, 0.8882454633712769, -1.0
vb0[230]+040 BLENDWEIGHTS: 1.0, 0.0, 0.0, 0.0
vb0[230]+056 BLENDINDICES: 0, 0, 0, 0
vb0[230]+072 COLOR: 1.0, 0.5019607843137255, 0.5019607843137255, 0.5019607843137255
vb0[230]+076 TEXCOORD: 0.6006885766983032, 0.4741330146789551

vb0[231]+000 POSITION: -0.04437359794974327, 2.5989010334014893, 0.11378248035907745
vb0[231]+012 NORMAL: -0.3886377215385437, 0.23425006866455078, 0.8911159038543701
vb0[231]+024 TANGENT: -0.39126622676849365, 0.2073756456375122, 0.8966081142425537, -1.0
vb0[231]+040 BLENDWEIGHTS: 1.0, 0.0, 0.0, 0.0
vb0[231]+056 BLENDINDICES: 0, 0, 0, 0
vb0[231]+072 COLOR: 1.0, 0.5019607843137255, 0.5019607843137255, 0.5019607843137255
vb0[231]+076 TEXCOORD: 0.6208912134170532, 0.45931529998779297

vb0[232]+000 POSITION: -0.054033298045396805, 2.6092288494110107, 0.10655886679887772
vb0[232]+012 NORMAL: -0.4114384055137634, 0.1644454449415207, 0.8964799046516418
vb0[232]+024 TANGENT: -0.412540078163147, 0.17213988304138184, 0.894527018070221, -1.0
vb0[232]+040 BLENDWEIGHTS: 1.0, 0.0, 0.0, 0.0
vb0[232]+056 BLENDINDICES: 0, 0, 0, 0
vb0[232]+072 COLOR: 1.0, 0.5019607843137255, 0.5019607843137255, 0.25098039215686274
vb0[232]+076 TEXCOORD: 0.652047872543335, 0.4870039224624634

vb0[233]+000 POSITION: -0.030428942292928696, 2.6170763969421387, 0.11223040521144867
vb0[233]+012 NORMAL: -0.28172773122787476, 0.2986092269420624, 0.9118453860282898
vb0[233]+024 TANGENT: -0.28783321380615234, 0.30552589893341064, 0.9076375961303711, -1.0
vb0[233]+040 BLENDWEIGHTS: 1.0, 0.0, 0.0, 0.0
vb0[233]+056 BLENDINDICES: 0, 0, 0, 0
vb0[233]+072 COLOR: 1.0, 0.5019607843137255, 0.5019607843137255, 0.0
vb0[233]+076 TEXCOORD: 0.5938272476196289, 0.5121870040893555

vb0[234]+000 POSITION: -0.042749710381031036, 2.592733144760132, 0.11542972177267075
vb0[234]+012 NORMAL: -0.4108025133609772, 0.07928982377052307, 0.9082700610160828
vb0[234]+024 TANGENT: -0.4108469486236572, 0.08101402968168259, 0.9080976843833923, -1.0
vb0[234]+040 BLENDWEIGHTS: 1.0, 0.0, 0.0, 0.0
vb0[234]+056 BLENDINDICES: 0, 0, 0, 0
vb0[234]+072 COLOR: 1.0, 0.5019607843137255, 0.5019607843137255, 0.5019607843137255
vb0[234]+076 TEXCOORD: 0.6141427755355835, 0.4428744316101074

vb0[235]+000 POSITION: -0.03119915910065174, 2.5908589363098145, 0.12049591541290283
vb0[235]+012 NORMAL: -0.3854559361934662, 0.11231926828622818, 0.9158647060394287
vb0[235]+024 TANGENT: -0.3864307701587677, 0.10879112035036087, 0.9158797860145569, -1.0
vb0[235]+040 BLENDWEIGHTS: 1.0, 0.0, 0.0, 0.0
vb0[235]+056 BLENDINDICES: 0, 0, 0, 0
vb0[235]+072 COLOR: 1.0, 0.5019607843137255, 0.5019607843137255, 0.5019607843137255
vb0[235]+076 TEXCOORD: 0.583721399307251, 0.43908214569091797

vb0[236]+000 POSITION: -0.03950677812099457, 2.5856404304504395, 0.11713562905788422
vb0[236]+012 NORMAL: -0.43251627683639526, -0.008725474588572979, 0.9015839099884033
vb0[236]+024 TANGENT: -0.43344226479530334, -0.0100402245298028, 0.901125431060791, -1.0
vb0[236]+040 BLENDWEIGHTS: 1.0, 0.0, 0.0, 0.0
vb0[236]+056 BLENDINDICES: 0, 0, 0, 0
vb0[236]+072 COLOR: 1.0, 0.5019607843137255, 0.5019607843137255, 0.5019607843137255
vb0[236]+076 TEXCOORD: 0.6033511161804199, 0.42439210414886475

vb0[237]+000 POSITION: -0.027886921539902687, 2.584224224090576, 0.12227436155080795
vb0[237]+012 NORMAL: -0.4072394371032715, 0.030145792290568352, 0.9128237962722778
vb0[237]+024 TANGENT: -0.4075857400894165, 0.030312538146972656, 0.9126636981964111, -1.0
vb0[237]+040 BLENDWEIGHTS: 1.0, 0.0, 0.0, 0.0
vb0[237]+056 BLENDINDICES: 0, 0, 0, 0
vb0[237]+072 COLOR: 1.0, 0.5019607843137255, 0.5019607843137255, 0.5019607843137255
vb0[237]+076 TEXCOORD: 0.5729678869247437, 0.42195868492126465

vb0[238]+000 POSITION: -0.05306656286120415, 2.5949838161468506, 0.11026692390441895
vb0[238]+012 NORMAL: -0.4748673141002655, 0.12192046642303467, 0.8715712428092957
vb0[238]+024 TANGENT: -0.480672687292099, 0.08487153053283691, 0.8727832436561584, -1.0
vb0[238]+040 BLENDWEIGHTS: 1.0, 0.0, 0.0, 0.0
vb0[238]+056 BLENDINDICES: 0, 0, 0, 0
vb0[238]+072 COLOR: 1.0, 0.5019607843137255, 0.5019607843137255, 0.5019607843137255
vb0[238]+076 TEXCOORD: 0.6425740718841553, 0.4476802349090576

vb0[239]+000 POSITION: -0.06365419924259186, 2.599402666091919, 0.1033124253153801
vb0[239]+012 NORMAL: -0.5715625882148743, 0.07809638231992722, 0.8168336749076843
vb0[239]+024 TANGENT: -0.5913088917732239, 0.04258251190185547, 0.8053202033042908, -1.0
vb0[239]+040 BLENDWEIGHTS: 1.0, 0.0, 0.0, 0.0
vb0[239]+056 BLENDINDICES: 0, 0, 0, 0
vb0[239]+072 COLOR: 1.0, 0.5019607843137255, 0.5019607843137255, 0.34901960784313724
vb0[239]+076 TEXCOORD: 0.6742740869522095, 0.4588592052459717

vb0[240]+000 POSITION: -0.06252595782279968, 2.603334903717041, 0.10361126065254211
vb0[240]+012 NORMAL: -0.48150870203971863, 0.12153997272253036, 0.8679731488227844
vb0[240]+024 TANGENT: -0.47107359766960144, 0.10189186781644821, 0.8761892914772034, -1.0
vb0[240]+040 BLENDWEIGHTS: 1.0, 0.0, 0.0, 0.0
vb0[240]+056 BLENDINDICES: 0, 0, 0, 0
vb0[240]+072 COLOR: 1.0, 0.5019607843137255, 0.5019607843137255, 0.25098039215686274
vb0[240]+076 TEXCOORD: 0.6726117134094238, 0.46993017196655273

vb0[241]+000 POSITION: -0.06618574261665344, 2.6123993396759033, 0.09932766854763031
vb0[241]+012 NORMAL: -0.5542118549346924, 0.1585966795682907, 0.8171268701553345
vb0[241]+024 TANGENT: -0.5594220161437988, 0.1567520946264267, 0.8139261603355408, -1.0
vb0[241]+040 BLENDWEIGHTS: 1.0, 0.0, 0.0, 0.0
vb0[241]+056 BLENDINDICES: 0, 0, 0, 0
vb0[241]+072 COLOR: 1.0, 0.5019607843137255, 0.5019607843137255, 0.0
vb0[241]+076 TEXCOORD: 0.6879642605781555, 0.4953998327255249

vb0[242]+000 POSITION: -0.060567110776901245, 2.6111931800842285, 0.10292385518550873
vb0[242]+012 NORMAL: -0.4786072075366974, 0.1432623416185379, 0.866262674331665
vb0[242]+024 TANGENT: -0.4766082167625427, 0.15895892679691315, 0.8646252751350403, -1.0
vb0[242]+040 BLENDWEIGHTS: 1.0, 0.0, 0.0, 0.0
vb0[242]+056 BLENDINDICES: 0, 0, 0, 0
vb0[242]+072 COLOR: 1.0, 0.5019607843137255, 0.5019607843137255, 0.0
vb0[242]+076 TEXCOORD: 0.6710451245307922, 0.4922407865524292

vb0[243]+000 POSITION: -0.054033298045396805, 2.6092288494110107, 0.10655886679887772
vb0[243]+012 NORMAL: -0.4114384055137634, 0.1644454449415207, 0.8964799046516418
vb0[243]+024 TANGENT: -0.412540078163147, 0.17213988304138184, 0.894527018070221, -1.0
vb0[243]+040 BLENDWEIGHTS: 1.0, 0.0, 0.0, 0.0
vb0[243]+056 BLENDINDICES: 0, 0, 0, 0
vb0[243]+072 COLOR: 1.0, 0.5019607843137255, 0.5019607843137255, 0.0
vb0[243]+076 TEXCOORD: 0.652047872543335, 0.4870039224624634

vb0[244]+000 POSITION: -0.04603635519742966, 2.610482692718506, 0.10934039950370789
vb0[244]+012 NORMAL: -0.3376915454864502, 0.21537695825099945, 0.916284441947937
vb0[244]+024 TANGENT: -0.34007489681243896, 0.22463202476501465, 0.9131754636764526, -1.0
vb0[244]+040 BLENDWEIGHTS: 1.0, 0.0, 0.0, 0.0
vb0[244]+056 BLENDINDICES: 0, 0, 0, 0
vb0[244]+072 COLOR: 1.0, 0.5019607843137255, 0.5019607843137255, 0.0
vb0[244]+076 TEXCOORD: 0.6314942240715027, 0.4913029670715332

vb0[245]+000 POSITION: -0.08540897816419601, 2.6371405124664307, 0.08028708398342133
vb0[245]+012 NORMAL: -0.9193150401115417, -0.20874500274658203, 0.3335948586463928
vb0[245]+024 TANGENT: -0.9177125096321106, -0.2089923769235611, 0.33782556653022766, -1.0
vb0[245]+040 BLENDWEIGHTS: 1.0, 0.0, 0.0, 0.0
vb0[245]+056 BLENDINDICES: 0, 0, 0, 0
vb0[245]+072 COLOR: 1.0, 0.5019607843137255, 0.5019607843137255, 0.25098039215686274
vb0[245]+076 TEXCOORD: 0.7640589475631714, 0.5584660768508911

vb0[246]+000 POSITION: -0.08737596124410629, 2.6458349227905273, 0.08016054332256317
vb0[246]+012 NORMAL: -0.9229394793510437, -0.1875799596309662, 0.3361496925354004
vb0[246]+024 TANGENT: -0.9237870573997498, -0.18680286407470703, 0.3342488408088684, -1.0
vb0[246]+040 BLENDWEIGHTS: 1.0, 0.0, 0.0, 0.0
vb0[246]+056 BLENDINDICES: 0, 0, 0, 0
vb0[246]+072 COLOR: 1.0, 0.5019607843137255, 0.5019607843137255, 0.25098039215686274
vb0[246]+076 TEXCOORD: 0.7673335075378418, 0.5825650691986084

vb0[247]+000 POSITION: -0.087646484375, 2.637939453125, 0.07377703487873077
vb0[247]+012 NORMAL: -0.9415940046310425, -0.21186991035938263, 0.2617477774620056
vb0[247]+024 TANGENT: -0.9410542249679565, -0.2139686793088913, 0.26198169589042664, -1.0
vb0[247]+040 BLENDWEIGHTS: 1.0, 0.0, 0.0, 0.0
vb0[247]+056 BLENDINDICES: 0, 0, 0, 0
vb0[247]+072 COLOR: 1.0, 0.5019607843137255, 0.5019607843137255, 0.5019607843137255
vb0[247]+076 TEXCOORD: 0.7804676294326782, 0.5567905902862549

vb0[248]+000 POSITION: -0.08503048866987228, 2.645399808883667, 0.08569999784231186
vb0[248]+012 NORMAL: -0.8949142098426819, -0.1886725127696991, 0.4043898582458496
vb0[248]+024 TANGENT: -0.8879290819168091, -0.19566886126995087, 0.4162878692150116, -1.0
vb0[248]+040 BLENDWEIGHTS: 1.0, 0.0, 0.0, 0.0
vb0[248]+056 BLENDINDICES: 0, 0, 0, 0
vb0[248]+072 COLOR: 1.0, 0.5019607843137255, 0.5019607843137255, 0.0
vb0[248]+076 TEXCOORD: 0.7517650127410889, 0.5848246812820435

vb0[249]+000 POSITION: -0.08318782597780228, 2.6370928287506104, 0.0854097381234169
vb0[249]+012 NORMAL: -0.8842197060585022, -0.20422306656837463, 0.42005783319473267
vb0[249]+024 TANGENT: -0.8612892627716064, -0.20293180644512177, 0.4658319652080536, -1.0
vb0[249]+040 BLENDWEIGHTS: 1.0, 0.0, 0.0, 0.0
vb0[249]+056 BLENDINDICES: 0, 0, 0, 0
vb0[249]+072 COLOR: 1.0, 0.5019607843137255, 0.5019607843137255, 0.0
vb0[249]+076 TEXCOORD: 0.750113844871521, 0.5619137287139893

vb0[250]+000 POSITION: -0.08191075921058655, 2.637232542037964, 0.08741671591997147
vb0[250]+012 NORMAL: -0.7943674325942993, -0.2208138257265091, 0.5658813118934631
vb0[250]+024 TANGENT: -0.7893621921539307, -0.21924243867397308, 0.5734457969665527, -1.0
vb0[250]+040 BLENDWEIGHTS: 1.0, 0.0, 0.0, 0.0
vb0[250]+056 BLENDINDICES: 0, 0, 0, 0
vb0[250]+072 COLOR: 1.0, 0.5019607843137255, 0.5019607843137255, 0.0
vb0[250]+076 TEXCOORD: 0.7430591583251953, 0.5638272762298584

vb0[251]+000 POSITION: -0.08020298928022385, 2.6375319957733154, 0.08960914611816406
vb0[251]+012 NORMAL: -0.5167772173881531, -0.21420438587665558, 0.8288894891738892
vb0[251]+024 TANGENT: -0.624945878982544, -0.2223503738641739, 0.7483334541320801, -1.0
vb0[251]+040 BLENDWEIGHTS: 1.0, 0.0, 0.0, 0.0
vb0[251]+056 BLENDINDICES: 0, 0, 0, 0
vb0[251]+072 COLOR: 1.0, 0.5019607843137255, 0.5019607843137255, 0.0
vb0[251]+076 TEXCOORD: 0.7349865436553955, 0.5664656162261963

vb0[252]+000 POSITION: -0.07903576642274857, 2.633347511291504, 0.08954833447933197
vb0[252]+012 NORMAL: -0.5234053730964661, -0.12470075488090515, 0.842909574508667
vb0[252]+024 TANGENT: -0.6272892951965332, -0.15288953483104706, 0.7636314034461975, -1.0
vb0[252]+040 BLENDWEIGHTS: 1.0, 0.0, 0.0, 0.0
vb0[252]+056 BLENDINDICES: 0, 0, 0, 0
vb0[252]+072 COLOR: 1.0, 0.5019607843137255, 0.5019607843137255, 0.0
vb0[252]+076 TEXCOORD: 0.7323946952819824, 0.5548766851425171

vb0[253]+000 POSITION: -0.0547298938035965, 2.6330554485321045, 0.10298257321119308
vb0[253]+012 NORMAL: -0.38054829835891724, -0.1432717889547348, 0.9135951399803162
vb0[253]+024 TANGENT: -0.39971688389778137, -0.1642167717218399, 0.9018089771270752, -1.0
vb0[253]+040 BLENDWEIGHTS: 1.0, 0.0, 0.0, 0.0
vb0[253]+056 BLENDINDICES: 0, 0, 0, 0
vb0[253]+072 COLOR: 1.0, 0.5019607843137255, 0.5019607843137255, 0.0
vb0[253]+076 TEXCOORD: 0.7172493934631348, 0.5753648281097412

vb0[254]+000 POSITION: -0.08045518398284912, 2.646543025970459, 0.09372536092996597
vb0[254]+012 NORMAL: -0.6684666275978088, -0.4643014073371887, 0.5810133814811707
vb0[254]+024 TANGENT: -0.6874037384986877, -0.4413001835346222, 0.5768275856971741, -1.0
vb0[254]+040 BLENDWEIGHTS: 1.0, 0.0, 0.0, 0.0
vb0[254]+056 BLENDINDICES: 0, 0, 0, 0
vb0[254]+072 COLOR: 1.0, 0.5019607843137255, 0.5019607843137255, 0.0
vb0[254]+076 TEXCOORD: 0.7247613668441772, 0.5935933589935303

vb0[255]+000 POSITION: -0.0776844173669815, 2.647995948791504, 0.09742899984121323
vb0[255]+012 NORMAL: -0.6349611282348633, -0.4143211841583252, 0.6520447134971619
vb0[255]+024 TANGENT: -0.6419728398323059, -0.4048820734024048, 0.6511077284812927, -1.0
vb0[255]+040 BLENDWEIGHTS: 1.0, 0.0, 0.0, 0.0
vb0[255]+056 BLENDINDICES: 0, 0, 0, 0
vb0[255]+072 COLOR: 1.0, 0.5019607843137255, 0.5019607843137255, 0.0
vb0[255]+076 TEXCOORD: 0.71317458152771, 0.5995334386825562

vb0[256]+000 POSITION: -0.07393472641706467, 2.6494243144989014, 0.1011822372674942
vb0[256]+012 NORMAL: -0.57478266954422, -0.417594313621521, 0.7037329077720642
vb0[256]+024 TANGENT: -0.5815466642379761, -0.40949738025665283, 0.7029333710670471, -1.0
vb0[256]+040 BLENDWEIGHTS: 1.0, 0.0, 0.0, 0.0
vb0[256]+056 BLENDINDICES: 0, 0, 0, 0
vb0[256]+072 COLOR: 1.0, 0.5019607843137255, 0.5019607843137255, 0.0
vb0[256]+076 TEXCOORD: 0.6997600793838501, 0.6047084331512451

vb0[257]+000 POSITION: -0.0976063534617424, 2.662529945373535, 0.04606931656599045
vb0[257]+012 NORMAL: -0.9773930907249451, -0.1505909413099289, 0.14840877056121826
vb0[257]+024 TANGENT: -0.9774972796440125, -0.14959852397441864, 0.14872561395168304, -1.0
vb0[257]+040 BLENDWEIGHTS: 1.0, 0.0, 0.0, 0.0
vb0[257]+056 BLENDINDICES: 0, 0, 0, 0
vb0[257]+072 COLOR: 1.0, 0.5019607843137255, 0.5019607843137255, 0.5019607843137255
vb0[257]+076 TEXCOORD: 0.8460547924041748, 0.6096687316894531

vb0[258]+000 POSITION: -0.10051026195287704, 2.664963960647583, 0.030153054744005203
vb0[258]+012 NORMAL: -0.9805810451507568, -0.1510917842388153, 0.1250278502702713
vb0[258]+024 TANGENT: -0.9805223345756531, -0.15152519941329956, 0.12496447563171387, -1.0
vb0[258]+040 BLENDWEIGHTS: 1.0, 0.0, 0.0, 0.0
vb0[258]+056 BLENDINDICES: 0, 0, 0, 0
vb0[258]+072 COLOR: 1.0, 0.5019607843137255, 0.5019607843137255, 0.5019607843137255
vb0[258]+076 TEXCOORD: 0.8835310935974121, 0.6059362888336182

vb0[259]+000 POSITION: -0.09864503890275955, 2.6497819423675537, 0.017802249640226364
vb0[259]+012 NORMAL: -0.9756401777267456, -0.1988229751586914, 0.0927128866314888
vb0[259]+024 TANGENT: -0.9757133722305298, -0.1983180046081543, 0.09302354604005814, -1.0
vb0[259]+040 BLENDWEIGHTS: 1.0, 0.0, 0.0, 0.0
vb0[259]+056 BLENDINDICES: 0, 0, 0, 0
vb0[259]+072 COLOR: 1.0, 0.5019607843137255, 0.5019607843137255, 0.5019607843137255
vb0[259]+076 TEXCOORD: 0.9286011457443237, 0.5603115558624268

vb0[260]+000 POSITION: -0.10252535343170166, 2.667151927947998, 0.014805130660533905
vb0[260]+012 NORMAL: -0.9822286367416382, -0.15049199759960175, 0.11215674877166748
vb0[260]+024 TANGENT: -0.9823487401008606, -0.14999784529209137, 0.11176598817110062, -1.0
vb0[260]+040 BLENDWEIGHTS: 1.0, 0.0, 0.0, 0.0
vb0[260]+056 BLENDINDICES: 0, 0, 0, 0
vb0[260]+072 COLOR: 1.0, 0.5019607843137255, 0.5019607843137255, 0.5019607843137255
vb0[260]+076 TEXCOORD: 0.9172888994216919, 0.6036204099655151

vb0[261]+000 POSITION: -0.10581868141889572, 2.7034687995910645, 0.011021782644093037
vb0[261]+012 NORMAL: -0.989984393119812, -0.005990267265588045, 0.14104998111724854
vb0[261]+024 TANGENT: -0.9900637269020081, -0.007768392097204924, 0.1404043287038803, -1.0
vb0[261]+040 BLENDWEIGHTS: 1.0, 0.0, 0.0, 0.0
vb0[261]+056 BLENDINDICES: 0, 0, 0, 0
vb0[261]+072 COLOR: 1.0, 0.5019607843137255, 0.5019607843137255, 0.5019607843137255
vb0[261]+076 TEXCOORD: 0.8907185792922974, 0.701321005821228

vb0[262]+000 POSITION: -0.1032070741057396, 2.718431234359741, 0.026472389698028564
vb0[262]+012 NORMAL: -0.9844574332237244, 0.049137916415929794, 0.1686086803674698
vb0[262]+024 TANGENT: -0.9844902157783508, 0.04924630746245384, 0.1683853715658188, -1.0
vb0[262]+040 BLENDWEIGHTS: 1.0, 0.0, 0.0, 0.0
vb0[262]+056 BLENDINDICES: 0, 0, 0, 0
vb0[262]+072 COLOR: 1.0, 0.5019607843137255, 0.5019607843137255, 0.5019607843137255
vb0[262]+076 TEXCOORD: 0.8364696502685547, 0.7538480758666992

vb0[263]+000 POSITION: -0.09895716607570648, 2.7297756671905518, 0.04203993082046509
vb0[263]+012 NORMAL: -0.9582381248474121, 0.12573671340942383, 0.25684642791748047
vb0[263]+024 TANGENT: -0.9567591547966003, 0.12792335450649261, 0.26124200224876404, -1.0
vb0[263]+040 BLENDWEIGHTS: 1.0, 0.0, 0.0, 0.0
vb0[263]+056 BLENDINDICES: 0, 0, 0, 0
vb0[263]+072 COLOR: 1.0, 0.5019607843137255, 0.5019607843137255, 0.5019607843137255
vb0[263]+076 TEXCOORD: 0.7927227020263672, 0.7937368154525757

vb0[264]+000 POSITION: -0.09304367750883102, 2.7375242710113525, 0.055283740162849426
vb0[264]+012 NORMAL: -0.8828344941139221, 0.24097014963626862, 0.40315818786621094
vb0[264]+024 TANGENT: -0.8981968760490417, 0.22133252024650574, 0.3798081576824188, -1.0
vb0[264]+040 BLENDWEIGHTS: 1.0, 0.0, 0.0, 0.0
vb0[264]+056 BLENDINDICES: 0, 0, 0, 0
vb0[264]+072 COLOR: 1.0, 0.5019607843137255, 0.5019607843137255, 0.5019607843137255
vb0[264]+076 TEXCOORD: 0.7556811571121216, 0.818295955657959

vb0[265]+000 POSITION: -0.08431084454059601, 2.743908643722534, 0.0675618126988411
vb0[265]+012 NORMAL: -0.8118250966072083, 0.30882346630096436, 0.49554821848869324
vb0[265]+024 TANGENT: -0.8136190176010132, 0.307545930147171, 0.4933960437774658, -1.0
vb0[265]+040 BLENDWEIGHTS: 1.0, 0.0, 0.0, 0.0
vb0[265]+056 BLENDINDICES: 0, 0, 0, 0
vb0[265]+072 COLOR: 1.0, 0.5019607843137255, 0.5019607843137255, 0.5019607843137255
vb0[265]+076 TEXCOORD: 0.7230715751647949, 0.8384110927581787

vb0[266]+000 POSITION: -0.07339867204427719, 2.7490463256835938, 0.0802922397851944
vb0[266]+012 NORMAL: -0.7206301093101501, 0.35696589946746826, 0.5943631529808044
vb0[266]+024 TANGENT: -0.7191033363342285, 0.357555627822876, 0.5958560705184937, -1.0
vb0[266]+040 BLENDWEIGHTS: 1.0, 0.0, 0.0, 0.0
vb0[266]+056 BLENDINDICES: 0, 0, 0, 0
vb0[266]+072 COLOR: 1.0, 0.5019607843137255, 0.5019607843137255, 0.5019607843137255
vb0[266]+076 TEXCOORD: 0.6887948513031006, 0.8551855087280273

vb0[267]+000 POSITION: -0.06155424565076828, 2.7527174949645996, 0.09032799303531647
vb0[267]+012 NORMAL: -0.5633083581924438, 0.3980380892753601, 0.7240507006645203
vb0[267]+024 TANGENT: -0.5744167566299438, 0.396236389875412, 0.7162695527076721, -1.0
vb0[267]+040 BLENDWEIGHTS: 1.0, 0.0, 0.0, 0.0
vb0[267]+056 BLENDINDICES: 0, 0, 0, 0
vb0[267]+072 COLOR: 1.0, 0.5019607843137255, 0.5019607843137255, 0.5019607843137255
vb0[267]+076 TEXCOORD: 0.6512775421142578, 0.8636419773101807

vb0[268]+000 POSITION: -0.044222909957170486, 2.7554428577423096, 0.1001838967204094
vb0[268]+012 NORMAL: -0.37524011731147766, 0.4261704087257385, 0.8231487274169922
vb0[268]+024 TANGENT: -0.38680195808410645, 0.42457130551338196, 0.818610668182373, -1.0
vb0[268]+040 BLENDWEIGHTS: 1.0, 0.0, 0.0, 0.0
vb0[268]+056 BLENDINDICES: 0, 0, 0, 0
vb0[268]+072 COLOR: 1.0, 0.5019607843137255, 0.5019607843137255, 0.5019607843137255
vb0[268]+076 TEXCOORD: 0.6047381162643433, 0.8684284687042236

vb0[269]+000 POSITION: -0.02111707255244255, 2.75675892829895, 0.10677456855773926
vb0[269]+012 NORMAL: -0.20507723093032837, 0.4522131681442261, 0.8680129051208496
vb0[269]+024 TANGENT: -0.2035616636276245, 0.4525071382522583, 0.8682165145874023, -1.0
vb0[269]+040 BLENDWEIGHTS: 1.0, 0.0, 0.0, 0.0
vb0[269]+056 BLENDINDICES: 0, 0, 0, 0
vb0[269]+072 COLOR: 1.0, 0.5019607843137255, 0.5019607843137255, 0.5019607843137255
vb0[269]+076 TEXCOORD: 0.5499715805053711, 0.8686923980712891

vb0[270]+000 POSITION: -2.1648406800522935e-06, 2.7574875354766846, 0.10913620889186859
vb0[270]+012 NORMAL: -2.9352460728659935e-07, 0.4697626531124115, 0.8827927112579346
vb0[270]+024 TANGENT: 0.0, 0.4697627127170563, 0.8827927112579346, -1.0
vb0[270]+040 BLENDWEIGHTS: 1.0, 0.0, 0.0, 0.0
vb0[270]+056 BLENDINDICES: 0, 0, 0, 0
vb0[270]+072 COLOR: 1.0, 0.5019607843137255, 0.5019607843137255, 0.5019607843137255
vb0[270]+076 TEXCOORD: 0.4999951124191284, 0.8668422698974609

vb0[271]+000 POSITION: -2.1648406800522935e-06, 2.7363579273223877, 0.12065908312797546
vb0[271]+012 NORMAL: -2.2998867166279524e-07, 0.3887152671813965, 0.9213579893112183
vb0[271]+024 TANGENT: 0.0, 0.3875424861907959, 0.9218518733978271, -1.0
vb0[271]+040 BLENDWEIGHTS: 1.0, 0.0, 0.0, 0.0
vb0[271]+056 BLENDINDICES: 0, 0, 0, 0
vb0[271]+072 COLOR: 1.0, 0.5019607843137255, 0.5019607843137255, 0.5019607843137255
vb0[271]+076 TEXCOORD: 0.5001404285430908, 0.8030698299407959

vb0[272]+000 POSITION: 0.021558688953518867, 2.715867280960083, 0.1239551305770874
vb0[272]+012 NORMAL: 0.2311733514070511, 0.2524828016757965, 0.9395803213119507
vb0[272]+024 TANGENT: 0.2287655919790268, 0.25351476669311523, 0.9398917555809021, -1.0
vb0[272]+040 BLENDWEIGHTS: 1.0, 0.0, 0.0, 0.0
vb0[272]+056 BLENDINDICES: 0, 0, 0, 0
vb0[272]+072 COLOR: 1.0, 0.5019607843137255, 0.5019607843137255, 0.5019607843137255
vb0[272]+076 TEXCOORD: 0.44943416118621826, 0.7564430236816406

vb0[273]+000 POSITION: 0.02107810415327549, 2.6942107677459717, 0.1285824328660965
vb0[273]+012 NORMAL: 0.23893789947032928, 0.1720617264509201, 0.955669105052948
vb0[273]+024 TANGENT: 0.2399560958147049, 0.1540750414133072, 0.9584789872169495, -1.0
vb0[273]+040 BLENDWEIGHTS: 1.0, 0.0, 0.0, 0.0
vb0[273]+056 BLENDINDICES: 0, 0, 0, 0
vb0[273]+072 COLOR: 1.0, 0.5019607843137255, 0.5019607843137255, 0.5019607843137255
vb0[273]+076 TEXCOORD: 0.4505765438079834, 0.7076585292816162

vb0[274]+000 POSITION: 0.044526174664497375, 2.696035146713257, 0.12049774825572968
vb0[274]+012 NORMAL: 0.3572409152984619, 0.17192180454730988, 0.9180532693862915
vb0[274]+024 TANGENT: 0.3696519136428833, 0.1559782177209854, 0.9159848690032959, -1.0
vb0[274]+040 BLENDWEIGHTS: 1.0, 0.0, 0.0, 0.0
vb0[274]+056 BLENDINDICES: 0, 0, 0, 0
vb0[274]+072 COLOR: 1.0, 0.5019607843137255, 0.5019607843137255, 0.5019607843137255
vb0[274]+076 TEXCOORD: 0.3964005708694458, 0.7151319980621338

vb0[275]+000 POSITION: 0.04419368505477905, 2.717266798019409, 0.11629104614257812
vb0[275]+012 NORMAL: 0.3592308759689331, 0.2511162757873535, 0.8988291621208191
vb0[275]+024 TANGENT: 0.368770569562912, 0.25249090790748596, 0.8945706486701965, -1.0
vb0[275]+040 BLENDWEIGHTS: 1.0, 0.0, 0.0, 0.0
vb0[275]+056 BLENDINDICES: 0, 0, 0, 0
vb0[275]+072 COLOR: 1.0, 0.5019607843137255, 0.5019607843137255, 0.5019607843137255
vb0[275]+076 TEXCOORD: 0.39603209495544434, 0.7626781463623047

vb0[276]+000 POSITION: 0.02885822206735611, 2.6745171546936035, 0.12840253114700317
vb0[276]+012 NORMAL: 0.2785722017288208, 0.07875024527311325, 0.9571812152862549
vb0[276]+024 TANGENT: 0.2757270932197571, 0.06365180015563965, 0.9591262340545654, -1.0
vb0[276]+040 BLENDWEIGHTS: 1.0, 0.0, 0.0, 0.0
vb0[276]+056 BLENDINDICES: 0, 0, 0, 0
vb0[276]+072 COLOR: 1.0, 0.5019607843137255, 0.5019607843137255, 0.5019607843137255
vb0[276]+076 TEXCOORD: 0.4331178665161133, 0.663467526435852

vb0[277]+000 POSITION: 0.011815733276307583, 2.6714460849761963, 0.1328512579202652
vb0[277]+012 NORMAL: 0.19121550023555756, 0.05527714639902115, 0.9799903631210327
vb0[277]+024 TANGENT: 0.19017063081264496, 0.0322875939309597, 0.9812198877334595, -1.0
vb0[277]+040 BLENDWEIGHTS: 1.0, 0.0, 0.0, 0.0
vb0[277]+056 BLENDINDICES: 0, 0, 0, 0
vb0[277]+072 COLOR: 1.0, 0.5019607843137255, 0.5019607843137255, 0.5019607843137255
vb0[277]+076 TEXCOORD: 0.47304582595825195, 0.6542574167251587

vb0[278]+000 POSITION: 0.026342196390032768, 2.661669969558716, 0.12915119528770447
vb0[278]+012 NORMAL: 0.25305962562561035, -0.03552049398422241, 0.9667983651161194
vb0[278]+024 TANGENT: 0.2550278902053833, -0.06883895397186279, 0.9644802212715149, -1.0
vb0[278]+040 BLENDWEIGHTS: 1.0, 0.0, 0.0, 0.0
vb0[278]+056 BLENDINDICES: 0, 0, 0, 0
vb0[278]+072 COLOR: 1.0, 0.5019607843137255, 0.5019607843137255, 0.5019607843137255
vb0[278]+076 TEXCOORD: 0.4379115104675293, 0.6325408220291138

vb0[279]+000 POSITION: 0.0388011559844017, 2.665053367614746, 0.12572836875915527
vb0[279]+012 NORMAL: 0.3149418532848358, 0.00548887625336647, 0.9490950703620911
vb0[279]+024 TANGENT: 0.31453844904899597, -0.015395225957036018, 0.9491199851036072, -1.0
vb0[279]+040 BLENDWEIGHTS: 1.0, 0.0, 0.0, 0.0
vb0[279]+056 BLENDINDICES: 0, 0, 0, 0
vb0[279]+072 COLOR: 1.0, 0.5019607843137255, 0.5019607843137255, 0.5019607843137255
vb0[279]+076 TEXCOORD: 0.40799641609191895, 0.6441810131072998

vb0[280]+000 POSITION: 0.06149064749479294, 2.6969902515411377, 0.11228739470243454
vb0[280]+012 NORMAL: 0.497520387172699, 0.17481441795825958, 0.8496547937393188
vb0[280]+024 TANGENT: 0.5055049061775208, 0.15473413467407227, 0.8488357067108154, -1.0
vb0[280]+040 BLENDWEIGHTS: 1.0, 0.0, 0.0, 0.0
vb0[280]+056 BLENDINDICES: 0, 0, 0, 0
vb0[280]+072 COLOR: 1.0, 0.5019607843137255, 0.5019607843137255, 0.5019607843137255
vb0[280]+076 TEXCOORD: 0.3506920337677002, 0.7173311710357666

vb0[281]+000 POSITION: 0.061436671763658524, 2.716794967651367, 0.10782166570425034
vb0[281]+012 NORMAL: 0.5159003138542175, 0.25653499364852905, 0.8173351287841797
vb0[281]+024 TANGENT: 0.5279721617698669, 0.25761422514915466, 0.8092467188835144, -1.0
vb0[281]+040 BLENDWEIGHTS: 1.0, 0.0, 0.0, 0.0
vb0[281]+056 BLENDINDICES: 0, 0, 0, 0
vb0[281]+072 COLOR: 1.0, 0.5019607843137255, 0.5019607843137255, 0.5019607843137255
vb0[281]+076 TEXCOORD: 0.3495621681213379, 0.7633060216903687

vb0[282]+000 POSITION: 0.07402420043945312, 2.6962053775787354, 0.10363117605447769
vb0[282]+012 NORMAL: 0.6748026013374329, 0.17652156949043274, 0.7165762782096863
vb0[282]+024 TANGENT: 0.6754512786865234, 0.15273380279541016, 0.7214138507843018, -1.0
vb0[282]+040 BLENDWEIGHTS: 1.0, 0.0, 0.0, 0.0
vb0[282]+056 BLENDINDICES: 0, 0, 0, 0
vb0[282]+072 COLOR: 1.0, 0.5019607843137255, 0.5019607843137255, 0.5019607843137255
vb0[282]+076 TEXCOORD: 0.31249332427978516, 0.715469479560852

vb0[283]+000 POSITION: 0.07335630059242249, 2.714860200881958, 0.09835527837276459
vb0[283]+012 NORMAL: 0.6863829493522644, 0.24959692358970642, 0.6830665469169617
vb0[283]+024 TANGENT: 0.6877212524414062, 0.24994494020938873, 0.6815915107727051, -1.0
vb0[283]+040 BLENDWEIGHTS: 1.0, 0.0, 0.0, 0.0
vb0[283]+056 BLENDINDICES: 0, 0, 0, 0
vb0[283]+072 COLOR: 1.0, 0.5019607843137255, 0.5019607843137255, 0.5019607843137255
vb0[283]+076 TEXCOORD: 0.3120805025100708, 0.7598791122436523

vb0[284]+000 POSITION: 0.06571995466947556, 2.6800410747528076, 0.11166025698184967
vb0[284]+012 NORMAL: 0.5377708077430725, 0.08882306516170502, 0.8383989930152893
vb0[284]+024 TANGENT: 0.5386757850646973, 0.08754539489746094, 0.8379523754119873, -1.0
vb0[284]+040 BLENDWEIGHTS: 1.0, 0.0, 0.0, 0.0
vb0[284]+056 BLENDINDICES: 0, 0, 0, 0
vb0[284]+072 COLOR: 1.0, 0.5019607843137255, 0.5019607843137255, 0.5019607843137255
vb0[284]+076 TEXCOORD: 0.3379213809967041, 0.6828756332397461

vb0[285]+000 POSITION: 0.056802909821271896, 2.679680109024048, 0.11665896326303482
vb0[285]+012 NORMAL: 0.4598199129104614, 0.10083476454019547, 0.8822686672210693
vb0[285]+024 TANGENT: 0.4628818929195404, 0.09755814075469971, 0.8810350894927979, -1.0
vb0[285]+040 BLENDWEIGHTS: 1.0, 0.0, 0.0, 0.0
vb0[285]+056 BLENDINDICES: 0, 0, 0, 0
vb0[285]+072 COLOR: 1.0, 0.5019607843137255, 0.5019607843137255, 0.5019607843137255
vb0[285]+076 TEXCOORD: 0.36390531063079834, 0.6824233531951904

vb0[286]+000 POSITION: 0.05835878103971481, 2.669482707977295, 0.11692079901695251
vb0[286]+012 NORMAL: 0.472960889339447, 0.08782853186130524, 0.8766950368881226
vb0[286]+024 TANGENT: 0.4696970283985138, 0.08848608285188675, 0.8783820271492004, -1.0
vb0[286]+040 BLENDWEIGHTS: 1.0, 0.0, 0.0, 0.0
vb0[286]+056 BLENDINDICES: 0, 0, 0, 0
vb0[286]+072 COLOR: 1.0, 0.5019607843137255, 0.5019607843137255, 0.5019607843137255
vb0[286]+076 TEXCOORD: 0.35811901092529297, 0.6584327220916748

vb0[287]+000 POSITION: 0.04861917346715927, 2.667910099029541, 0.1219467967748642
vb0[287]+012 NORMAL: 0.39809903502464294, 0.040869973599910736, 0.9164314866065979
vb0[287]+024 TANGENT: 0.3962517976760864, 0.0396655797958374, 0.9172846078872681, -1.0
vb0[287]+040 BLENDWEIGHTS: 1.0, 0.0, 0.0, 0.0
vb0[287]+056 BLENDINDICES: 0, 0, 0, 0
vb0[287]+072 COLOR: 1.0, 0.5019607843137255, 0.5019607843137255, 0.5019607843137255
vb0[287]+076 TEXCOORD: 0.38437700271606445, 0.6545994281768799

vb0[288]+000 POSITION: 0.06656257808208466, 2.6702587604522705, 0.11201273649930954
vb0[288]+012 NORMAL: 0.5526682138442993, 0.07756553590297699, 0.8297839760780334
vb0[288]+024 TANGENT: 0.5606330037117004, 0.07719481736421585, 0.8244584202766418, -1.0
vb0[288]+040 BLENDWEIGHTS: 1.0, 0.0, 0.0, 0.0
vb0[288]+056 BLENDINDICES: 0, 0, 0, 0
vb0[288]+072 COLOR: 1.0, 0.5019607843137255, 0.5019607843137255, 0.5019607843137255
vb0[288]+076 TEXCOORD: 0.3348332643508911, 0.6597452163696289

vb0[289]+000 POSITION: 0.04494672641158104, 2.678102970123291, 0.12285584956407547
vb0[289]+012 NORMAL: 0.36339089274406433, 0.10837595909833908, 0.9253116250038147
vb0[289]+024 TANGENT: 0.37430378794670105, 0.09879613667726517, 0.9220281839370728, -1.0
vb0[289]+040 BLENDWEIGHTS: 1.0, 0.0, 0.0, 0.0
vb0[289]+056 BLENDINDICES: 0, 0, 0, 0
vb0[289]+072 COLOR: 1.0, 0.5019607843137255, 0.5019607843137255, 0.5019607843137255
vb0[289]+076 TEXCOORD: 0.39533042907714844, 0.6773285865783691

vb0[290]+000 POSITION: 0.07321354001760483, 2.679687976837158, 0.10641579329967499
vb0[290]+012 NORMAL: 0.6533343195915222, 0.06931451708078384, 0.753889799118042
vb0[290]+024 TANGENT: 0.6579270958900452, 0.06943583488464355, 0.7498738169670105, -1.0
vb0[290]+040 BLENDWEIGHTS: 1.0, 0.0, 0.0, 0.0
vb0[290]+056 BLENDINDICES: 0, 0, 0, 0
vb0[290]+072 COLOR: 1.0, 0.5019607843137255, 0.5019607843137255, 0.5019607843137255
vb0[290]+076 TEXCOORD: 0.3161153793334961, 0.6806766986846924

vb0[291]+000 POSITION: 0.07293463498353958, 2.670163154602051, 0.10708022117614746
vb0[291]+012 NORMAL: 0.66892409324646, 0.03847377002239227, 0.7423343658447266
vb0[291]+024 TANGENT: 0.6740109324455261, 0.03640639781951904, 0.7378237247467041, -1.0
vb0[291]+040 BLENDWEIGHTS: 1.0, 0.0, 0.0, 0.0
vb0[291]+056 BLENDINDICES: 0, 0, 0, 0
vb0[291]+072 COLOR: 1.0, 0.5019607843137255, 0.5019607843137255, 0.5019607843137255
vb0[291]+076 TEXCOORD: 0.3150748014450073, 0.6590338945388794

vb0[292]+000 POSITION: 0.07863044738769531, 2.6785905361175537, 0.10069576650857925
vb0[292]+012 NORMAL: 0.763678789138794, 0.051479581743478775, 0.6435407996177673
vb0[292]+024 TANGENT: 0.7667553424835205, 0.04707919806241989, 0.6402106881141663, -1.0
vb0[292]+040 BLENDWEIGHTS: 1.0, 0.0, 0.0, 0.0
vb0[292]+056 BLENDINDICES: 0, 0, 0, 0
vb0[292]+072 COLOR: 1.0, 0.5019607843137255, 0.5019607843137255, 0.5019607843137255
vb0[292]+076 TEXCOORD: 0.29754018783569336, 0.6779603958129883

vb0[293]+000 POSITION: 0.07820156216621399, 2.66939640045166, 0.1014755517244339
vb0[293]+012 NORMAL: 0.7636236548423767, 0.009618278592824936, 0.64559006690979
vb0[293]+024 TANGENT: 0.7677072286605835, 0.007170319091528654, 0.6407606601715088, -1.0
vb0[293]+040 BLENDWEIGHTS: 1.0, 0.0, 0.0, 0.0
vb0[293]+056 BLENDINDICES: 0, 0, 0, 0
vb0[293]+072 COLOR: 1.0, 0.5019607843137255, 0.5019607843137255, 0.5019607843137255
vb0[293]+076 TEXCOORD: 0.29662811756134033, 0.656036376953125

vb0[294]+000 POSITION: 0.0501500703394413, 2.661987543106079, 0.12123728543519974
vb0[294]+012 NORMAL: 0.393404096364975, -0.15629437565803528, 0.9059829711914062
vb0[294]+024 TANGENT: 0.39058005809783936, -0.22104036808013916, 0.8936376571655273, -1.0
vb0[294]+040 BLENDWEIGHTS: 1.0, 0.0, 0.0, 0.0
vb0[294]+056 BLENDINDICES: 0, 0, 0, 0
vb0[294]+072 COLOR: 1.0, 0.5019607843137255, 0.5019607843137255, 0.5019607843137255
vb0[294]+076 TEXCOORD: 0.3789170980453491, 0.6398928165435791

vb0[295]+000 POSITION: 0.0590350516140461, 2.6632699966430664, 0.11748400330543518
vb0[295]+012 NORMAL: 0.4664912819862366, -0.051692236214876175, 0.8830140829086304
vb0[295]+024 TANGENT: 0.46526679396629333, -0.10352359712123871, 0.8790958523750305, -1.0
vb0[295]+040 BLENDWEIGHTS: 1.0, 0.0, 0.0, 0.0
vb0[295]+056 BLENDINDICES: 0, 0, 0, 0
vb0[295]+072 COLOR: 1.0, 0.5019607843137255, 0.5019607843137255, 0.5019607843137255
vb0[295]+076 TEXCOORD: 0.35602521896362305, 0.6430883407592773

vb0[296]+000 POSITION: 0.06677225232124329, 2.663625478744507, 0.11257626116275787
vb0[296]+012 NORMAL: 0.5716254711151123, -0.014126623049378395, 0.8203930854797363
vb0[296]+024 TANGENT: 0.5737056136131287, -0.04511416330933571, 0.8178181648254395, -1.0
vb0[296]+040 BLENDWEIGHTS: 1.0, 0.0, 0.0, 0.0
vb0[296]+056 BLENDINDICES: 0, 0, 0, 0
vb0[296]+072 COLOR: 1.0, 0.5019607843137255, 0.5019607843137255, 0.5019607843137255
vb0[296]+076 TEXCOORD: 0.3341035842895508, 0.643467903137207

vb0[297]+000 POSITION: 0.041021157056093216, 2.6599884033203125, 0.12453944236040115
vb0[297]+012 NORMAL: 0.3605707883834839, -0.3174247741699219, 0.8770577311515808
vb0[297]+024 TANGENT: 0.354286253452301, -0.33950144052505493, 0.8713322877883911, -1.0
vb0[297]+040 BLENDWEIGHTS: 1.0, 0.0, 0.0, 0.0
vb0[297]+056 BLENDINDICES: 0, 0, 0, 0
vb0[297]+072 COLOR: 1.0, 0.5019607843137255, 0.5019607843137255, 0.5019607843137255
vb0[297]+076 TEXCOORD: 0.40121495723724365, 0.6328533887863159

vb0[298]+000 POSITION: 0.031573355197906494, 2.65755558013916, 0.12721772491931915
vb0[298]+012 NORMAL: 0.33122625946998596, -0.47176963090896606, 0.8171429634094238
vb0[298]+024 TANGENT: 0.32337722182273865, -0.4075809419155121, 0.8539934754371643, -1.0
vb0[298]+040 BLENDWEIGHTS: 1.0, 0.0, 0.0, 0.0
vb0[298]+056 BLENDINDICES: 0, 0, 0, 0
vb0[298]+072 COLOR: 1.0, 0.5019607843137255, 0.5019607843137255, 0.5019607843137255
vb0[298]+076 TEXCOORD: 0.42420005798339844, 0.6244831085205078

vb0[299]+000 POSITION: 0.03312176465988159, 2.65450119972229, 0.12337882071733475
vb0[299]+012 NORMAL: 0.3252447843551636, -0.6857632398605347, 0.6511102318763733
vb0[299]+024 TANGENT: 0.32877618074417114, -0.6823620796203613, 0.6529074311256409, -1.0
vb0[299]+040 BLENDWEIGHTS: 1.0, 0.0, 0.0, 0.0
vb0[299]+056 BLENDINDICES: 0, 0, 0, 0
vb0[299]+072 COLOR: 1.0, 0.5019607843137255, 0.5019607843137255, 0.0
vb0[299]+076 TEXCOORD: 0.41674041748046875, 0.6152970790863037

vb0[300]+000 POSITION: 0.024579953402280807, 2.6512460708618164, 0.1237604022026062
vb0[300]+012 NORMAL: 0.4266420006752014, -0.6380069255828857, 0.6410332918167114
vb0[300]+024 TANGENT: 0.4189605712890625, -0.6466655135154724, 0.6374132037162781, -1.0
vb0[300]+040 BLENDWEIGHTS: 1.0, 0.0, 0.0, 0.0
vb0[300]+056 BLENDINDICES: 0, 0, 0, 0
vb0[300]+072 COLOR: 1.0, 0.5019607843137255, 0.5019607843137255, 0.0
vb0[300]+076 TEXCOORD: 0.4357362985610962, 0.6030588150024414

vb0[301]+000 POSITION: 0.02243421971797943, 2.6542651653289795, 0.12894517183303833
vb0[301]+012 NORMAL: 0.3905628025531769, -0.508095920085907, 0.7676583528518677
vb0[301]+024 TANGENT: 0.3474295437335968, -0.42452916502952576, 0.8361026644706726, -1.0
vb0[301]+040 BLENDWEIGHTS: 1.0, 0.0, 0.0, 0.0
vb0[301]+056 BLENDINDICES: 0, 0, 0, 0
vb0[301]+072 COLOR: 1.0, 0.5019607843137255, 0.5019607843137255, 0.5019607843137255
vb0[301]+076 TEXCOORD: 0.44599080085754395, 0.6133595705032349

vb0[302]+000 POSITION: 0.041767146438360214, 2.6571133136749268, 0.12162873148918152
vb0[302]+012 NORMAL: 0.3142841160297394, -0.6420010328292847, 0.6993283629417419
vb0[302]+024 TANGENT: 0.3209582567214966, -0.6283779144287109, 0.7086092233657837, -1.0
vb0[302]+040 BLENDWEIGHTS: 1.0, 0.0, 0.0, 0.0
vb0[302]+056 BLENDINDICES: 0, 0, 0, 0
vb0[302]+072 COLOR: 1.0, 0.5019607843137255, 0.5019607843137255, 0.0
vb0[302]+076 TEXCOORD: 0.3962641954421997, 0.6243914365768433

vb0[303]+000 POSITION: 0.018080396577715874, 2.6432178020477295, 0.12160084396600723
vb0[303]+012 NORMAL: 0.5103461146354675, -0.5297195315361023, 0.6774541139602661
vb0[303]+024 TANGENT: 0.5130134224891663, -0.5270221829414368, 0.6775431036949158, -1.0
vb0[303]+040 BLENDWEIGHTS: 1.0, 0.0, 0.0, 0.0
vb0[303]+056 BLENDINDICES: 0, 0, 0, 0
vb0[303]+072 COLOR: 1.0, 0.5019607843137255, 0.5019607843137255, 0.0
vb0[303]+076 TEXCOORD: 0.44874322414398193, 0.5805435180664062

vb0[304]+000 POSITION: 0.013114423491060734, 2.6430957317352295, 0.1254776418209076
vb0[304]+012 NORMAL: 0.49325814843177795, -0.5203161239624023, 0.6971136927604675
vb0[304]+024 TANGENT: 0.4800161123275757, -0.5137669444084167, 0.7110753059387207, -1.0
vb0[304]+040 BLENDWEIGHTS: 1.0, 0.0, 0.0, 0.0
vb0[304]+056 BLENDINDICES: 0, 0, 0, 0
vb0[304]+072 COLOR: 1.0, 0.5019607843137255, 0.5019607843137255, 0.5019607843137255
vb0[304]+076 TEXCOORD: 0.4645822048187256, 0.5809985399246216

vb0[305]+000 POSITION: 0.05040481314063072, 2.6586527824401855, 0.11940112709999084
vb0[305]+012 NORMAL: 0.3201355040073395, -0.5618856549263, 0.7627567648887634
vb0[305]+024 TANGENT: 0.3316057622432709, -0.5369231700897217, 0.7757261395454407, -1.0
vb0[305]+040 BLENDWEIGHTS: 1.0, 0.0, 0.0, 0.0
vb0[305]+056 BLENDINDICES: 0, 0, 0, 0
vb0[305]+072 COLOR: 1.0, 0.5019607843137255, 0.5019607843137255, 0.25098039215686274
vb0[305]+076 TEXCOORD: 0.37565672397613525, 0.6308705806732178

vb0[306]+000 POSITION: 0.058767013251781464, 2.6595375537872314, 0.11624787002801895
vb0[306]+012 NORMAL: 0.383964866399765, -0.4624713361263275, 0.7991815805435181
vb0[306]+024 TANGENT: 0.39942264556884766, -0.4267927408218384, 0.8113626837730408, -1.0
vb0[306]+040 BLENDWEIGHTS: 1.0, 0.0, 0.0, 0.0
vb0[306]+056 BLENDINDICES: 0, 0, 0, 0
vb0[306]+072 COLOR: 1.0, 0.5019607843137255, 0.5019607843137255, 0.25098039215686274
vb0[306]+076 TEXCOORD: 0.3542672395706177, 0.633571982383728

vb0[307]+000 POSITION: 0.016363058239221573, 2.6580188274383545, 0.1313793659210205
vb0[307]+012 NORMAL: 0.2254513055086136, -0.08589105308055878, 0.9704609513282776
vb0[307]+024 TANGENT: 0.23265837132930756, -0.11463899165391922, 0.9657784700393677, -1.0
vb0[307]+040 BLENDWEIGHTS: 1.0, 0.0, 0.0, 0.0
vb0[307]+056 BLENDINDICES: 0, 0, 0, 0
vb0[307]+072 COLOR: 1.0, 0.5019607843137255, 0.5019607843137255, 0.5019607843137255
vb0[307]+076 TEXCOORD: 0.4614499807357788, 0.6215207576751709

vb0[308]+000 POSITION: 0.02918490767478943, 2.645746946334839, 0.11593259871006012
vb0[308]+012 NORMAL: 0.3256676495075226, -0.5247989892959595, 0.7864646315574646
vb0[308]+024 TANGENT: 0.3323213458061218, -0.5393027663230896, 0.7737667560577393, -1.0
vb0[308]+040 BLENDWEIGHTS: 1.0, 0.0, 0.0, 0.0
vb0[308]+056 BLENDINDICES: 0, 0, 0, 0
vb0[308]+072 COLOR: 1.0, 0.5019607843137255, 0.5019607843137255, 0.0
vb0[308]+076 TEXCOORD: 0.4171220660209656, 0.587127685546875

vb0[309]+000 POSITION: 0.035626936703920364, 2.6492912769317627, 0.11633849143981934
vb0[309]+012 NORMAL: 0.25986477732658386, -0.5778948068618774, 0.7736329436302185
vb0[309]+024 TANGENT: 0.26702526211738586, -0.5927734971046448, 0.7598139643669128, -1.0
vb0[309]+040 BLENDWEIGHTS: 1.0, 0.0, 0.0, 0.0
vb0[309]+056 BLENDINDICES: 0, 0, 0, 0
vb0[309]+072 COLOR: 1.0, 0.5019607843137255, 0.5019607843137255, 0.0
vb0[309]+076 TEXCOORD: 0.4035029411315918, 0.5987699031829834

vb0[310]+000 POSITION: 0.05472556874155998, 2.6330554485321045, 0.10298257321119308
vb0[310]+012 NORMAL: 0.38054853677749634, -0.14327172935009003, 0.9135950803756714
vb0[310]+024 TANGENT: 0.39971694350242615, -0.1642167568206787, 0.9018088579177856, -1.0
vb0[310]+040 BLENDWEIGHTS: 1.0, 0.0, 0.0, 0.0
vb0[310]+056 BLENDINDICES: 0, 0, 0, 0
vb0[310]+072 COLOR: 1.0, 0.5019607843137255, 0.5019607843137255, 0.0
vb0[310]+076 TEXCOORD: 0.3553413152694702, 0.5953845977783203

vb0[311]+000 POSITION: 0.04269353672862053, 2.651754379272461, 0.11590532213449478
vb0[311]+012 NORMAL: 0.2529451549053192, -0.5608497858047485, 0.7883312702178955
vb0[311]+024 TANGENT: 0.2582632005214691, -0.577660858631134, 0.7743435502052307, -1.0
vb0[311]+040 BLENDWEIGHTS: 1.0, 0.0, 0.0, 0.0
vb0[311]+056 BLENDINDICES: 0, 0, 0, 0
vb0[311]+072 COLOR: 1.0, 0.5019607843137255, 0.5019607843137255, 0.0
vb0[311]+076 TEXCOORD: 0.3876839280128479, 0.6077909469604492

vb0[312]+000 POSITION: 0.05022798478603363, 2.652897357940674, 0.11454946547746658
vb0[312]+012 NORMAL: 0.2761254906654358, -0.5275762677192688, 0.8033791780471802
vb0[312]+024 TANGENT: 0.2790623903274536, -0.5413165092468262, 0.7931586503982544, -1.0
vb0[312]+040 BLENDWEIGHTS: 1.0, 0.0, 0.0, 0.0
vb0[312]+056 BLENDINDICES: 0, 0, 0, 0
vb0[312]+072 COLOR: 1.0, 0.5019607843137255, 0.5019607843137255, 0.0
vb0[312]+076 TEXCOORD: 0.36966991424560547, 0.613226056098938

vb0[313]+000 POSITION: 0.05741986259818077, 2.652921676635742, 0.11188781261444092
vb0[313]+012 NORMAL: 0.33462464809417725, -0.48526155948638916, 0.8078042268753052
vb0[313]+024 TANGENT: 0.3355255424976349, -0.49306750297546387, 0.8026873469352722, -1.0
vb0[313]+040 BLENDWEIGHTS: 1.0, 0.0, 0.0, 0.0
vb0[313]+056 BLENDINDICES: 0, 0, 0, 0
vb0[313]+072 COLOR: 1.0, 0.5019607843137255, 0.5019607843137255, 0.0
vb0[313]+076 TEXCOORD: 0.35052937269210815, 0.6141324043273926

vb0[314]+000 POSITION: 0.015547509305179119, 2.6519527435302734, 0.13022543489933014
vb0[314]+012 NORMAL: 0.29642000794410706, -0.345009446144104, 0.8905636072158813
vb0[314]+024 TANGENT: 0.2985481917858124, -0.35447534918785095, 0.8861242532730103, -1.0
vb0[314]+040 BLENDWEIGHTS: 1.0, 0.0, 0.0, 0.0
vb0[314]+056 BLENDINDICES: 0, 0, 0, 0
vb0[314]+072 COLOR: 1.0, 0.5019607843137255, 0.5019607843137255, 0.5019607843137255
vb0[314]+076 TEXCOORD: 0.4630528688430786, 0.6040571928024292

vb0[315]+000 POSITION: 0.007795953657478094, 2.6555278301239014, 0.13291041553020477
vb0[315]+012 NORMAL: 0.19756372272968292, -0.08426555246114731, 0.9766616225242615
vb0[315]+024 TANGENT: 0.2040923833847046, -0.09600121527910233, 0.9742330312728882, -1.0
vb0[315]+040 BLENDWEIGHTS: 1.0, 0.0, 0.0, 0.0
vb0[315]+056 BLENDINDICES: 0, 0, 0, 0
vb0[315]+072 COLOR: 1.0, 0.5019607843137255, 0.5019607843137255, 0.5019607843137255
vb0[315]+076 TEXCOORD: 0.4810950756072998, 0.6157069206237793

vb0[316]+000 POSITION: 0.0077628036960959435, 2.650041341781616, 0.1320980191230774
vb0[316]+012 NORMAL: 0.2527627944946289, -0.3038516044616699, 0.9185777306556702
vb0[316]+024 TANGENT: 0.25629863142967224, -0.29533088207244873, 0.9203752875328064, -1.0
vb0[316]+040 BLENDWEIGHTS: 1.0, 0.0, 0.0, 0.0
vb0[316]+056 BLENDINDICES: 0, 0, 0, 0
vb0[316]+072 COLOR: 1.0, 0.5019607843137255, 0.5019607843137255, 0.5019607843137255
vb0[316]+076 TEXCOORD: 0.4807945489883423, 0.5991150140762329

vb0[317]+000 POSITION: 0.0071059223264455795, 2.6419126987457275, 0.1282503753900528
vb0[317]+012 NORMAL: 0.34283703565597534, -0.4427252411842346, 0.8285269737243652
vb0[317]+024 TANGENT: 0.35539090633392334, -0.44809237122535706, 0.8203112483024597, -1.0
vb0[317]+040 BLENDWEIGHTS: 1.0, 0.0, 0.0, 0.0
vb0[317]+056 BLENDINDICES: 0, 0, 0, 0
vb0[317]+072 COLOR: 1.0, 0.5019607843137255, 0.5019607843137255, 0.5019607843137255
vb0[317]+076 TEXCOORD: 0.48168444633483887, 0.5786581039428711

vb0[318]+000 POSITION: 0.010254506953060627, 2.634568929672241, 0.12169327586889267
vb0[318]+012 NORMAL: 0.5396023392677307, -0.38314521312713623, 0.7496859431266785
vb0[318]+024 TANGENT: 0.5517657995223999, -0.3412516713142395, 0.7609874606132507, -1.0
vb0[318]+040 BLENDWEIGHTS: 1.0, 0.0, 0.0, 0.0
vb0[318]+056 BLENDINDICES: 0, 0, 0, 0
vb0[318]+072 COLOR: 1.0, 0.5019607843137255, 0.5019607843137255, 0.5019607843137255
vb0[318]+076 TEXCOORD: 0.4692920446395874, 0.5585401058197021

vb0[319]+000 POSITION: 0.006248516961932182, 2.634321451187134, 0.12442444264888763
vb0[319]+012 NORMAL: 0.42900189757347107, -0.354965478181839, 0.8306364417076111
vb0[319]+024 TANGENT: 0.45084765553474426, -0.30489349365234375, 0.8389137387275696, -1.0
vb0[319]+040 BLENDWEIGHTS: 1.0, 0.0, 0.0, 0.0
vb0[319]+056 BLENDINDICES: 0, 0, 0, 0
vb0[319]+072 COLOR: 1.0, 0.5019607843137255, 0.5019607843137255, 0.5019607843137255
vb0[319]+076 TEXCOORD: 0.48411643505096436, 0.560288667678833

vb0[320]+000 POSITION: 0.005687665659934282, 2.6298327445983887, 0.12402008473873138
vb0[320]+012 NORMAL: 0.5582023859024048, 0.05461018159985542, 0.8279057145118713
vb0[320]+024 TANGENT: 0.5471686720848083, 0.015045881271362305, 0.8368870615959167, -1.0
vb0[320]+040 BLENDWEIGHTS: 1.0, 0.0, 0.0, 0.0
vb0[320]+056 BLENDINDICES: 0, 0, 0, 0
vb0[320]+072 COLOR: 1.0, 0.5019607843137255, 0.5019607843137255, 0.5019607843137255
vb0[320]+076 TEXCOORD: 0.48490893840789795, 0.5461561679840088

vb0[321]+000 POSITION: 0.005503511521965265, 2.6232314109802246, 0.12611578404903412
vb0[321]+012 NORMAL: 0.6202542781829834, 0.26790130138397217, 0.7372336983680725
vb0[321]+024 TANGENT: 0.6095271110534668, 0.27009153366088867, 0.7453370094299316, -1.0
vb0[321]+040 BLENDWEIGHTS: 1.0, 0.0, 0.0, 0.0
vb0[321]+056 BLENDINDICES: 0, 0, 0, 0
vb0[321]+072 COLOR: 1.0, 0.5019607843137255, 0.5019607843137255, 0.5019607843137255
vb0[321]+076 TEXCOORD: 0.48478901386260986, 0.5294203758239746

vb0[322]+000 POSITION: 0.0097509091719985, 2.629021644592285, 0.12059661746025085
vb0[322]+012 NORMAL: 0.6245043277740479, 0.004690167959779501, 0.7810072898864746
vb0[322]+024 TANGENT: 0.627809464931488, -0.03776633366942406, 0.7774502635002136, -1.0
vb0[322]+040 BLENDWEIGHTS: 1.0, 0.0, 0.0, 0.0
vb0[322]+056 BLENDINDICES: 0, 0, 0, 0
vb0[322]+072 COLOR: 1.0, 0.5019607843137255, 0.5019607843137255, 0.5019607843137255
vb0[322]+076 TEXCOORD: 0.4683842658996582, 0.5444594621658325

vb0[323]+000 POSITION: 0.009301538579165936, 2.6212596893310547, 0.12151005119085312
vb0[323]+012 NORMAL: 0.6403990387916565, 0.22668753564357758, 0.7338269352912903
vb0[323]+024 TANGENT: 0.6652126312255859, 0.2122657150030136, 0.7158458232879639, -1.0
vb0[323]+040 BLENDWEIGHTS: 1.0, 0.0, 0.0, 0.0
vb0[323]+056 BLENDINDICES: 0, 0, 0, 0
vb0[323]+072 COLOR: 1.0, 0.5019607843137255, 0.5019607843137255, 0.5019607843137255
vb0[323]+076 TEXCOORD: 0.46728062629699707, 0.5254188776016235

vb0[324]+000 POSITION: 0.014536547474563122, 2.6286489963531494, 0.11681732535362244
vb0[324]+012 NORMAL: 0.5472209453582764, 0.013006133958697319, 0.8368870615959167
vb0[324]+024 TANGENT: 0.5530996918678284, -0.030401643365621567, 0.832560122013092, -1.0
vb0[324]+040 BLENDWEIGHTS: 1.0, 0.0, 0.0, 0.0
vb0[324]+056 BLENDINDICES: 0, 0, 0, 0
vb0[324]+072 COLOR: 1.0, 0.5019607843137255, 0.5019607843137255, 0.0
vb0[324]+076 TEXCOORD: 0.4509456157684326, 0.5433123111724854

vb0[325]+000 POSITION: 0.01692306436598301, 2.6196484565734863, 0.11707845330238342
vb0[325]+012 NORMAL: 0.47260332107543945, 0.2857263386249542, 0.8336705565452576
vb0[325]+024 TANGENT: 0.4830876290798187, 0.2705967426300049, 0.8327087759971619, -1.0
vb0[325]+040 BLENDWEIGHTS: 1.0, 0.0, 0.0, 0.0
vb0[325]+056 BLENDINDICES: 0, 0, 0, 0
vb0[325]+072 COLOR: 1.0, 0.5019607843137255, 0.5019607843137255, 0.0
vb0[325]+076 TEXCOORD: 0.44333386421203613, 0.5209746360778809

vb0[326]+000 POSITION: 0.021532459184527397, 2.6285040378570557, 0.11247594654560089
vb0[326]+012 NORMAL: 0.3875944912433624, -0.0001812643458833918, 0.9218299984931946
vb0[326]+024 TANGENT: 0.4204373359680176, -0.01721656322479248, 0.9071581959724426, -1.0
vb0[326]+040 BLENDWEIGHTS: 1.0, 0.0, 0.0, 0.0
vb0[326]+056 BLENDINDICES: 0, 0, 0, 0
vb0[326]+072 COLOR: 1.0, 0.5019607843137255, 0.5019607843137255, 0.0
vb0[326]+076 TEXCOORD: 0.42951828241348267, 0.5429589748382568

vb0[327]+000 POSITION: 0.02463759295642376, 2.6224937438964844, 0.11223603039979935
vb0[327]+012 NORMAL: 0.329329252243042, 0.22762203216552734, 0.9163681268692017
vb0[327]+024 TANGENT: 0.3476874530315399, 0.22963009774684906, 0.9090563058853149, -1.0
vb0[327]+040 BLENDWEIGHTS: 1.0, 0.0, 0.0, 0.0
vb0[327]+056 BLENDINDICES: 0, 0, 0, 0
vb0[327]+072 COLOR: 1.0, 0.5019607843137255, 0.5019607843137255, 0.0
vb0[327]+076 TEXCOORD: 0.4201401472091675, 0.5277526378631592

vb0[328]+000 POSITION: 0.05472556874155998, 2.6330554485321045, 0.10298257321119308
vb0[328]+012 NORMAL: 0.38054853677749634, -0.14327172935009003, 0.9135950803756714
vb0[328]+024 TANGENT: 0.39971694350242615, -0.1642167568206787, 0.9018088579177856, -1.0
vb0[328]+040 BLENDWEIGHTS: 1.0, 0.0, 0.0, 0.0
vb0[328]+056 BLENDINDICES: 0, 0, 0, 0
vb0[328]+072 COLOR: 1.0, 0.5019607843137255, 0.5019607843137255, 0.0
vb0[328]+076 TEXCOORD: 0.37456369400024414, 0.5323857069015503

vb0[329]+000 POSITION: 0.021996477618813515, 2.6336147785186768, 0.11335963010787964
vb0[329]+012 NORMAL: 0.38780519366264343, -0.29899510741233826, 0.8718997240066528
vb0[329]+024 TANGENT: 0.41785362362861633, -0.29063448309898376, 0.8607727885246277, -1.0
vb0[329]+040 BLENDWEIGHTS: 1.0, 0.0, 0.0, 0.0
vb0[329]+056 BLENDINDICES: 0, 0, 0, 0
vb0[329]+072 COLOR: 1.0, 0.5019607843137255, 0.5019607843137255, 0.0
vb0[329]+076 TEXCOORD: 0.43058764934539795, 0.5554076433181763

vb0[330]+000 POSITION: 0.00934535451233387, 2.614274501800537, 0.1246895119547844
vb0[330]+012 NORMAL: 0.6759275794029236, 0.30104032158851624, 0.6726787090301514
vb0[330]+024 TANGENT: 0.6966830492019653, 0.29577457904815674, 0.6535671949386597, -1.0
vb0[330]+040 BLENDWEIGHTS: 1.0, 0.0, 0.0, 0.0
vb0[330]+056 BLENDINDICES: 0, 0, 0, 0
vb0[330]+072 COLOR: 1.0, 0.5019607843137255, 0.5019607843137255, 0.5019607843137255
vb0[330]+076 TEXCOORD: 0.46780920028686523, 0.5067892074584961

vb0[331]+000 POSITION: 0.016643919050693512, 2.61004900932312, 0.12121552228927612
vb0[331]+012 NORMAL: 0.47572436928749084, 0.3256184160709381, 0.817103922367096
vb0[331]+024 TANGENT: 0.4787794351577759, 0.3252066373825073, 0.8154820203781128, -1.0
vb0[331]+040 BLENDWEIGHTS: 1.0, 0.0, 0.0, 0.0
vb0[331]+056 BLENDINDICES: 0, 0, 0, 0
vb0[331]+072 COLOR: 1.0, 0.5019607843137255, 0.5019607843137255, 0.5019607843137255
vb0[331]+076 TEXCOORD: 0.4466038942337036, 0.4950599670410156

vb0[332]+000 POSITION: 0.027114080265164375, 2.60971736907959, 0.11674664914608002
vb0[332]+012 NORMAL: 0.35238027572631836, 0.35325750708580017, 0.8666240572929382
vb0[332]+024 TANGENT: 0.351949542760849, 0.34997430443763733, 0.8681299090385437, -1.0
vb0[332]+040 BLENDWEIGHTS: 1.0, 0.0, 0.0, 0.0
vb0[332]+056 BLENDINDICES: 0, 0, 0, 0
vb0[332]+072 COLOR: 1.0, 0.5019607843137255, 0.5019607843137255, 0.25098039215686274
vb0[332]+076 TEXCOORD: 0.4185197353363037, 0.49227237701416016

vb0[333]+000 POSITION: 0.025182856246829033, 2.604541778564453, 0.11968632787466049
vb0[333]+012 NORMAL: 0.3724330961704254, 0.30402567982673645, 0.8768478035926819
vb0[333]+024 TANGENT: 0.3679012656211853, 0.2980790138244629, 0.8807936906814575, -1.0
vb0[333]+040 BLENDWEIGHTS: 1.0, 0.0, 0.0, 0.0
vb0[333]+056 BLENDINDICES: 0, 0, 0, 0
vb0[333]+072 COLOR: 1.0, 0.5019607843137255, 0.5019607843137255, 0.5019607843137255
vb0[333]+076 TEXCOORD: 0.4258103370666504, 0.4780973196029663

vb0[334]+000 POSITION: 0.0053473711013793945, 2.6171464920043945, 0.1294241100549698
vb0[334]+012 NORMAL: 0.6523782014846802, 0.35030341148376465, 0.6720790863037109
vb0[334]+024 TANGENT: 0.6257748007774353, 0.36091646552085876, 0.6914803385734558, -1.0
vb0[334]+040 BLENDWEIGHTS: 1.0, 0.0, 0.0, 0.0
vb0[334]+056 BLENDINDICES: 0, 0, 0, 0
vb0[334]+072 COLOR: 1.0, 0.5019607843137255, 0.5019607843137255, 0.5019607843137255
vb0[334]+076 TEXCOORD: 0.4853370189666748, 0.5124354362487793

vb0[335]+000 POSITION: 0.014824523590505123, 2.634350538253784, 0.11822632700204849
vb0[335]+012 NORMAL: 0.5375615954399109, -0.3673894703388214, 0.7589812278747559
vb0[335]+024 TANGENT: 0.5460354685783386, -0.3370036482810974, 0.766990065574646, -1.0
vb0[335]+040 BLENDWEIGHTS: 1.0, 0.0, 0.0, 0.0
vb0[335]+056 BLENDINDICES: 0, 0, 0, 0
vb0[335]+072 COLOR: 1.0, 0.5019607843137255, 0.5019607843137255, 0.0
vb0[335]+076 TEXCOORD: 0.45305395126342773, 0.5571001768112183

vb0[336]+000 POSITION: 0.005107373930513859, 2.609088897705078, 0.13405196368694305
vb0[336]+012 NORMAL: 0.6761760115623474, 0.36708536744117737, 0.638775646686554
vb0[336]+024 TANGENT: 0.6438913345336914, 0.38281992077827454, 0.6624597311019897, -1.0
vb0[336]+040 BLENDWEIGHTS: 1.0, 0.0, 0.0, 0.0
vb0[336]+056 BLENDINDICES: 0, 0, 0, 0
vb0[336]+072 COLOR: 1.0, 0.5019607843137255, 0.5019607843137255, 0.5019607843137255
vb0[336]+076 TEXCOORD: 0.4853479862213135, 0.4929410219192505

vb0[337]+000 POSITION: 0.004868569318205118, 2.600480794906616, 0.13961754739284515
vb0[337]+012 NORMAL: 0.6871445178985596, 0.37969040870666504, 0.6194091439247131
vb0[337]+024 TANGENT: 0.6544468998908997, 0.39820975065231323, 0.6427505016326904, -1.0
vb0[337]+040 BLENDWEIGHTS: 1.0, 0.0, 0.0, 0.0
vb0[337]+056 BLENDINDICES: 0, 0, 0, 0
vb0[337]+072 COLOR: 1.0, 0.5019607843137255, 0.5019607843137255, 0.5019607843137255
vb0[337]+076 TEXCOORD: 0.486416220664978, 0.470430850982666

vb0[338]+000 POSITION: 0.00928634125739336, 2.6054975986480713, 0.12898211181163788
vb0[338]+012 NORMAL: 0.7382041811943054, 0.2847611904144287, 0.6115273237228394
vb0[338]+024 TANGENT: 0.7404221296310425, 0.2813408374786377, 0.6104280352592468, -1.0
vb0[338]+040 BLENDWEIGHTS: 1.0, 0.0, 0.0, 0.0
vb0[338]+056 BLENDINDICES: 0, 0, 0, 0
vb0[338]+072 COLOR: 1.0, 0.5019607843137255, 0.5019607843137255, 0.5019607843137255
vb0[338]+076 TEXCOORD: 0.46956562995910645, 0.4827563762664795

vb0[339]+000 POSITION: 0.008893951773643494, 2.596714973449707, 0.13437142968177795
vb0[339]+012 NORMAL: 0.817696213722229, 0.2808820903301239, 0.5024719834327698
vb0[339]+024 TANGENT: 0.810467004776001, 0.2849734127521515, 0.51179438829422, -1.0
vb0[339]+040 BLENDWEIGHTS: 1.0, 0.0, 0.0, 0.0
vb0[339]+056 BLENDINDICES: 0, 0, 0, 0
vb0[339]+072 COLOR: 1.0, 0.5019607843137255, 0.5019607843137255, 0.5019607843137255
vb0[339]+076 TEXCOORD: 0.47261154651641846, 0.4589710235595703

vb0[340]+000 POSITION: 0.01565641351044178, 2.6009984016418457, 0.12518525123596191
vb0[340]+012 NORMAL: 0.5101593136787415, 0.2677462697029114, 0.8173428773880005
vb0[340]+024 TANGENT: 0.5265733599662781, 0.2616152763366699, 0.8088744282722473, -1.0
vb0[340]+040 BLENDWEIGHTS: 1.0, 0.0, 0.0, 0.0
vb0[340]+056 BLENDINDICES: 0, 0, 0, 0
vb0[340]+072 COLOR: 1.0, 0.5019607843137255, 0.5019607843137255, 0.5019607843137255
vb0[340]+076 TEXCOORD: 0.4513545036315918, 0.47028136253356934

vb0[341]+000 POSITION: 0.01432791631668806, 2.592390775680542, 0.12894120812416077
vb0[341]+012 NORMAL: 0.5807615518569946, 0.23655946552753448, 0.7789452075958252
vb0[341]+024 TANGENT: 0.6076463460922241, 0.24392950534820557, 0.7558202743530273, -1.0
vb0[341]+040 BLENDWEIGHTS: 1.0, 0.0, 0.0, 0.0
vb0[341]+056 BLENDINDICES: 0, 0, 0, 0
vb0[341]+072 COLOR: 1.0, 0.5019607843137255, 0.5019607843137255, 0.5019607843137255
vb0[341]+076 TEXCOORD: 0.4576559066772461, 0.4467731714248657

vb0[342]+000 POSITION: 0.022840891033411026, 2.596510171890259, 0.12275048345327377
vb0[342]+012 NORMAL: 0.42231249809265137, 0.23362213373184204, 0.8758270144462585
vb0[342]+024 TANGENT: 0.4110574722290039, 0.2260431945323944, 0.8831399083137512, -1.0
vb0[342]+040 BLENDWEIGHTS: 1.0, 0.0, 0.0, 0.0
vb0[342]+056 BLENDINDICES: 0, 0, 0, 0
vb0[342]+072 COLOR: 1.0, 0.5019607843137255, 0.5019607843137255, 0.5019607843137255
vb0[342]+076 TEXCOORD: 0.4338815212249756, 0.45627641677856445

vb0[343]+000 POSITION: 0.03382354602217674, 2.5982108116149902, 0.11811722815036774
vb0[343]+012 NORMAL: 0.3573338985443115, 0.22757531702518463, 0.9058266878128052
vb0[343]+024 TANGENT: 0.358732670545578, 0.21793434023857117, 0.9076427817344666, -1.0
vb0[343]+040 BLENDWEIGHTS: 1.0, 0.0, 0.0, 0.0
vb0[343]+056 BLENDINDICES: 0, 0, 0, 0
vb0[343]+072 COLOR: 1.0, 0.5019607843137255, 0.5019607843137255, 0.5019607843137255
vb0[343]+076 TEXCOORD: 0.4065558910369873, 0.4589052200317383

vb0[344]+000 POSITION: 0.020521989092230797, 2.5885748863220215, 0.12543511390686035
vb0[344]+012 NORMAL: 0.4627794921398163, 0.18698352575302124, 0.8665288686752319
vb0[344]+024 TANGENT: 0.44641149044036865, 0.170967698097229, 0.8783432245254517, -1.0
vb0[344]+040 BLENDWEIGHTS: 1.0, 0.0, 0.0, 0.0
vb0[344]+056 BLENDINDICES: 0, 0, 0, 0
vb0[344]+072 COLOR: 1.0, 0.5019607843137255, 0.5019607843137255, 0.5019607843137255
vb0[344]+076 TEXCOORD: 0.44461095333099365, 0.4354492425918579

vb0[345]+000 POSITION: 0.024718211963772774, 2.640293836593628, 0.11485172808170319
vb0[345]+012 NORMAL: 0.3793715536594391, -0.4193103015422821, 0.8247764110565186
vb0[345]+024 TANGENT: 0.39804965257644653, -0.4304196536540985, 0.8101206421852112, -1.0
vb0[345]+040 BLENDWEIGHTS: 1.0, 0.0, 0.0, 0.0
vb0[345]+056 BLENDINDICES: 0, 0, 0, 0
vb0[345]+072 COLOR: 1.0, 0.5019607843137255, 0.5019607843137255, 0.0
vb0[345]+076 TEXCOORD: 0.4257535934448242, 0.5724625587463379

vb0[346]+000 POSITION: 0.03119482845067978, 2.5908589363098145, 0.12049591541290283
vb0[346]+012 NORMAL: 0.3854540288448334, 0.11231900751590729, 0.9158654808998108
vb0[346]+024 TANGENT: 0.3864291310310364, 0.10879050940275192, 0.9158805012702942, -1.0
vb0[346]+040 BLENDWEIGHTS: 1.0, 0.0, 0.0, 0.0
vb0[346]+056 BLENDINDICES: 0, 0, 0, 0
vb0[346]+072 COLOR: 1.0, 0.5019607843137255, 0.5019607843137255, 0.5019607843137255
vb0[346]+076 TEXCOORD: 0.4162787199020386, 0.4390842914581299

vb0[347]+000 POSITION: 0.027882594615221024, 2.584224224090576, 0.12227436155080795
vb0[347]+012 NORMAL: 0.40724027156829834, 0.03014604188501835, 0.9128234386444092
vb0[347]+024 TANGENT: 0.4075869619846344, 0.03031301498413086, 0.9126631021499634, -1.0
vb0[347]+040 BLENDWEIGHTS: 1.0, 0.0, 0.0, 0.0
vb0[347]+056 BLENDINDICES: 0, 0, 0, 0
vb0[347]+072 COLOR: 1.0, 0.5019607843137255, 0.5019607843137255, 0.5019607843137255
vb0[347]+076 TEXCOORD: 0.42702221870422363, 0.42195868492126465

vb0[348]+000 POSITION: 0.039502449333667755, 2.5856404304504395, 0.11713562905788422
vb0[348]+012 NORMAL: 0.4325127601623535, -0.008725705556571484, 0.901585578918457
vb0[348]+024 TANGENT: 0.43343907594680786, -0.010040462017059326, 0.9011269807815552, -1.0
vb0[348]+040 BLENDWEIGHTS: 1.0, 0.0, 0.0, 0.0
vb0[348]+056 BLENDINDICES: 0, 0, 0, 0
vb0[348]+072 COLOR: 1.0, 0.5019607843137255, 0.5019607843137255, 0.5019607843137255
vb0[348]+076 TEXCOORD: 0.3966388702392578, 0.42439210414886475

vb0[349]+000 POSITION: 0.042745377868413925, 2.592733144760132, 0.11542972177267075
vb0[349]+012 NORMAL: 0.41080549359321594, 0.07929079234600067, 0.9082685708999634
vb0[349]+024 TANGENT: 0.41084975004196167, 0.0810149759054184, 0.9080963134765625, -1.0
vb0[349]+040 BLENDWEIGHTS: 1.0, 0.0, 0.0, 0.0
vb0[349]+056 BLENDINDICES: 0, 0, 0, 0
vb0[349]+072 COLOR: 1.0, 0.5019607843137255, 0.5019607843137255, 0.5019607843137255
vb0[349]+076 TEXCOORD: 0.38584744930267334, 0.44287431240081787

vb0[350]+000 POSITION: 0.05064704641699791, 2.588195323944092, 0.1115339919924736
vb0[350]+012 NORMAL: 0.48666417598724365, -0.04976658523082733, 0.8721704483032227
vb0[350]+024 TANGENT: 0.4893226623535156, -0.05187273398041725, 0.8705587983131409, -1.0
vb0[350]+040 BLENDWEIGHTS: 1.0, 0.0, 0.0, 0.0
vb0[350]+056 BLENDINDICES: 0, 0, 0, 0
vb0[350]+072 COLOR: 1.0, 0.5019607843137255, 0.5019607843137255, 0.5019607843137255
vb0[350]+076 TEXCOORD: 0.365772008895874, 0.4295656681060791

vb0[351]+000 POSITION: 0.05306222662329674, 2.5949838161468506, 0.11026692390441895
vb0[351]+012 NORMAL: 0.47486817836761475, 0.12191951274871826, 0.8715708255767822
vb0[351]+024 TANGENT: 0.4806760251522064, 0.08487081527709961, 0.8727814555168152, -1.0
vb0[351]+040 BLENDWEIGHTS: 1.0, 0.0, 0.0, 0.0
vb0[351]+056 BLENDINDICES: 0, 0, 0, 0
vb0[351]+072 COLOR: 1.0, 0.5019607843137255, 0.5019607843137255, 0.5019607843137255
vb0[351]+076 TEXCOORD: 0.35741591453552246, 0.4476802349090576

vb0[352]+000 POSITION: 0.03609563782811165, 2.5792229175567627, 0.11855746060609818
vb0[352]+012 NORMAL: 0.4437335431575775, -0.05609692260622978, 0.8944013118743896
vb0[352]+024 TANGENT: 0.4429421126842499, -0.05392736196517944, 0.894926905632019, -1.0
vb0[352]+040 BLENDWEIGHTS: 1.0, 0.0, 0.0, 0.0
vb0[352]+056 BLENDINDICES: 0, 0, 0, 0
vb0[352]+072 COLOR: 1.0, 0.5019607843137255, 0.5019607843137255, 0.5019607843137255
vb0[352]+076 TEXCOORD: 0.40710973739624023, 0.4082993268966675

vb0[353]+000 POSITION: 0.04731244966387749, 2.5811755657196045, 0.11261409521102905
vb0[353]+012 NORMAL: 0.4964671730995178, -0.12412199378013611, 0.859135627746582
vb0[353]+024 TANGENT: 0.4993649125099182, -0.12644153833389282, 0.857115626335144, -1.0
vb0[353]+040 BLENDWEIGHTS: 1.0, 0.0, 0.0, 0.0
vb0[353]+056 BLENDINDICES: 0, 0, 0, 0
vb0[353]+072 COLOR: 1.0, 0.5019607843137255, 0.5019607843137255, 0.5019607843137255
vb0[353]+076 TEXCOORD: 0.3761082887649536, 0.41127610206604004

vb0[354]+000 POSITION: 0.056960828602313995, 2.5853066444396973, 0.1072649285197258
vb0[354]+012 NORMAL: 0.580967128276825, -0.14242111146450043, 0.8013696670532227
vb0[354]+024 TANGENT: 0.5797588229179382, -0.14208923280239105, 0.8023031949996948, -1.0
vb0[354]+040 BLENDWEIGHTS: 1.0, 0.0, 0.0, 0.0
vb0[354]+056 BLENDINDICES: 0, 0, 0, 0
vb0[354]+072 COLOR: 1.0, 0.5019607843137255, 0.5019607843137255, 0.5019607843137255
vb0[354]+076 TEXCOORD: 0.3482692241668701, 0.4203054904937744

vb0[355]+000 POSITION: 0.06038487330079079, 2.592662811279297, 0.10572025924921036
vb0[355]+012 NORMAL: 0.5952398180961609, -0.05052831023931503, 0.8019578456878662
vb0[355]+024 TANGENT: 0.5949853658676147, -0.04983377829194069, 0.8021901845932007, -1.0
vb0[355]+040 BLENDWEIGHTS: 1.0, 0.0, 0.0, 0.0
vb0[355]+056 BLENDINDICES: 0, 0, 0, 0
vb0[355]+072 COLOR: 1.0, 0.5019607843137255, 0.5019607843137255, 0.5019607843137255
vb0[355]+076 TEXCOORD: 0.33723127841949463, 0.4404904842376709

vb0[356]+000 POSITION: 0.06646508723497391, 2.590444803237915, 0.10012570023536682
vb0[356]+012 NORMAL: 0.7575894594192505, -0.17285291850566864, 0.6294283270835876
vb0[356]+024 TANGENT: 0.7579327821731567, -0.17208005487918854, 0.6292267441749573, -1.0
vb0[356]+040 BLENDWEIGHTS: 1.0, 0.0, 0.0, 0.0
vb0[356]+056 BLENDINDICES: 0, 0, 0, 0
vb0[356]+072 COLOR: 1.0, 0.5019607843137255, 0.5019607843137255, 0.5019607843137255
vb0[356]+076 TEXCOORD: 0.31777894496917725, 0.43362855911254883

vb0[357]+000 POSITION: 0.05312017351388931, 2.578021764755249, 0.10829471051692963
vb0[357]+012 NORMAL: 0.568507969379425, -0.20016807317733765, 0.7979544401168823
vb0[357]+024 TANGENT: 0.5672417879104614, -0.1992497444152832, 0.7990846633911133, -1.0
vb0[357]+040 BLENDWEIGHTS: 1.0, 0.0, 0.0, 0.0
vb0[357]+056 BLENDINDICES: 0, 0, 0, 0
vb0[357]+072 COLOR: 1.0, 0.5019607843137255, 0.5019607843137255, 0.5019607843137255
vb0[357]+076 TEXCOORD: 0.3597010374069214, 0.4013524055480957

vb0[358]+000 POSITION: 0.06277650594711304, 2.5828585624694824, 0.10191003233194351
vb0[358]+012 NORMAL: 0.7294475436210632, -0.2462715059518814, 0.6381666660308838
vb0[358]+024 TANGENT: 0.7269604206085205, -0.2436743527650833, 0.6419901847839355, -1.0
vb0[358]+040 BLENDWEIGHTS: 1.0, 0.0, 0.0, 0.0
vb0[358]+056 BLENDINDICES: 0, 0, 0, 0
vb0[358]+072 COLOR: 1.0, 0.5019607843137255, 0.5019607843137255, 0.5019607843137255
vb0[358]+076 TEXCOORD: 0.32975518703460693, 0.4132094383239746

vb0[359]+000 POSITION: 0.043754614889621735, 2.5740060806274414, 0.11340195685625076
vb0[359]+012 NORMAL: 0.5050102472305298, -0.16397444903850555, 0.8473942279815674
vb0[359]+024 TANGENT: 0.5080761313438416, -0.16647104918956757, 0.84507155418396, -1.0
vb0[359]+040 BLENDWEIGHTS: 1.0, 0.0, 0.0, 0.0
vb0[359]+056 BLENDINDICES: 0, 0, 0, 0
vb0[359]+072 COLOR: 1.0, 0.5019607843137255, 0.5019607843137255, 0.5019607843137255
vb0[359]+076 TEXCOORD: 0.38656628131866455, 0.3933720588684082

vb0[360]+000 POSITION: 0.04915309697389603, 2.5704052448272705, 0.10901018977165222
vb0[360]+012 NORMAL: 0.5693010091781616, -0.23168477416038513, 0.788808286190033
vb0[360]+024 TANGENT: 0.5684062838554382, -0.23074479401111603, 0.7897285223007202, -1.0
vb0[360]+040 BLENDWEIGHTS: 1.0, 0.0, 0.0, 0.0
vb0[360]+056 BLENDINDICES: 0, 0, 0, 0
vb0[360]+072 COLOR: 1.0, 0.5019607843137255, 0.5019607843137255, 0.5019607843137255
vb0[360]+076 TEXCOORD: 0.37083959579467773, 0.3824359178543091

vb0[361]+000 POSITION: 0.05855144187808037, 2.574985980987549, 0.10313866287469864
vb0[361]+012 NORMAL: 0.6986722350120544, -0.29776984453201294, 0.6505307555198669
vb0[361]+024 TANGENT: 0.6962857842445374, -0.2963910698890686, 0.6537113189697266, -1.0
vb0[361]+040 BLENDWEIGHTS: 1.0, 0.0, 0.0, 0.0
vb0[361]+056 BLENDINDICES: 0, 0, 0, 0
vb0[361]+072 COLOR: 1.0, 0.5019607843137255, 0.5019607843137255, 0.5019607843137255
vb0[361]+076 TEXCOORD: 0.3423258066177368, 0.3922863006591797

vb0[362]+000 POSITION: 0.0666271224617958, 2.5808768272399902, 0.09456341713666916
vb0[362]+012 NORMAL: 0.8340092897415161, -0.3180944621562958, 0.4508262872695923
vb0[362]+024 TANGENT: 0.8325712084770203, -0.3151599168777466, 0.45552101731300354, -1.0
vb0[362]+040 BLENDWEIGHTS: 1.0, 0.0, 0.0, 0.0
vb0[362]+056 BLENDINDICES: 0, 0, 0, 0
vb0[362]+072 COLOR: 1.0, 0.5019607843137255, 0.5019607843137255, 0.5019607843137255
vb0[362]+076 TEXCOORD: 0.31135857105255127, 0.40524721145629883

vb0[363]+000 POSITION: 0.07019200176000595, 2.588630199432373, 0.09276294708251953
vb0[363]+012 NORMAL: 0.863503098487854, -0.26259762048721313, 0.430586576461792
vb0[363]+024 TANGENT: 0.8620471954345703, -0.2596516013145447, 0.4352651834487915, -1.0
vb0[363]+040 BLENDWEIGHTS: 1.0, 0.0, 0.0, 0.0
vb0[363]+056 BLENDINDICES: 0, 0, 0, 0
vb0[363]+072 COLOR: 1.0, 0.5019607843137255, 0.5019607843137255, 0.5019607843137255
vb0[363]+076 TEXCOORD: 0.29852795600891113, 0.42583608627319336

vb0[364]+000 POSITION: 0.06216556578874588, 2.5725746154785156, 0.09631374478340149
vb0[364]+012 NORMAL: 0.8005504608154297, -0.3651124835014343, 0.4751967191696167
vb0[364]+024 TANGENT: 0.7978796362876892, -0.3636907935142517, 0.48074641823768616, -1.0
vb0[364]+040 BLENDWEIGHTS: 1.0, 0.0, 0.0, 0.0
vb0[364]+056 BLENDINDICES: 0, 0, 0, 0
vb0[364]+072 COLOR: 1.0, 0.5019607843137255, 0.5019607843137255, 0.5019607843137255
vb0[364]+076 TEXCOORD: 0.325864315032959, 0.3823277950286865

vb0[365]+000 POSITION: 0.07010103017091751, 2.5789592266082764, 0.08562612533569336
vb0[365]+012 NORMAL: 0.8844848275184631, -0.35513755679130554, 0.3025951683521271
vb0[365]+024 TANGENT: 0.881084680557251, -0.3471894860267639, 0.32116854190826416, -1.0
vb0[365]+040 BLENDWEIGHTS: 1.0, 0.0, 0.0, 0.0
vb0[365]+056 BLENDINDICES: 0, 0, 0, 0
vb0[365]+072 COLOR: 1.0, 0.5019607843137255, 0.5019607843137255, 0.5019607843137255
vb0[365]+076 TEXCOORD: 0.29009830951690674, 0.39690184593200684

vb0[366]+000 POSITION: 0.06561698019504547, 2.570202589035034, 0.0876588523387909
vb0[366]+012 NORMAL: 0.8532980680465698, -0.408882200717926, 0.32357028126716614
vb0[366]+024 TANGENT: 0.8486862182617188, -0.40382570028305054, 0.3415501117706299, -1.0
vb0[366]+040 BLENDWEIGHTS: 1.0, 0.0, 0.0, 0.0
vb0[366]+056 BLENDINDICES: 0, 0, 0, 0
vb0[366]+072 COLOR: 1.0, 0.5019607843137255, 0.5019607843137255, 0.5019607843137255
vb0[366]+076 TEXCOORD: 0.3064594268798828, 0.37283432483673096

vb0[367]+000 POSITION: 0.07296627014875412, 2.5768826007843018, 0.07140643149614334
vb0[367]+012 NORMAL: 0.909019947052002, -0.3717234134674072, 0.1884264051914215
vb0[367]+024 TANGENT: 0.9097285866737366, -0.3695273697376251, 0.18932391703128815, -1.0
vb0[367]+040 BLENDWEIGHTS: 1.0, 0.0, 0.0, 0.0
vb0[367]+056 BLENDINDICES: 0, 0, 0, 0
vb0[367]+072 COLOR: 1.0, 0.5019607843137255, 0.5019607843137255, 0.5019607843137255
vb0[367]+076 TEXCOORD: 0.2575850486755371, 0.38416314125061035

vb0[368]+000 POSITION: 0.06843602657318115, 2.5680174827575684, 0.07415878027677536
vb0[368]+012 NORMAL: 0.8782132863998413, -0.4351145625114441, 0.1985364556312561
vb0[368]+024 TANGENT: 0.8776622414588928, -0.43469786643981934, 0.20185817778110504, -1.0
vb0[368]+040 BLENDWEIGHTS: 1.0, 0.0, 0.0, 0.0
vb0[368]+056 BLENDINDICES: 0, 0, 0, 0
vb0[368]+072 COLOR: 1.0, 0.5019607843137255, 0.5019607843137255, 0.5019607843137255
vb0[368]+076 TEXCOORD: 0.2763556241989136, 0.3602626323699951

vb0[369]+000 POSITION: 0.0746447816491127, 2.575204372406006, 0.05657246336340904
vb0[369]+012 NORMAL: 0.917218804359436, -0.3811952471733093, 0.11575794965028763
vb0[369]+024 TANGENT: 0.9179400205612183, -0.37970027327537537, 0.11495101451873779, -1.0
vb0[369]+040 BLENDWEIGHTS: 1.0, 0.0, 0.0, 0.0
vb0[369]+056 BLENDINDICES: 0, 0, 0, 0
vb0[369]+072 COLOR: 1.0, 0.5019607843137255, 0.5019607843137255, 0.5019607843137255
vb0[369]+076 TEXCOORD: 0.2221686840057373, 0.369281530380249

vb0[370]+000 POSITION: 0.07041764259338379, 2.5666310787200928, 0.05838273838162422
vb0[370]+012 NORMAL: 0.8794540166854858, -0.46017220616340637, 0.12166424095630646
vb0[370]+024 TANGENT: 0.8794670104980469, -0.46041440963745117, 0.12064896523952484, -1.0
vb0[370]+040 BLENDWEIGHTS: 1.0, 0.0, 0.0, 0.0
vb0[370]+056 BLENDINDICES: 0, 0, 0, 0
vb0[370]+072 COLOR: 1.0, 0.5019607843137255, 0.5019607843137255, 0.5019607843137255
vb0[370]+076 TEXCOORD: 0.23813486099243164, 0.3468230962753296

vb0[371]+000 POSITION: 0.05398692935705185, 2.5669915676116943, 0.10387297719717026
vb0[371]+012 NORMAL: 0.6865345239639282, -0.32961997389793396, 0.6480903029441833
vb0[371]+024 TANGENT: 0.6856222152709961, -0.3289964199066162, 0.6493715643882751, -1.0
vb0[371]+040 BLENDWEIGHTS: 1.0, 0.0, 0.0, 0.0
vb0[371]+056 BLENDINDICES: 0, 0, 0, 0
vb0[371]+072 COLOR: 1.0, 0.5019607843137255, 0.5019607843137255, 0.5019607843137255
vb0[371]+076 TEXCOORD: 0.3549255132675171, 0.37153124809265137

vb0[372]+000 POSITION: 0.07367166131734848, 2.5867137908935547, 0.08348248153924942
vb0[372]+012 NORMAL: 0.9114317297935486, -0.29586300253868103, 0.28593239188194275
vb0[372]+024 TANGENT: 0.9085525870323181, -0.28868359327316284, 0.3019833564758301, -1.0
vb0[372]+040 BLENDWEIGHTS: 1.0, 0.0, 0.0, 0.0
vb0[372]+056 BLENDINDICES: 0, 0, 0, 0
vb0[372]+072 COLOR: 1.0, 0.5019607843137255, 0.5019607843137255, 0.5019607843137255
vb0[372]+076 TEXCOORD: 0.2766839265823364, 0.4179595708847046

vb0[373]+000 POSITION: 0.07637342065572739, 2.58494234085083, 0.06930408626794815
vb0[373]+012 NORMAL: 0.9325284361839294, -0.3164690434932709, 0.17389117181301117
vb0[373]+024 TANGENT: 0.9327821731567383, -0.3156414031982422, 0.1740344762802124, -1.0
vb0[373]+040 BLENDWEIGHTS: 1.0, 0.0, 0.0, 0.0
vb0[373]+056 BLENDINDICES: 0, 0, 0, 0
vb0[373]+072 COLOR: 1.0, 0.5019607843137255, 0.5019607843137255, 0.5019607843137255
vb0[373]+076 TEXCOORD: 0.24300312995910645, 0.4054255485534668

vb0[374]+000 POSITION: 0.07789751142263412, 2.5836310386657715, 0.05482166260480881
vb0[374]+012 NORMAL: 0.9398858547210693, -0.32347068190574646, 0.1094592809677124
vb0[374]+024 TANGENT: 0.9400712251663208, -0.3230307996273041, 0.10916554182767868, -1.0
vb0[374]+040 BLENDWEIGHTS: 1.0, 0.0, 0.0, 0.0
vb0[374]+056 BLENDINDICES: 0, 0, 0, 0
vb0[374]+072 COLOR: 1.0, 0.5019607843137255, 0.5019607843137255, 0.5019607843137255
vb0[374]+076 TEXCOORD: 0.20717966556549072, 0.39061594009399414

vb0[375]+000 POSITION: 0.0788632482290268, 2.582672595977783, 0.04048268124461174
vb0[375]+012 NORMAL: 0.9394546747207642, -0.34074923396110535, 0.036259692162275314
vb0[375]+024 TANGENT: 0.9390721917152405, -0.34286975860595703, 0.02415907382965088, -1.0
vb0[375]+040 BLENDWEIGHTS: 1.0, 0.0, 0.0, 0.0
vb0[375]+056 BLENDINDICES: 0, 0, 0, 0
vb0[375]+072 COLOR: 1.0, 0.5019607843137255, 0.5019607843137255, 0.5019607843137255
vb0[375]+076 TEXCOORD: 0.17311394214630127, 0.37397289276123047

vb0[376]+000 POSITION: 0.05734582617878914, 2.5644049644470215, 0.09743081033229828
vb0[376]+012 NORMAL: 0.7809892892837524, -0.39512157440185547, 0.4836680293083191
vb0[376]+024 TANGENT: 0.7784420847892761, -0.3927459120750427, 0.4896719455718994, -1.0
vb0[376]+040 BLENDWEIGHTS: 1.0, 0.0, 0.0, 0.0
vb0[376]+056 BLENDINDICES: 0, 0, 0, 0
vb0[376]+072 COLOR: 1.0, 0.5019607843137255, 0.5019607843137255, 0.5019607843137255
vb0[376]+076 TEXCOORD: 0.34047842025756836, 0.36131608486175537

vb0[377]+000 POSITION: 0.060654543340206146, 2.561948299407959, 0.08892358839511871
vb0[377]+012 NORMAL: 0.8312619924545288, -0.4424631595611572, 0.336496502161026
vb0[377]+024 TANGENT: 0.827242374420166, -0.4382317364215851, 0.3516007661819458, -1.0
vb0[377]+040 BLENDWEIGHTS: 1.0, 0.0, 0.0, 0.0
vb0[377]+056 BLENDINDICES: 0, 0, 0, 0
vb0[377]+072 COLOR: 1.0, 0.5019607843137255, 0.5019607843137255, 0.5019607843137255
vb0[377]+076 TEXCOORD: 0.3214606046676636, 0.3499436378479004

vb0[378]+000 POSITION: 0.06344476342201233, 2.560004234313965, 0.07679815590381622
vb0[378]+012 NORMAL: 0.8583466410636902, -0.46760082244873047, 0.21116450428962708
vb0[378]+024 TANGENT: 0.8581051230430603, -0.4647490978240967, 0.21832086145877838, -1.0
vb0[378]+040 BLENDWEIGHTS: 1.0, 0.0, 0.0, 0.0
vb0[378]+056 BLENDINDICES: 0, 0, 0, 0
vb0[378]+072 COLOR: 1.0, 0.5019607843137255, 0.5019607843137255, 0.5019607843137255
vb0[378]+076 TEXCOORD: 0.29525983333587646, 0.3383035659790039

vb0[379]+000 POSITION: 0.06536559760570526, 2.558640956878662, 0.060666926205158234
vb0[379]+012 NORMAL: 0.8559210300445557, -0.5012468695640564, 0.12708626687526703
vb0[379]+024 TANGENT: 0.8559442758560181, -0.5013837814331055, 0.12638737261295319, -1.0
vb0[379]+040 BLENDWEIGHTS: 1.0, 0.0, 0.0, 0.0
vb0[379]+056 BLENDINDICES: 0, 0, 0, 0
vb0[379]+072 COLOR: 1.0, 0.5019607843137255, 0.5019607843137255, 0.5019607843137255
vb0[379]+076 TEXCOORD: 0.25769269466400146, 0.32562553882598877

vb0[380]+000 POSITION: 0.07552066445350647, 2.5741658210754395, 0.04191671311855316
vb0[380]+012 NORMAL: 0.9195008277893066, -0.39177265763282776, 0.03213128447532654
vb0[380]+024 TANGENT: 0.9188891649246216, -0.39409321546554565, 0.01825416088104248, -1.0
vb0[380]+040 BLENDWEIGHTS: 1.0, 0.0, 0.0, 0.0
vb0[380]+056 BLENDINDICES: 0, 0, 0, 0
vb0[380]+072 COLOR: 1.0, 0.5019607843137255, 0.5019607843137255, 0.5019607843137255
vb0[380]+076 TEXCOORD: 0.18697679042816162, 0.35251522064208984

vb0[381]+000 POSITION: 0.07163684070110321, 2.5657784938812256, 0.04334460198879242
vb0[381]+012 NORMAL: 0.885313093662262, -0.46335530281066895, 0.03901951014995575
vb0[381]+024 TANGENT: 0.8841869831085205, -0.4667208194732666, 0.019622325897216797, -1.0
vb0[381]+040 BLENDWEIGHTS: 1.0, 0.0, 0.0, 0.0
vb0[381]+056 BLENDINDICES: 0, 0, 0, 0
vb0[381]+072 COLOR: 1.0, 0.5019607843137255, 0.5019607843137255, 0.5019607843137255
vb0[381]+076 TEXCOORD: 0.20263910293579102, 0.3313441276550293

vb0[382]+000 POSITION: 0.06681361049413681, 2.5577025413513184, 0.04514066129922867
vb0[382]+012 NORMAL: 0.861330509185791, -0.505351722240448, 0.052244290709495544
vb0[382]+024 TANGENT: 0.8596058487892151, -0.510019838809967, 0.03094637580215931, -1.0
vb0[382]+040 BLENDWEIGHTS: 1.0, 0.0, 0.0, 0.0
vb0[382]+056 BLENDINDICES: 0, 0, 0, 0
vb0[382]+072 COLOR: 1.0, 0.5019607843137255, 0.5019607843137255, 0.5019607843137255
vb0[382]+076 TEXCOORD: 0.2205047607421875, 0.3108937740325928

vb0[383]+000 POSITION: 0.07105951756238937, 2.565959930419922, 0.033870890736579895
vb0[383]+012 NORMAL: 0.8742257952690125, -0.48108112812042236, -0.06549955159425735
vb0[383]+024 TANGENT: 0.8753154873847961, -0.4791080057621002, -0.06540900468826294, -1.0
vb0[383]+040 BLENDWEIGHTS: 1.0, 0.0, 0.0, 0.0
vb0[383]+056 BLENDINDICES: 0, 0, 0, 0
vb0[383]+072 COLOR: 1.0, 0.5019607843137255, 0.5019607843137255, 0.5019607843137255
vb0[383]+076 TEXCOORD: 0.1828681230545044, 0.3179440498352051

vb0[384]+000 POSITION: 0.06611036509275436, 2.557887315750122, 0.03590977564454079
vb0[384]+012 NORMAL: 0.8416193723678589, -0.5348624587059021, -0.07482562214136124
vb0[384]+024 TANGENT: 0.8416193723678589, -0.5348624587059021, -0.07482563704252243, -1.0
vb0[384]+040 BLENDWEIGHTS: 1.0, 0.0, 0.0, 0.0
vb0[384]+056 BLENDINDICES: 0, 0, 0, 0
vb0[384]+072 COLOR: 1.0, 0.5019607843137255, 0.5019607843137255, 0.5019607843137255
vb0[384]+076 TEXCOORD: 0.1998528242111206, 0.29952287673950195

vb0[385]+000 POSITION: 0.07864769548177719, 2.583073616027832, 0.030824756249785423
vb0[385]+012 NORMAL: 0.9333115816116333, -0.35725560784339905, -0.03602641075849533
vb0[385]+024 TANGENT: 0.9332247376441956, -0.35742464661598206, -0.03659408912062645, -1.0
vb0[385]+040 BLENDWEIGHTS: 1.0, 0.0, 0.0, 0.0
vb0[385]+056 BLENDINDICES: 0, 0, 0, 0
vb0[385]+072 COLOR: 1.0, 0.5019607843137255, 0.5019607843137255, 0.5019607843137255
vb0[385]+076 TEXCOORD: 0.14679169654846191, 0.3614143133163452

vb0[386]+000 POSITION: 0.08177543431520462, 2.5910637378692627, 0.03905954211950302
vb0[386]+012 NORMAL: 0.9505135416984558, -0.3080359697341919, 0.04047122225165367
vb0[386]+024 TANGENT: 0.9502939581871033, -0.30962175130844116, 0.03279757499694824, -1.0
vb0[386]+040 BLENDWEIGHTS: 1.0, 0.0, 0.0, 0.0
vb0[386]+056 BLENDINDICES: 0, 0, 0, 0
vb0[386]+072 COLOR: 1.0, 0.5019607843137255, 0.5019607843137255, 0.5019607843137255
vb0[386]+076 TEXCOORD: 0.15857553482055664, 0.3968350887298584

vb0[387]+000 POSITION: 0.07473324239253998, 2.573669672012329, 0.03242398798465729
vb0[387]+012 NORMAL: 0.9104042649269104, -0.40983840823173523, -0.05653734877705574
vb0[387]+024 TANGENT: 0.9096817970275879, -0.41141462326049805, -0.056718528270721436, -1.0
vb0[387]+040 BLENDWEIGHTS: 1.0, 0.0, 0.0, 0.0
vb0[387]+056 BLENDINDICES: 0, 0, 0, 0
vb0[387]+072 COLOR: 1.0, 0.5019607843137255, 0.5019607843137255, 0.5019607843137255
vb0[387]+076 TEXCOORD: 0.16544294357299805, 0.3380035161972046

vb0[388]+000 POSITION: 0.07905296236276627, 2.5928099155426025, 0.0674816220998764
vb0[388]+012 NORMAL: 0.9479469060897827, -0.2694893777370453, 0.16962338984012604
vb0[388]+024 TANGENT: 0.9480065107345581, -0.2689628005027771, 0.17012560367584229, -1.0
vb0[388]+040 BLENDWEIGHTS: 1.0, 0.0, 0.0, 0.0
vb0[388]+056 BLENDINDICES: 0, 0, 0, 0
vb0[388]+072 COLOR: 1.0, 0.5019607843137255, 0.5019607843137255, 0.5019607843137255
vb0[388]+076 TEXCOORD: 0.22988367080688477, 0.42635977268218994

vb0[389]+000 POSITION: 0.08067485690116882, 2.5917117595672607, 0.053164251148700714
vb0[389]+012 NORMAL: 0.9516676664352417, -0.2873228192329407, 0.10850922763347626
vb0[389]+024 TANGENT: 0.9516456723213196, -0.2874440550804138, 0.10838091373443604, -1.0
vb0[389]+040 BLENDWEIGHTS: 1.0, 0.0, 0.0, 0.0
vb0[389]+056 BLENDINDICES: 0, 0, 0, 0
vb0[389]+072 COLOR: 1.0, 0.5019607843137255, 0.5019607843137255, 0.5019607843137255
vb0[389]+076 TEXCOORD: 0.1934049129486084, 0.41158223152160645

vb0[390]+000 POSITION: 0.08319549262523651, 2.599907875061035, 0.05147208273410797
vb0[390]+012 NORMAL: 0.957892894744873, -0.26519718766212463, 0.11005330830812454
vb0[390]+024 TANGENT: 0.957880437374115, -0.26534584164619446, 0.10980332642793655, -1.0
vb0[390]+040 BLENDWEIGHTS: 1.0, 0.0, 0.0, 0.0
vb0[390]+056 BLENDINDICES: 0, 0, 0, 0
vb0[390]+072 COLOR: 1.0, 0.5019607843137255, 0.5019607843137255, 0.5019607843137255
vb0[390]+076 TEXCOORD: 0.18069911003112793, 0.4341545104980469

vb0[391]+000 POSITION: 0.08452044427394867, 2.599949359893799, 0.03749141842126846
vb0[391]+012 NORMAL: 0.9562985897064209, -0.2875376045703888, 0.053058333694934845
vb0[391]+024 TANGENT: 0.9568190574645996, -0.28607380390167236, 0.05156659707427025, -1.0
vb0[391]+040 BLENDWEIGHTS: 1.0, 0.0, 0.0, 0.0
vb0[391]+056 BLENDINDICES: 0, 0, 0, 0
vb0[391]+072 COLOR: 1.0, 0.5019607843137255, 0.5019607843137255, 0.5019607843137255
vb0[391]+076 TEXCOORD: 0.1448153257369995, 0.4223436117172241

vb0[392]+000 POSITION: 0.0869976207613945, 2.6084792613983154, 0.03613916039466858
vb0[392]+012 NORMAL: 0.9612812995910645, -0.26455891132354736, 0.07711508125066757
vb0[392]+024 TANGENT: 0.9612663388252258, -0.2654649615287781, 0.07413125783205032, -1.0
vb0[392]+040 BLENDWEIGHTS: 1.0, 0.0, 0.0, 0.0
vb0[392]+056 BLENDINDICES: 0, 0, 0, 0
vb0[392]+072 COLOR: 1.0, 0.5019607843137255, 0.5019607843137255, 0.5019607843137255
vb0[392]+076 TEXCOORD: 0.13369512557983398, 0.4477229118347168

vb0[393]+000 POSITION: 0.08765051513910294, 2.6088011264801025, 0.026166817173361778
vb0[393]+012 NORMAL: 0.9562048316001892, -0.2898755371570587, 0.04055238887667656
vb0[393]+024 TANGENT: 0.9572371244430542, -0.28591108322143555, 0.044181108474731445, -1.0
vb0[393]+040 BLENDWEIGHTS: 1.0, 0.0, 0.0, 0.0
vb0[393]+056 BLENDINDICES: 0, 0, 0, 0
vb0[393]+072 COLOR: 1.0, 0.5019607843137255, 0.5019607843137255, 0.5019607843137255
vb0[393]+076 TEXCOORD: 0.10126209259033203, 0.439866304397583

vb0[394]+000 POSITION: 0.09053567796945572, 2.618461847305298, 0.02450990304350853
vb0[394]+012 NORMAL: 0.9597358703613281, -0.2733461260795593, 0.06472114473581314
vb0[394]+024 TANGENT: 0.9598091244697571, -0.2731432020664215, 0.0644916296005249, -1.0
vb0[394]+040 BLENDWEIGHTS: 1.0, 0.0, 0.0, 0.0
vb0[394]+056 BLENDINDICES: 0, 0, 0, 0
vb0[394]+072 COLOR: 1.0, 0.5019607843137255, 0.5019607843137255, 0.5019607843137255
vb0[394]+076 TEXCOORD: 0.08737146854400635, 0.4718332290649414

vb0[395]+000 POSITION: 0.08969409018754959, 2.618025541305542, 0.03473974019289017
vb0[395]+012 NORMAL: 0.9629398584365845, -0.2551930844783783, 0.0873122438788414
vb0[395]+024 TANGENT: 0.9628581404685974, -0.25618645548820496, 0.08527969568967819, -1.0
vb0[395]+040 BLENDWEIGHTS: 1.0, 0.0, 0.0, 0.0
vb0[395]+056 BLENDINDICES: 0, 0, 0, 0
vb0[395]+072 COLOR: 1.0, 0.5019607843137255, 0.5019607843137255, 0.5019607843137255
vb0[395]+076 TEXCOORD: 0.12209784984588623, 0.475486159324646

vb0[396]+000 POSITION: 0.08562297374010086, 2.60829758644104, 0.05005944147706032
vb0[396]+012 NORMAL: 0.961086630821228, -0.2500518262386322, 0.11741645634174347
vb0[396]+024 TANGENT: 0.96108078956604, -0.2503220736980438, 0.11688768863677979, -1.0
vb0[396]+040 BLENDWEIGHTS: 1.0, 0.0, 0.0, 0.0
vb0[396]+056 BLENDINDICES: 0, 0, 0, 0
vb0[396]+072 COLOR: 1.0, 0.5019607843137255, 0.5019607843137255, 0.5019607843137255
vb0[396]+076 TEXCOORD: 0.17011070251464844, 0.45720887184143066

vb0[397]+000 POSITION: 0.08816814422607422, 2.61769700050354, 0.04876169189810753
vb0[397]+012 NORMAL: 0.9634037613868713, -0.23683162033557892, 0.12555469572544098
vb0[397]+024 TANGENT: 0.9633805155754089, -0.23667371273040771, 0.12602998316287994, -1.0
vb0[397]+040 BLENDWEIGHTS: 1.0, 0.0, 0.0, 0.0
vb0[397]+056 BLENDINDICES: 0, 0, 0, 0
vb0[397]+072 COLOR: 1.0, 0.5019607843137255, 0.5019607843137255, 0.5019607843137255
vb0[397]+076 TEXCOORD: 0.15998995304107666, 0.4820157289505005

vb0[398]+000 POSITION: 0.08342884480953217, 2.608124256134033, 0.06431710720062256
vb0[398]+012 NORMAL: 0.9579476714134216, -0.22169624269008636, 0.18217290937900543
vb0[398]+024 TANGENT: 0.9578871726989746, -0.22123688459396362, 0.18304753303527832, -1.0
vb0[398]+040 BLENDWEIGHTS: 1.0, 0.0, 0.0, 0.0
vb0[398]+056 BLENDINDICES: 0, 0, 0, 0
vb0[398]+072 COLOR: 1.0, 0.5019607843137255, 0.5019607843137255, 0.5019607843137255
vb0[398]+076 TEXCOORD: 0.20675313472747803, 0.46629416942596436

vb0[399]+000 POSITION: 0.08570202440023422, 2.616699695587158, 0.0628538504242897
vb0[399]+012 NORMAL: 0.9578194618225098, -0.214699387550354, 0.19101335108280182
vb0[399]+024 TANGENT: 0.9574616551399231, -0.21349236369132996, 0.1941342055797577, -1.0
vb0[399]+040 BLENDWEIGHTS: 1.0, 0.0, 0.0, 0.0
vb0[399]+056 BLENDINDICES: 0, 0, 0, 0
vb0[399]+072 COLOR: 1.0, 0.5019607843137255, 0.5019607843137255, 0.5019607843137255
vb0[399]+076 TEXCOORD: 0.1983269453048706, 0.4895820617675781

vb0[400]+000 POSITION: 0.08131977170705795, 2.6002049446105957, 0.06587043404579163
vb0[400]+012 NORMAL: 0.9554630517959595, -0.23870202898979187, 0.17352725565433502
vb0[400]+024 TANGENT: 0.9553497433662415, -0.2387790083885193, 0.1740446239709854, -1.0
vb0[400]+040 BLENDWEIGHTS: 1.0, 0.0, 0.0, 0.0
vb0[400]+056 BLENDINDICES: 0, 0, 0, 0
vb0[400]+072 COLOR: 1.0, 0.5019607843137255, 0.5019607843137255, 0.5019607843137255
vb0[400]+076 TEXCOORD: 0.21820485591888428, 0.44601690769195557

vb0[401]+000 POSITION: 0.08045750111341476, 2.6085846424102783, 0.07757771015167236
vb0[401]+012 NORMAL: 0.9473426938056946, -0.18564406037330627, 0.26091787219047546
vb0[401]+024 TANGENT: 0.9454382658004761, -0.1814943104982376, 0.27056685090065, -1.0
vb0[401]+040 BLENDWEIGHTS: 1.0, 0.0, 0.0, 0.0
vb0[401]+056 BLENDINDICES: 0, 0, 0, 0
vb0[401]+072 COLOR: 1.0, 0.5019607843137255, 0.5019607843137255, 0.5019607843137255
vb0[401]+076 TEXCOORD: 0.2434169054031372, 0.4771003723144531

vb0[402]+000 POSITION: 0.08227768540382385, 2.615823268890381, 0.07573056221008301
vb0[402]+012 NORMAL: 0.947116494178772, -0.1817987859249115, 0.2644229531288147
vb0[402]+024 TANGENT: 0.9452069997787476, -0.18168140947818756, 0.271248459815979, -1.0
vb0[402]+040 BLENDWEIGHTS: 1.0, 0.0, 0.0, 0.0
vb0[402]+056 BLENDINDICES: 0, 0, 0, 0
vb0[402]+072 COLOR: 1.0, 0.5019607843137255, 0.5019607843137255, 0.5019607843137255
vb0[402]+076 TEXCOORD: 0.23468005657196045, 0.4959568977355957

vb0[403]+000 POSITION: 0.08379627019166946, 2.6218326091766357, 0.07470200955867767
vb0[403]+012 NORMAL: 0.9449024796485901, -0.1979210078716278, 0.2607426047325134
vb0[403]+024 TANGENT: 0.9427101016044617, -0.19645775854587555, 0.2696331739425659, -1.0
vb0[403]+040 BLENDWEIGHTS: 1.0, 0.0, 0.0, 0.0
vb0[403]+056 BLENDINDICES: 0, 0, 0, 0
vb0[403]+072 COLOR: 1.0, 0.5019607843137255, 0.5019607843137255, 0.5019607843137255
vb0[403]+076 TEXCOORD: 0.22863781452178955, 0.5120542049407959

vb0[404]+000 POSITION: 0.07776477932929993, 2.609290599822998, 0.08600951731204987
vb0[404]+012 NORMAL: 0.912757158279419, -0.14754384756088257, 0.38092687726020813
vb0[404]+024 TANGENT: 0.9084502458572388, -0.141976460814476, 0.39314207434654236, -1.0
vb0[404]+040 BLENDWEIGHTS: 1.0, 0.0, 0.0, 0.0
vb0[404]+056 BLENDINDICES: 0, 0, 0, 0
vb0[404]+072 COLOR: 1.0, 0.5019607843137255, 0.5019607843137255, 0.34901960784313724
vb0[404]+076 TEXCOORD: 0.2666015625, 0.4830498695373535

vb0[405]+000 POSITION: 0.07981497794389725, 2.6162209510803223, 0.08365293592214584
vb0[405]+012 NORMAL: 0.9169702529907227, -0.15378278493881226, 0.3681255877017975
vb0[405]+024 TANGENT: 0.9108133316040039, -0.14832760393619537, 0.38525059819221497, -1.0
vb0[405]+040 BLENDWEIGHTS: 1.0, 0.0, 0.0, 0.0
vb0[405]+056 BLENDINDICES: 0, 0, 0, 0
vb0[405]+072 COLOR: 1.0, 0.5019607843137255, 0.5019607843137255, 0.25098039215686274
vb0[405]+076 TEXCOORD: 0.25589263439178467, 0.501636266708374

vb0[406]+000 POSITION: 0.08144322037696838, 2.622217893600464, 0.08223902434110641
vb0[406]+012 NORMAL: 0.9126344323158264, -0.17769783735275269, 0.36813288927078247
vb0[406]+024 TANGENT: 0.9112568497657776, -0.17591147124767303, 0.37237879633903503, -1.0
vb0[406]+040 BLENDWEIGHTS: 1.0, 0.0, 0.0, 0.0
vb0[406]+056 BLENDINDICES: 0, 0, 0, 0
vb0[406]+072 COLOR: 1.0, 0.5019607843137255, 0.5019607843137255, 0.25098039215686274
vb0[406]+076 TEXCOORD: 0.24904680252075195, 0.5182623863220215

vb0[407]+000 POSITION: 0.07838504761457443, 2.6010537147521973, 0.07964622229337692
vb0[407]+012 NORMAL: 0.9427659511566162, -0.20325104892253876, 0.2643507122993469
vb0[407]+024 TANGENT: 0.940366268157959, -0.20080536603927612, 0.2745693624019623, -1.0
vb0[407]+040 BLENDWEIGHTS: 1.0, 0.0, 0.0, 0.0
vb0[407]+056 BLENDINDICES: 0, 0, 0, 0
vb0[407]+072 COLOR: 1.0, 0.5019607843137255, 0.5019607843137255, 0.5019607843137255
vb0[407]+076 TEXCOORD: 0.2537543773651123, 0.45678234100341797

vb0[408]+000 POSITION: 0.07634305953979492, 2.5943405628204346, 0.08151733130216599
vb0[408]+012 NORMAL: 0.9319776892662048, -0.23855821788311005, 0.2729608416557312
vb0[408]+024 TANGENT: 0.929355800151825, -0.2322133630514145, 0.2870098054409027, -1.0
vb0[408]+040 BLENDWEIGHTS: 1.0, 0.0, 0.0, 0.0
vb0[408]+056 BLENDINDICES: 0, 0, 0, 0
vb0[408]+072 COLOR: 1.0, 0.5019607843137255, 0.5019607843137255, 0.5019607843137255
vb0[408]+076 TEXCOORD: 0.2640339136123657, 0.43859052658081055

vb0[409]+000 POSITION: 0.07543987035751343, 2.6021037101745605, 0.08866927027702332
vb0[409]+012 NORMAL: 0.9020965695381165, -0.1694377213716507, 0.39687833189964294
vb0[409]+024 TANGENT: 0.8991740942001343, -0.16662397980690002, 0.40462642908096313, -1.0
vb0[409]+040 BLENDWEIGHTS: 1.0, 0.0, 0.0, 0.0
vb0[409]+056 BLENDINDICES: 0, 0, 0, 0
vb0[409]+072 COLOR: 1.0, 0.5019607843137255, 0.5019607843137255, 0.5019607843137255
vb0[409]+076 TEXCOORD: 0.27600646018981934, 0.4636315107345581

vb0[410]+000 POSITION: 0.07313140481710434, 2.5958993434906006, 0.09075560420751572
vb0[410]+012 NORMAL: 0.8861441016197205, -0.21777847409248352, 0.4090489447116852
vb0[410]+024 TANGENT: 0.8845447301864624, -0.2128920555114746, 0.4150393009185791, -1.0
vb0[410]+040 BLENDWEIGHTS: 1.0, 0.0, 0.0, 0.0
vb0[410]+056 BLENDINDICES: 0, 0, 0, 0
vb0[410]+072 COLOR: 1.0, 0.5019607843137255, 0.5019607843137255, 0.5019607843137255
vb0[410]+076 TEXCOORD: 0.2859302759170532, 0.44634807109832764

vb0[411]+000 POSITION: 0.06962966918945312, 2.597740411758423, 0.09775754064321518
vb0[411]+012 NORMAL: 0.7803604602813721, -0.10564056038856506, 0.6163421869277954
vb0[411]+024 TANGENT: 0.7811761498451233, -0.10001318901777267, 0.6162475943565369, -1.0
vb0[411]+040 BLENDWEIGHTS: 1.0, 0.0, 0.0, 0.0
vb0[411]+056 BLENDINDICES: 0, 0, 0, 0
vb0[411]+072 COLOR: 1.0, 0.5019607843137255, 0.5019607843137255, 0.5019607843137255
vb0[411]+076 TEXCOORD: 0.30547022819519043, 0.4535226821899414

vb0[412]+000 POSITION: 0.07204306125640869, 2.603529214859009, 0.09508682787418365
vb0[412]+012 NORMAL: 0.8093796372413635, -0.04850844666361809, 0.5852789878845215
vb0[412]+024 TANGENT: 0.8038710355758667, -0.043352846056222916, 0.5932216644287109, -1.0
vb0[412]+040 BLENDWEIGHTS: 1.0, 0.0, 0.0, 0.0
vb0[412]+056 BLENDINDICES: 0, 0, 0, 0
vb0[412]+072 COLOR: 1.0, 0.5019607843137255, 0.5019607843137255, 0.34901960784313724
vb0[412]+076 TEXCOORD: 0.2949105501174927, 0.46921396255493164

vb0[413]+000 POSITION: 0.09050839394330978, 2.6270604133605957, 0.047852303832769394
vb0[413]+012 NORMAL: 0.967614471912384, -0.21208272874355316, 0.13690520823001862
vb0[413]+024 TANGENT: 0.9673582911491394, -0.21302981674671173, 0.13724565505981445, -1.0
vb0[413]+040 BLENDWEIGHTS: 1.0, 0.0, 0.0, 0.0
vb0[413]+056 BLENDINDICES: 0, 0, 0, 0
vb0[413]+072 COLOR: 1.0, 0.5019607843137255, 0.5019607843137255, 0.5019607843137255
vb0[413]+076 TEXCOORD: 0.1531364917755127, 0.5125830173492432

vb0[414]+000 POSITION: 0.08789018541574478, 2.6255810260772705, 0.06162966415286064
vb0[414]+012 NORMAL: 0.958702027797699, -0.20824280381202698, 0.1937149465084076
vb0[414]+024 TANGENT: 0.958080530166626, -0.20832692086696625, 0.196676105260849, -1.0
vb0[414]+040 BLENDWEIGHTS: 1.0, 0.0, 0.0, 0.0
vb0[414]+056 BLENDINDICES: 0, 0, 0, 0
vb0[414]+072 COLOR: 1.0, 0.5019607843137255, 0.5019607843137255, 0.5019607843137255
vb0[414]+076 TEXCOORD: 0.1914196014404297, 0.5148314237594604

vb0[415]+000 POSITION: 0.09281088411808014, 2.6379637718200684, 0.04723719507455826
vb0[415]+012 NORMAL: 0.9685792326927185, -0.20790475606918335, 0.13649089634418488
vb0[415]+024 TANGENT: 0.9684293866157532, -0.20812292397022247, 0.13722014427185059, -1.0
vb0[415]+040 BLENDWEIGHTS: 1.0, 0.0, 0.0, 0.0
vb0[415]+056 BLENDINDICES: 0, 0, 0, 0
vb0[415]+072 COLOR: 1.0, 0.5019607843137255, 0.5019607843137255, 0.5019607843137255
vb0[415]+076 TEXCOORD: 0.1502748727798462, 0.5435166358947754

vb0[416]+000 POSITION: 0.09007883816957474, 2.6352758407592773, 0.06134382262825966
vb0[416]+012 NORMAL: 0.9597666263580322, -0.21094253659248352, 0.18534128367900848
vb0[416]+024 TANGENT: 0.9586712121963501, -0.21124421060085297, 0.19059216976165771, -1.0
vb0[416]+040 BLENDWEIGHTS: 1.0, 0.0, 0.0, 0.0
vb0[416]+056 BLENDINDICES: 0, 0, 0, 0
vb0[416]+072 COLOR: 1.0, 0.5019607843137255, 0.5019607843137255, 0.5019607843137255
vb0[416]+076 TEXCOORD: 0.18862855434417725, 0.5424071550369263

vb0[417]+000 POSITION: 0.08518057316541672, 2.627424478530884, 0.07403776794672012
vb0[417]+012 NORMAL: 0.9426727294921875, -0.20616452395915985, 0.26242008805274963
vb0[417]+024 TANGENT: 0.941633939743042, -0.2050734907388687, 0.266965389251709, -1.0
vb0[417]+040 BLENDWEIGHTS: 1.0, 0.0, 0.0, 0.0
vb0[417]+056 BLENDINDICES: 0, 0, 0, 0
vb0[417]+072 COLOR: 1.0, 0.5019607843137255, 0.5019607843137255, 0.5019607843137255
vb0[417]+076 TEXCOORD: 0.22411012649536133, 0.5273809432983398

vb0[418]+000 POSITION: 0.08284246176481247, 2.6273534297943115, 0.08125446736812592
vb0[418]+012 NORMAL: 0.9169277548789978, -0.19559483230113983, 0.34783077239990234
vb0[418]+024 TANGENT: 0.9127206206321716, -0.19360099732875824, 0.3598051071166992, -1.0
vb0[418]+040 BLENDWEIGHTS: 1.0, 0.0, 0.0, 0.0
vb0[418]+056 BLENDINDICES: 0, 0, 0, 0
vb0[418]+072 COLOR: 1.0, 0.5019607843137255, 0.5019607843137255, 0.25098039215686274
vb0[418]+076 TEXCOORD: 0.2430189847946167, 0.5329424142837524

vb0[419]+000 POSITION: 0.08426322042942047, 2.632625102996826, 0.08065129071474075
vb0[419]+012 NORMAL: 0.921108603477478, -0.20922397077083588, 0.32830512523651123
vb0[419]+024 TANGENT: 0.9149829149246216, -0.20802874863147736, 0.3457317650318146, -1.0
vb0[419]+040 BLENDWEIGHTS: 1.0, 0.0, 0.0, 0.0
vb0[419]+056 BLENDINDICES: 0, 0, 0, 0
vb0[419]+072 COLOR: 1.0, 0.5019607843137255, 0.5019607843137255, 0.25098039215686274
vb0[419]+076 TEXCOORD: 0.2388216257095337, 0.5460788011550903

vb0[420]+000 POSITION: 0.08644884824752808, 2.632969856262207, 0.0737980380654335
vb0[420]+012 NORMAL: 0.9402562379837036, -0.21392084658145905, 0.26486995816230774
vb0[420]+024 TANGENT: 0.9404453635215759, -0.21436718106269836, 0.2638354003429413, -1.0
vb0[420]+040 BLENDWEIGHTS: 1.0, 0.0, 0.0, 0.0
vb0[420]+056 BLENDINDICES: 0, 0, 0, 0
vb0[420]+072 COLOR: 1.0, 0.5019607843137255, 0.5019607843137255, 0.5019607843137255
vb0[420]+076 TEXCOORD: 0.22129404544830322, 0.5429126024246216

vb0[421]+000 POSITION: 0.09526144713163376, 2.6402084827423096, 0.03184320032596588
vb0[421]+012 NORMAL: 0.970954954624176, -0.21173898875713348, 0.11141391843557358
vb0[421]+024 TANGENT: 0.9712082147598267, -0.21109025180339813, 0.11043298244476318, -1.0
vb0[421]+040 BLENDWEIGHTS: 1.0, 0.0, 0.0, 0.0
vb0[421]+056 BLENDINDICES: 0, 0, 0, 0
vb0[421]+072 COLOR: 1.0, 0.5019607843137255, 0.5019607843137255, 0.5019607843137255
vb0[421]+076 TEXCOORD: 0.11235558986663818, 0.5410584211349487

vb0[422]+000 POSITION: 0.09254586696624756, 2.628542423248291, 0.03323235735297203
vb0[422]+012 NORMAL: 0.9680401682853699, -0.22784458100795746, 0.10480974614620209
vb0[422]+024 TANGENT: 0.9677513241767883, -0.22958438098430634, 0.10367404669523239, -1.0
vb0[422]+040 BLENDWEIGHTS: 1.0, 0.0, 0.0, 0.0
vb0[422]+056 BLENDINDICES: 0, 0, 0, 0
vb0[422]+072 COLOR: 1.0, 0.5019607843137255, 0.5019607843137255, 0.5019607843137255
vb0[422]+076 TEXCOORD: 0.1133580207824707, 0.5071706771850586

vb0[423]+000 POSITION: 0.09664390981197357, 2.6408934593200684, 0.02047090046107769
vb0[423]+012 NORMAL: 0.9739767909049988, -0.20089872181415558, 0.10492326319217682
vb0[423]+024 TANGENT: 0.9743082523345947, -0.199142724275589, 0.1051926538348198, -1.0
vb0[423]+040 BLENDWEIGHTS: 1.0, 0.0, 0.0, 0.0
vb0[423]+056 BLENDINDICES: 0, 0, 0, 0
vb0[423]+072 COLOR: 1.0, 0.5019607843137255, 0.5019607843137255, 0.5019607843137255
vb0[423]+076 TEXCOORD: 0.07362425327301025, 0.5384408235549927

vb0[424]+000 POSITION: 0.09382682293653488, 2.6294243335723877, 0.022533852607011795
vb0[424]+012 NORMAL: 0.967249870300293, -0.2367369383573532, 0.09156019240617752
vb0[424]+024 TANGENT: 0.9671027064323425, -0.23744286596775055, 0.09128642082214355, -1.0
vb0[424]+040 BLENDWEIGHTS: 1.0, 0.0, 0.0, 0.0
vb0[424]+056 BLENDINDICES: 0, 0, 0, 0
vb0[424]+072 COLOR: 1.0, 0.5019607843137255, 0.5019607843137255, 0.5019607843137255
vb0[424]+076 TEXCOORD: 0.07832467555999756, 0.5051681995391846

vb0[425]+000 POSITION: 0.09782528877258301, 2.6512765884399414, 0.031015433371067047
vb0[425]+012 NORMAL: 0.9748216271400452, -0.193362757563591, 0.11105722934007645
vb0[425]+024 TANGENT: 0.9745757579803467, -0.19611985981464386, 0.10834694653749466, -1.0
vb0[425]+040 BLENDWEIGHTS: 1.0, 0.0, 0.0, 0.0
vb0[425]+056 BLENDINDICES: 0, 0, 0, 0
vb0[425]+072 COLOR: 1.0, 0.5019607843137255, 0.5019607843137255, 0.5019607843137255
vb0[425]+076 TEXCOORD: 0.11214339733123779, 0.5664399862289429

vb0[426]+000 POSITION: 0.09530355036258698, 2.6485304832458496, 0.046332910656929016
vb0[426]+012 NORMAL: 0.9729945063591003, -0.18538402020931244, 0.13752999901771545
vb0[426]+024 TANGENT: 0.972254753112793, -0.18933320045471191, 0.1373811960220337, -1.0
vb0[426]+040 BLENDWEIGHTS: 1.0, 0.0, 0.0, 0.0
vb0[426]+056 BLENDINDICES: 0, 0, 0, 0
vb0[426]+072 COLOR: 1.0, 0.5019607843137255, 0.5019607843137255, 0.5019607843137255
vb0[426]+076 TEXCOORD: 0.14901518821716309, 0.5742272138595581

vb0[427]+000 POSITION: 0.09228505194187164, 2.6454858779907227, 0.06138502061367035
vb0[427]+012 NORMAL: 0.9625489115715027, -0.19542983174324036, 0.1879013627767563
vb0[427]+024 TANGENT: 0.9617697596549988, -0.1959003508090973, 0.19136843085289001, -1.0
vb0[427]+040 BLENDWEIGHTS: 1.0, 0.0, 0.0, 0.0
vb0[427]+056 BLENDINDICES: 0, 0, 0, 0
vb0[427]+072 COLOR: 1.0, 0.5019607843137255, 0.5019607843137255, 0.5019607843137255
vb0[427]+076 TEXCOORD: 0.18866312503814697, 0.5711662769317627

vb0[428]+000 POSITION: 0.0942910760641098, 2.656367063522339, 0.06153880059719086
vb0[428]+012 NORMAL: 0.9682627320289612, -0.15847572684288025, 0.19326888024806976
vb0[428]+024 TANGENT: 0.9677429795265198, -0.15810628235340118, 0.19615307450294495, -1.0
vb0[428]+040 BLENDWEIGHTS: 1.0, 0.0, 0.0, 0.0
vb0[428]+056 BLENDINDICES: 0, 0, 0, 0
vb0[428]+072 COLOR: 1.0, 0.5019607843137255, 0.5019607843137255, 0.5019607843137255
vb0[428]+076 TEXCOORD: 0.19027435779571533, 0.6005884408950806

vb0[429]+000 POSITION: 0.08764215558767319, 2.637939453125, 0.07377703487873077
vb0[429]+012 NORMAL: 0.9415938854217529, -0.21187037229537964, 0.26174765825271606
vb0[429]+024 TANGENT: 0.941054105758667, -0.2139691263437271, 0.2619816064834595, -1.0
vb0[429]+040 BLENDWEIGHTS: 1.0, 0.0, 0.0, 0.0
vb0[429]+056 BLENDINDICES: 0, 0, 0, 0
vb0[429]+072 COLOR: 1.0, 0.5019607843137255, 0.5019607843137255, 0.5019607843137255
vb0[429]+076 TEXCOORD: 0.2195225954055786, 0.5567905902862549

vb0[430]+000 POSITION: 0.08955424278974533, 2.6469414234161377, 0.07405057549476624
vb0[430]+012 NORMAL: 0.9481261968612671, -0.18311600387096405, 0.25985628366470337
vb0[430]+024 TANGENT: 0.9462985396385193, -0.18362826108932495, 0.2660822868347168, -1.0
vb0[430]+040 BLENDWEIGHTS: 1.0, 0.0, 0.0, 0.0
vb0[430]+056 BLENDINDICES: 0, 0, 0, 0
vb0[430]+072 COLOR: 1.0, 0.5019607843137255, 0.5019607843137255, 0.5019607843137255
vb0[430]+076 TEXCOORD: 0.2184615135192871, 0.582349419593811

vb0[431]+000 POSITION: 0.08737163245677948, 2.6458349227905273, 0.08016054332256317
vb0[431]+012 NORMAL: 0.9229385852813721, -0.18757976591587067, 0.33615225553512573
vb0[431]+024 TANGENT: 0.9237860441207886, -0.1868027299642563, 0.3342515230178833, -1.0
vb0[431]+040 BLENDWEIGHTS: 1.0, 0.0, 0.0, 0.0
vb0[431]+056 BLENDINDICES: 0, 0, 0, 0
vb0[431]+072 COLOR: 1.0, 0.5019607843137255, 0.5019607843137255, 0.25098039215686274
vb0[431]+076 TEXCOORD: 0.2326565980911255, 0.582565188407898

vb0[432]+000 POSITION: 0.0854046493768692, 2.6371405124664307, 0.08028708398342133
vb0[432]+012 NORMAL: 0.9193127155303955, -0.20874421298503876, 0.3336016833782196
vb0[432]+024 TANGENT: 0.9177097082138062, -0.20899158716201782, 0.3378334045410156, -1.0
vb0[432]+040 BLENDWEIGHTS: 1.0, 0.0, 0.0, 0.0
vb0[432]+056 BLENDINDICES: 0, 0, 0, 0
vb0[432]+072 COLOR: 1.0, 0.5019607843137255, 0.5019607843137255, 0.25098039215686274
vb0[432]+076 TEXCOORD: 0.2359311580657959, 0.5584659576416016

vb0[433]+000 POSITION: 0.08502615988254547, 2.645399808883667, 0.08569999784231186
vb0[433]+012 NORMAL: 0.8949132561683655, -0.18867190182209015, 0.4043923616409302
vb0[433]+024 TANGENT: 0.8879275918006897, -0.195668026804924, 0.4162914454936981, -1.0
vb0[433]+040 BLENDWEIGHTS: 1.0, 0.0, 0.0, 0.0
vb0[433]+056 BLENDINDICES: 0, 0, 0, 0
vb0[433]+072 COLOR: 1.0, 0.5019607843137255, 0.5019607843137255, 0.0
vb0[433]+076 TEXCOORD: 0.2482251524925232, 0.5848246812820435

vb0[434]+000 POSITION: 0.08318349719047546, 2.6370928287506104, 0.0854097381234169
vb0[434]+012 NORMAL: 0.8842138051986694, -0.20422153174877167, 0.4200708568096161
vb0[434]+024 TANGENT: 0.8612838983535767, -0.202930748462677, 0.46584248542785645, -1.0
vb0[434]+040 BLENDWEIGHTS: 1.0, 0.0, 0.0, 0.0
vb0[434]+056 BLENDINDICES: 0, 0, 0, 0
vb0[434]+072 COLOR: 1.0, 0.5019607843137255, 0.5019607843137255, 0.0
vb0[434]+076 TEXCOORD: 0.24987637996673584, 0.5619137287139893

vb0[435]+000 POSITION: 0.08190643042325974, 2.637232542037964, 0.08741671591997147
vb0[435]+012 NORMAL: 0.7943668961524963, -0.22081385552883148, 0.5658820271492004
vb0[435]+024 TANGENT: 0.7893617153167725, -0.2192426174879074, 0.5734463930130005, -1.0
vb0[435]+040 BLENDWEIGHTS: 1.0, 0.0, 0.0, 0.0
vb0[435]+056 BLENDINDICES: 0, 0, 0, 0
vb0[435]+072 COLOR: 1.0, 0.5019607843137255, 0.5019607843137255, 0.0
vb0[435]+076 TEXCOORD: 0.256930947303772, 0.5638272762298584

vb0[436]+000 POSITION: 0.08213108032941818, 2.6325531005859375, 0.08539421111345291
vb0[436]+012 NORMAL: 0.870578408241272, -0.20291180908679962, 0.4482410252094269
vb0[436]+024 TANGENT: 0.8556541204452515, -0.19999437034130096, 0.47734495997428894, -1.0
vb0[436]+040 BLENDWEIGHTS: 1.0, 0.0, 0.0, 0.0
vb0[436]+056 BLENDINDICES: 0, 0, 0, 0
vb0[436]+072 COLOR: 1.0, 0.5019607843137255, 0.5019607843137255, 0.0
vb0[436]+076 TEXCOORD: 0.2525376081466675, 0.5492842197418213

vb0[437]+000 POSITION: 0.08069464564323425, 2.632803201675415, 0.08750681579113007
vb0[437]+012 NORMAL: 0.7759026885032654, -0.19056138396263123, 0.6013829708099365
vb0[437]+024 TANGENT: 0.7760389447212219, -0.18500220775604248, 0.6029409766197205, -1.0
vb0[437]+040 BLENDWEIGHTS: 1.0, 0.0, 0.0, 0.0
vb0[437]+056 BLENDINDICES: 0, 0, 0, 0
vb0[437]+072 COLOR: 1.0, 0.5019607843137255, 0.5019607843137255, 0.0
vb0[437]+076 TEXCOORD: 0.25998377799987793, 0.551567792892456

vb0[438]+000 POSITION: 0.08019866049289703, 2.6375319957733154, 0.08960914611816406
vb0[438]+012 NORMAL: 0.5167767405509949, -0.21420350670814514, 0.8288900256156921
vb0[438]+024 TANGENT: 0.6249480247497559, -0.22235079109668732, 0.7483315467834473, -1.0
vb0[438]+040 BLENDWEIGHTS: 1.0, 0.0, 0.0, 0.0
vb0[438]+056 BLENDINDICES: 0, 0, 0, 0
vb0[438]+072 COLOR: 1.0, 0.5019607843137255, 0.5019607843137255, 0.0
vb0[438]+076 TEXCOORD: 0.2650034427642822, 0.5664656162261963

vb0[439]+000 POSITION: 0.07903143763542175, 2.633347511291504, 0.08954833447933197
vb0[439]+012 NORMAL: 0.5234014987945557, -0.12470108270645142, 0.8429118990898132
vb0[439]+024 TANGENT: 0.6272821426391602, -0.15288817882537842, 0.7636375427246094, -1.0
vb0[439]+040 BLENDWEIGHTS: 1.0, 0.0, 0.0, 0.0
vb0[439]+056 BLENDINDICES: 0, 0, 0, 0
vb0[439]+072 COLOR: 1.0, 0.5019607843137255, 0.5019607843137255, 0.0
vb0[439]+076 TEXCOORD: 0.2675952911376953, 0.5548766851425171

vb0[440]+000 POSITION: 0.07933595776557922, 2.6284127235412598, 0.08806472271680832
vb0[440]+012 NORMAL: 0.7711954116821289, -0.15324850380420685, 0.6178774833679199
vb0[440]+024 TANGENT: 0.7644253373146057, -0.15038476884365082, 0.6269276142120361, -1.0
vb0[440]+040 BLENDWEIGHTS: 1.0, 0.0, 0.0, 0.0
vb0[440]+056 BLENDINDICES: 0, 0, 0, 0
vb0[440]+072 COLOR: 1.0, 0.5019607843137255, 0.5019607843137255, 0.0
vb0[440]+076 TEXCOORD: 0.2642754316329956, 0.5393685102462769

vb0[441]+000 POSITION: 0.07768751680850983, 2.6292712688446045, 0.09001399576663971
vb0[441]+012 NORMAL: 0.5066474676132202, -0.06869477778673172, 0.8594122529029846
vb0[441]+024 TANGENT: 0.6098198890686035, -0.09853268414735794, 0.7863911390304565, -1.0
vb0[441]+040 BLENDWEIGHTS: 1.0, 0.0, 0.0, 0.0
vb0[441]+056 BLENDINDICES: 0, 0, 0, 0
vb0[441]+072 COLOR: 1.0, 0.5019607843137255, 0.5019607843137255, 0.0
vb0[441]+076 TEXCOORD: 0.2717478275299072, 0.543296217918396

vb0[442]+000 POSITION: 0.0766640454530716, 2.624070405960083, 0.09019570052623749
vb0[442]+012 NORMAL: 0.5906741619110107, -0.03217674046754837, 0.8062684535980225
vb0[442]+024 TANGENT: 0.6633783578872681, -0.06655174493789673, 0.7453187704086304, -1.0
vb0[442]+040 BLENDWEIGHTS: 1.0, 0.0, 0.0, 0.0
vb0[442]+056 BLENDINDICES: 0, 0, 0, 0
vb0[442]+072 COLOR: 1.0, 0.5019607843137255, 0.5019607843137255, 0.0
vb0[442]+076 TEXCOORD: 0.27417922019958496, 0.5277690887451172

vb0[443]+000 POSITION: 0.05472556874155998, 2.6330554485321045, 0.10298257321119308
vb0[443]+012 NORMAL: 0.38054853677749634, -0.14327172935009003, 0.9135950803756714
vb0[443]+024 TANGENT: 0.39971694350242615, -0.1642167568206787, 0.9018088579177856, -1.0
vb0[443]+040 BLENDWEIGHTS: 1.0, 0.0, 0.0, 0.0
vb0[443]+056 BLENDINDICES: 0, 0, 0, 0
vb0[443]+072 COLOR: 1.0, 0.5019607843137255, 0.5019607843137255, 0.0
vb0[443]+076 TEXCOORD: 0.28468823432922363, 0.5366208553314209

vb0[444]+000 POSITION: 0.0793653279542923, 2.622795581817627, 0.08655150234699249
vb0[444]+012 NORMAL: 0.8297913670539856, -0.14546404778957367, 0.5387824773788452
vb0[444]+024 TANGENT: 0.8352311253547668, -0.1496019810438156, 0.5291579961776733, -1.0
vb0[444]+040 BLENDWEIGHTS: 1.0, 0.0, 0.0, 0.0
vb0[444]+056 BLENDINDICES: 0, 0, 0, 0
vb0[444]+072 COLOR: 1.0, 0.5019607843137255, 0.5019607843137255, 0.0
vb0[444]+076 TEXCOORD: 0.26146233081817627, 0.5220823287963867

vb0[445]+000 POSITION: 0.07751987129449844, 2.6172142028808594, 0.0881575345993042
vb0[445]+012 NORMAL: 0.8232209086418152, -0.07869885861873627, 0.562239944934845
vb0[445]+024 TANGENT: 0.8324951529502869, -0.08325618505477905, 0.5477410554885864, -1.0
vb0[445]+040 BLENDWEIGHTS: 1.0, 0.0, 0.0, 0.0
vb0[445]+056 BLENDINDICES: 0, 0, 0, 0
vb0[445]+072 COLOR: 1.0, 0.5019607843137255, 0.5019607843137255, 0.0
vb0[445]+076 TEXCOORD: 0.26922106742858887, 0.5065490007400513

vb0[446]+000 POSITION: 0.07449885457754135, 2.6197783946990967, 0.09193196147680283
vb0[446]+012 NORMAL: 0.6096953749656677, 0.07264502346515656, 0.7892998456954956
vb0[446]+024 TANGENT: 0.6629835963249207, 0.031081322580575943, 0.7479885220527649, -1.0
vb0[446]+040 BLENDWEIGHTS: 1.0, 0.0, 0.0, 0.0
vb0[446]+056 BLENDINDICES: 0, 0, 0, 0
vb0[446]+072 COLOR: 1.0, 0.5019607843137255, 0.5019607843137255, 0.0
vb0[446]+076 TEXCOORD: 0.2824585437774658, 0.5155750513076782

vb0[447]+000 POSITION: 0.08083419501781464, 2.6279144287109375, 0.08579802513122559
vb0[447]+012 NORMAL: 0.8530129790306091, -0.17614337801933289, 0.4912661015987396
vb0[447]+024 TANGENT: 0.845197856426239, -0.17844581604003906, 0.5037833452224731, -1.0
vb0[447]+040 BLENDWEIGHTS: 1.0, 0.0, 0.0, 0.0
vb0[447]+056 BLENDINDICES: 0, 0, 0, 0
vb0[447]+072 COLOR: 1.0, 0.5019607843137255, 0.5019607843137255, 0.0
vb0[447]+076 TEXCOORD: 0.2561674118041992, 0.536311149597168

vb0[448]+000 POSITION: 0.07486268877983093, 2.610081434249878, 0.09157049655914307
vb0[448]+012 NORMAL: 0.8007529377937317, -0.02867954596877098, 0.5983077883720398
vb0[448]+024 TANGENT: 0.8113995790481567, -0.041577160358428955, 0.583011269569397, -1.0
vb0[448]+040 BLENDWEIGHTS: 1.0, 0.0, 0.0, 0.0
vb0[448]+056 BLENDINDICES: 0, 0, 0, 0
vb0[448]+072 COLOR: 1.0, 0.5019607843137255, 0.5019607843137255, 0.25098039215686274
vb0[448]+076 TEXCOORD: 0.282589316368103, 0.4872324466705322

vb0[449]+000 POSITION: 0.07083822041749954, 2.6152331829071045, 0.0953490138053894
vb0[449]+012 NORMAL: 0.6061662435531616, 0.13283716142177582, 0.7841662764549255
vb0[449]+024 TANGENT: 0.6325300931930542, 0.10429632663726807, 0.7674815654754639, -1.0
vb0[449]+040 BLENDWEIGHTS: 1.0, 0.0, 0.0, 0.0
vb0[449]+056 BLENDINDICES: 0, 0, 0, 0
vb0[449]+072 COLOR: 1.0, 0.5019607843137255, 0.5019607843137255, 0.0
vb0[449]+076 TEXCOORD: 0.29603832960128784, 0.5030479431152344

vb0[450]+000 POSITION: 0.06825263798236847, 2.6055972576141357, 0.09898318350315094
vb0[450]+012 NORMAL: 0.6639362573623657, 0.07633655518293381, 0.7438826560974121
vb0[450]+024 TANGENT: 0.661969006061554, 0.07714556902647018, 0.7455504536628723, -1.0
vb0[450]+040 BLENDWEIGHTS: 1.0, 0.0, 0.0, 0.0
vb0[450]+056 BLENDINDICES: 0, 0, 0, 0
vb0[450]+072 COLOR: 1.0, 0.5019607843137255, 0.5019607843137255, 0.25098039215686274
vb0[450]+076 TEXCOORD: 0.30873334407806396, 0.47571349143981934

vb0[451]+000 POSITION: 0.06618141382932663, 2.6123993396759033, 0.09932766854763031
vb0[451]+012 NORMAL: 0.55421382188797, 0.15859729051589966, 0.8171253204345703
vb0[451]+024 TANGENT: 0.5594226121902466, 0.1567525863647461, 0.8139256834983826, -1.0
vb0[451]+040 BLENDWEIGHTS: 1.0, 0.0, 0.0, 0.0
vb0[451]+056 BLENDINDICES: 0, 0, 0, 0
vb0[451]+072 COLOR: 1.0, 0.5019607843137255, 0.5019607843137255, 0.0
vb0[451]+076 TEXCOORD: 0.31202584505081177, 0.4953998327255249

vb0[452]+000 POSITION: 0.06252162903547287, 2.603334903717041, 0.10361126065254211
vb0[452]+012 NORMAL: 0.48150789737701416, 0.12153918296098709, 0.8679736852645874
vb0[452]+024 TANGENT: 0.47107309103012085, 0.10189080238342285, 0.8761897087097168, -1.0
vb0[452]+040 BLENDWEIGHTS: 1.0, 0.0, 0.0, 0.0
vb0[452]+056 BLENDINDICES: 0, 0, 0, 0
vb0[452]+072 COLOR: 1.0, 0.5019607843137255, 0.5019607843137255, 0.25098039215686274
vb0[452]+076 TEXCOORD: 0.327378511428833, 0.46993017196655273

vb0[453]+000 POSITION: 0.06056278198957443, 2.6111931800842285, 0.10292385518550873
vb0[453]+012 NORMAL: 0.47861045598983765, 0.14326323568820953, 0.8662607073783875
vb0[453]+024 TANGENT: 0.4766101539134979, 0.15895937383174896, 0.8646240234375, -1.0
vb0[453]+040 BLENDWEIGHTS: 1.0, 0.0, 0.0, 0.0
vb0[453]+056 BLENDINDICES: 0, 0, 0, 0
vb0[453]+072 COLOR: 1.0, 0.5019607843137255, 0.5019607843137255, 0.0
vb0[453]+076 TEXCOORD: 0.3289449214935303, 0.49224090576171875

vb0[454]+000 POSITION: 0.06364987045526505, 2.599402666091919, 0.1033124253153801
vb0[454]+012 NORMAL: 0.5715639591217041, 0.07809579372406006, 0.8168326020240784
vb0[454]+024 TANGENT: 0.5913127660751343, 0.04258072003722191, 0.8053174018859863, -1.0
vb0[454]+040 BLENDWEIGHTS: 1.0, 0.0, 0.0, 0.0
vb0[454]+056 BLENDINDICES: 0, 0, 0, 0
vb0[454]+072 COLOR: 1.0, 0.5019607843137255, 0.5019607843137255, 0.34901960784313724
vb0[454]+076 TEXCOORD: 0.32571589946746826, 0.4588592052459717

vb0[455]+000 POSITION: 0.05402896925806999, 2.6092288494110107, 0.10655886679887772
vb0[455]+012 NORMAL: 0.4114381670951843, 0.16444529592990875, 0.8964799642562866
vb0[455]+024 TANGENT: 0.4125404953956604, 0.17214001715183258, 0.8945267796516418, -1.0
vb0[455]+040 BLENDWEIGHTS: 1.0, 0.0, 0.0, 0.0
vb0[455]+056 BLENDINDICES: 0, 0, 0, 0
vb0[455]+072 COLOR: 1.0, 0.5019607843137255, 0.5019607843137255, 0.25098039215686274
vb0[455]+076 TEXCOORD: 0.3479423522949219, 0.4870039224624634

vb0[456]+000 POSITION: 0.04436926916241646, 2.5989010334014893, 0.11378248035907745
vb0[456]+012 NORMAL: 0.3886372447013855, 0.23424966633319855, 0.8911163210868835
vb0[456]+024 TANGENT: 0.3912663757801056, 0.2073756456375122, 0.8966079950332642, -1.0
vb0[456]+040 BLENDWEIGHTS: 1.0, 0.0, 0.0, 0.0
vb0[456]+056 BLENDINDICES: 0, 0, 0, 0
vb0[456]+072 COLOR: 1.0, 0.5019607843137255, 0.5019607843137255, 0.5019607843137255
vb0[456]+076 TEXCOORD: 0.3790990114212036, 0.45931529998779297

vb0[457]+000 POSITION: 0.046032026410102844, 2.610482692718506, 0.10934039950370789
vb0[457]+012 NORMAL: 0.3376910090446472, 0.21537649631500244, 0.9162847399711609
vb0[457]+024 TANGENT: 0.34007441997528076, 0.2246316373348236, 0.9131757616996765, -1.0
vb0[457]+040 BLENDWEIGHTS: 1.0, 0.0, 0.0, 0.0
vb0[457]+056 BLENDINDICES: 0, 0, 0, 0
vb0[457]+072 COLOR: 1.0, 0.5019607843137255, 0.5019607843137255, 0.25098039215686274
vb0[457]+076 TEXCOORD: 0.36849576234817505, 0.4913029670715332

vb0[458]+000 POSITION: 0.03566146641969681, 2.6038501262664795, 0.11585240811109543
vb0[458]+012 NORMAL: 0.3430750370025635, 0.3144364058971405, 0.8851154446601868
vb0[458]+024 TANGENT: 0.3444383144378662, 0.30393335223197937, 0.8882492184638977, -1.0
vb0[458]+040 BLENDWEIGHTS: 1.0, 0.0, 0.0, 0.0
vb0[458]+056 BLENDINDICES: 0, 0, 0, 0
vb0[458]+072 COLOR: 1.0, 0.5019607843137255, 0.5019607843137255, 0.5019607843137255
vb0[458]+076 TEXCOORD: 0.39930152893066406, 0.4741330146789551

vb0[459]+000 POSITION: 0.03820553794503212, 2.613217353820801, 0.11137524247169495
vb0[459]+012 NORMAL: 0.2924973964691162, 0.26561906933784485, 0.9186357855796814
vb0[459]+024 TANGENT: 0.2947019338607788, 0.26961958408355713, 0.9167639017105103, -1.0
vb0[459]+040 BLENDWEIGHTS: 1.0, 0.0, 0.0, 0.0
vb0[459]+056 BLENDINDICES: 0, 0, 0, 0
vb0[459]+072 COLOR: 1.0, 0.5019607843137255, 0.5019607843137255, 0.0
vb0[459]+076 TEXCOORD: 0.3878213167190552, 0.49983155727386475

vb0[460]+000 POSITION: 0.030424613505601883, 2.6170763969421387, 0.11223040521144867
vb0[460]+012 NORMAL: 0.28172874450683594, 0.29861050844192505, 0.9118446707725525
vb0[460]+024 TANGENT: 0.28783470392227173, 0.30552756786346436, 0.9076365828514099, -1.0
vb0[460]+040 BLENDWEIGHTS: 1.0, 0.0, 0.0, 0.0
vb0[460]+056 BLENDINDICES: 0, 0, 0, 0
vb0[460]+072 COLOR: 1.0, 0.5019607843137255, 0.5019607843137255, 0.0
vb0[460]+076 TEXCOORD: 0.4061628580093384, 0.5121870040893555

vb0[461]+000 POSITION: 0.046032026410102844, 2.610482692718506, 0.10934039950370789
vb0[461]+012 NORMAL: 0.3376910090446472, 0.21537649631500244, 0.9162847399711609
vb0[461]+024 TANGENT: 0.34007441997528076, 0.2246316373348236, 0.9131757616996765, -1.0
vb0[461]+040 BLENDWEIGHTS: 1.0, 0.0, 0.0, 0.0
vb0[461]+056 BLENDINDICES: 0, 0, 0, 0
vb0[461]+072 COLOR: 1.0, 0.5019607843137255, 0.5019607843137255, 0.0
vb0[461]+076 TEXCOORD: 0.36849576234817505, 0.4913029670715332

vb0[462]+000 POSITION: 0.05402896925806999, 2.6092288494110107, 0.10655886679887772
vb0[462]+012 NORMAL: 0.4114381670951843, 0.16444529592990875, 0.8964799642562866
vb0[462]+024 TANGENT: 0.4125404953956604, 0.17214001715183258, 0.8945267796516418, -1.0
vb0[462]+040 BLENDWEIGHTS: 1.0, 0.0, 0.0, 0.0
vb0[462]+056 BLENDINDICES: 0, 0, 0, 0
vb0[462]+072 COLOR: 1.0, 0.5019607843137255, 0.5019607843137255, 0.0
vb0[462]+076 TEXCOORD: 0.3479423522949219, 0.4870039224624634

vb0[463]+000 POSITION: 0.07393039762973785, 2.6494243144989014, 0.1011822372674942
vb0[463]+012 NORMAL: 0.574783444404602, -0.4175960421562195, 0.7037311792373657
vb0[463]+024 TANGENT: 0.5815474987030029, -0.409498929977417, 0.7029317617416382, -1.0
vb0[463]+040 BLENDWEIGHTS: 1.0, 0.0, 0.0, 0.0
vb0[463]+056 BLENDINDICES: 0, 0, 0, 0
vb0[463]+072 COLOR: 1.0, 0.5019607843137255, 0.5019607843137255, 0.0
vb0[463]+076 TEXCOORD: 0.3002300262451172, 0.6047084331512451

vb0[464]+000 POSITION: 0.05472556874155998, 2.6330554485321045, 0.10298257321119308
vb0[464]+012 NORMAL: 0.38054853677749634, -0.14327172935009003, 0.9135950803756714
vb0[464]+024 TANGENT: 0.39971694350242615, -0.1642167568206787, 0.9018088579177856, -1.0
vb0[464]+040 BLENDWEIGHTS: 1.0, 0.0, 0.0, 0.0
vb0[464]+056 BLENDINDICES: 0, 0, 0, 0
vb0[464]+072 COLOR: 1.0, 0.5019607843137255, 0.5019607843137255, 0.0
vb0[464]+076 TEXCOORD: 0.28274065256118774, 0.5753648281097412

vb0[465]+000 POSITION: 0.0776800885796547, 2.647995948791504, 0.09742899984121323
vb0[465]+012 NORMAL: 0.6349623203277588, -0.4143221378326416, 0.6520428657531738
vb0[465]+024 TANGENT: 0.6419744491577148, -0.40488263964653015, 0.6511058807373047, -1.0
vb0[465]+040 BLENDWEIGHTS: 1.0, 0.0, 0.0, 0.0
vb0[465]+056 BLENDINDICES: 0, 0, 0, 0
vb0[465]+072 COLOR: 1.0, 0.5019607843137255, 0.5019607843137255, 0.0
vb0[465]+076 TEXCOORD: 0.2868154048919678, 0.5995334386825562

vb0[466]+000 POSITION: 0.08057689666748047, 2.6571428775787354, 0.097613126039505
vb0[466]+012 NORMAL: 0.7661930322647095, -0.1849568486213684, 0.6154177784919739
vb0[466]+024 TANGENT: 0.7767514586448669, -0.16253305971622467, 0.6084737181663513, -1.0
vb0[466]+040 BLENDWEIGHTS: 1.0, 0.0, 0.0, 0.0
vb0[466]+056 BLENDINDICES: 0, 0, 0, 0
vb0[466]+072 COLOR: 1.0, 0.5019607843137255, 0.5019607843137255, 0.25098039215686274
vb0[466]+076 TEXCOORD: 0.2839057445526123, 0.6229064464569092

vb0[467]+000 POSITION: 0.076716348528862, 2.657985210418701, 0.10233195126056671
vb0[467]+012 NORMAL: 0.6950773000717163, -0.23197312653064728, 0.6804822087287903
vb0[467]+024 TANGENT: 0.709929347038269, -0.2019413858652115, 0.6746999025344849, -1.0
vb0[467]+040 BLENDWEIGHTS: 1.0, 0.0, 0.0, 0.0
vb0[467]+056 BLENDINDICES: 0, 0, 0, 0
vb0[467]+072 COLOR: 1.0, 0.5019607843137255, 0.5019607843137255, 0.25098039215686274
vb0[467]+076 TEXCOORD: 0.2987182140350342, 0.6269679069519043

vb0[468]+000 POSITION: 0.07762441784143448, 2.6627964973449707, 0.10207808017730713
vb0[468]+012 NORMAL: 0.7614479660987854, -0.037193913012742996, 0.647158145904541
vb0[468]+024 TANGENT: 0.7630360722541809, -0.04546099528670311, 0.6447550654411316, -1.0
vb0[468]+040 BLENDWEIGHTS: 1.0, 0.0, 0.0, 0.0
vb0[468]+056 BLENDINDICES: 0, 0, 0, 0
vb0[468]+072 COLOR: 1.0, 0.5019607843137255, 0.5019607843137255, 0.5019607843137255
vb0[468]+076 TEXCOORD: 0.29752588272094727, 0.6391340494155884

vb0[469]+000 POSITION: 0.07255828380584717, 2.66329288482666, 0.10761445760726929
vb0[469]+012 NORMAL: 0.6826570630073547, -0.0240361038595438, 0.7303435206413269
vb0[469]+024 TANGENT: 0.682453989982605, -0.03874504193663597, 0.7299008965492249, -1.0
vb0[469]+040 BLENDWEIGHTS: 1.0, 0.0, 0.0, 0.0
vb0[469]+056 BLENDINDICES: 0, 0, 0, 0
vb0[469]+072 COLOR: 1.0, 0.5019607843137255, 0.5019607843137255, 0.5019607843137255
vb0[469]+076 TEXCOORD: 0.31562232971191406, 0.641887903213501

vb0[470]+000 POSITION: 0.07206451147794724, 2.6586227416992188, 0.10757037252187729
vb0[470]+012 NORMAL: 0.6031118035316467, -0.29531344771385193, 0.7409764528274536
vb0[470]+024 TANGENT: 0.6216274499893188, -0.25646311044692993, 0.7401391267776489, -1.0
vb0[470]+040 BLENDWEIGHTS: 1.0, 0.0, 0.0, 0.0
vb0[470]+056 BLENDINDICES: 0, 0, 0, 0
vb0[470]+072 COLOR: 1.0, 0.5019607843137255, 0.5019607843137255, 0.25098039215686274
vb0[470]+076 TEXCOORD: 0.31569433212280273, 0.6302996873855591

vb0[471]+000 POSITION: 0.08139008283615112, 2.6621077060699463, 0.09709482640028
vb0[471]+012 NORMAL: 0.8232079744338989, -0.043341509997844696, 0.5660831332206726
vb0[471]+024 TANGENT: 0.822189211845398, -0.047436654567718506, 0.5672342777252197, -1.0
vb0[471]+040 BLENDWEIGHTS: 1.0, 0.0, 0.0, 0.0
vb0[471]+056 BLENDINDICES: 0, 0, 0, 0
vb0[471]+072 COLOR: 1.0, 0.5019607843137255, 0.5019607843137255, 0.5019607843137255
vb0[471]+076 TEXCOORD: 0.28244149684906006, 0.6356265544891357

vb0[472]+000 POSITION: 0.06946117430925369, 2.650707960128784, 0.10508441925048828
vb0[472]+012 NORMAL: 0.5050926208496094, -0.4390571117401123, 0.7430412769317627
vb0[472]+024 TANGENT: 0.5103864669799805, -0.4357545077800751, 0.7413660287857056, -1.0
vb0[472]+040 BLENDWEIGHTS: 1.0, 0.0, 0.0, 0.0
vb0[472]+056 BLENDINDICES: 0, 0, 0, 0
vb0[472]+072 COLOR: 1.0, 0.5019607843137255, 0.5019607843137255, 0.0
vb0[472]+076 TEXCOORD: 0.31524741649627686, 0.6089637279510498

vb0[473]+000 POSITION: 0.06396264582872391, 2.6519155502319336, 0.10870634019374847
vb0[473]+012 NORMAL: 0.4007449746131897, -0.45579859614372253, 0.7947648763656616
vb0[473]+024 TANGENT: 0.4043777585029602, -0.45744428038597107, 0.7919743061065674, -1.0
vb0[473]+040 BLENDWEIGHTS: 1.0, 0.0, 0.0, 0.0
vb0[473]+056 BLENDINDICES: 0, 0, 0, 0
vb0[473]+072 COLOR: 1.0, 0.5019607843137255, 0.5019607843137255, 0.0
vb0[473]+076 TEXCOORD: 0.3319993019104004, 0.6121523380279541

vb0[474]+000 POSITION: 0.06618466973304749, 2.6592822074890137, 0.11203163862228394
vb0[474]+012 NORMAL: 0.4757150411605835, -0.3745775520801544, 0.7958560585975647
vb0[474]+024 TANGENT: 0.4986414313316345, -0.3311231732368469, 0.8010706901550293, -1.0
vb0[474]+040 BLENDWEIGHTS: 1.0, 0.0, 0.0, 0.0
vb0[474]+056 BLENDINDICES: 0, 0, 0, 0
vb0[474]+072 COLOR: 1.0, 0.5019607843137255, 0.5019607843137255, 0.25098039215686274
vb0[474]+076 TEXCOORD: 0.3336118459701538, 0.6326858997344971

vb0[475]+000 POSITION: 0.08374743908643723, 2.65653657913208, 0.09259580075740814
vb0[475]+012 NORMAL: 0.8159302473068237, -0.16509748995304108, 0.5540764927864075
vb0[475]+024 TANGENT: 0.8305312991142273, -0.1376144289970398, 0.5397035479545593, -1.0
vb0[475]+040 BLENDWEIGHTS: 1.0, 0.0, 0.0, 0.0
vb0[475]+056 BLENDINDICES: 0, 0, 0, 0
vb0[475]+072 COLOR: 1.0, 0.5019607843137255, 0.5019607843137255, 0.25098039215686274
vb0[475]+076 TEXCOORD: 0.26948559284210205, 0.618969202041626

vb0[476]+000 POSITION: 0.0848177969455719, 2.661400079727173, 0.09125927835702896
vb0[476]+012 NORMAL: 0.868278980255127, -0.05243869498372078, 0.49329695105552673
vb0[476]+024 TANGENT: 0.8729819059371948, -0.05423247814178467, 0.4847281873226166, -1.0
vb0[476]+040 BLENDWEIGHTS: 1.0, 0.0, 0.0, 0.0
vb0[476]+056 BLENDINDICES: 0, 0, 0, 0
vb0[476]+072 COLOR: 1.0, 0.5019607843137255, 0.5019607843137255, 0.5019607843137255
vb0[476]+076 TEXCOORD: 0.26461029052734375, 0.6311273574829102

vb0[477]+000 POSITION: 0.0852770283818245, 2.667484760284424, 0.09103042632341385
vb0[477]+012 NORMAL: 0.8676182627677917, -0.019603917375206947, 0.4968443512916565
vb0[477]+024 TANGENT: 0.8712592720985413, -0.024334073066711426, 0.49021950364112854, -1.0
vb0[477]+040 BLENDWEIGHTS: 1.0, 0.0, 0.0, 0.0
vb0[477]+056 BLENDINDICES: 0, 0, 0, 0
vb0[477]+072 COLOR: 1.0, 0.5019607843137255, 0.5019607843137255, 0.5019607843137255
vb0[477]+076 TEXCOORD: 0.26587116718292236, 0.6472358703613281

vb0[478]+000 POSITION: 0.08199318498373032, 2.6686694622039795, 0.09632033109664917
vb0[478]+012 NORMAL: 0.8276132345199585, -0.007063272409141064, 0.5612545013427734
vb0[478]+024 TANGENT: 0.8288030028343201, -0.008669613860547543, 0.5594732761383057, -1.0
vb0[478]+040 BLENDWEIGHTS: 1.0, 0.0, 0.0, 0.0
vb0[478]+056 BLENDINDICES: 0, 0, 0, 0
vb0[478]+072 COLOR: 1.0, 0.5019607843137255, 0.5019607843137255, 0.5019607843137255
vb0[478]+076 TEXCOORD: 0.28126394748687744, 0.6528266668319702

vb0[479]+000 POSITION: 0.0854152962565422, 2.6756765842437744, 0.09073305130004883
vb0[479]+012 NORMAL: 0.8699172139167786, 0.022476471960544586, 0.4926854372024536
vb0[479]+024 TANGENT: 0.8701748847961426, 0.01826203055679798, 0.4924044907093048, -1.0
vb0[479]+040 BLENDWEIGHTS: 1.0, 0.0, 0.0, 0.0
vb0[479]+056 BLENDINDICES: 0, 0, 0, 0
vb0[479]+072 COLOR: 1.0, 0.5019607843137255, 0.5019607843137255, 0.5019607843137255
vb0[479]+076 TEXCOORD: 0.2679837942123413, 0.6669747829437256

vb0[480]+000 POSITION: 0.08259636908769608, 2.6771175861358643, 0.09550166130065918
vb0[480]+012 NORMAL: 0.8298857808113098, 0.02811569720506668, 0.557224452495575
vb0[480]+024 TANGENT: 0.8323157429695129, 0.028175000101327896, 0.5535853505134583, -1.0
vb0[480]+040 BLENDWEIGHTS: 1.0, 0.0, 0.0, 0.0
vb0[480]+056 BLENDINDICES: 0, 0, 0, 0
vb0[480]+072 COLOR: 1.0, 0.5019607843137255, 0.5019607843137255, 0.5019607843137255
vb0[480]+076 TEXCOORD: 0.28223156929016113, 0.6738002300262451

vb0[481]+000 POSITION: 0.08784587681293488, 2.6741552352905273, 0.08639489114284515
vb0[481]+012 NORMAL: 0.8971306681632996, 0.0066340104676783085, 0.4417155086994171
vb0[481]+024 TANGENT: 0.8976615071296692, 0.0026613473892211914, 0.4406776428222656, -1.0
vb0[481]+040 BLENDWEIGHTS: 1.0, 0.0, 0.0, 0.0
vb0[481]+056 BLENDINDICES: 0, 0, 0, 0
vb0[481]+072 COLOR: 1.0, 0.5019607843137255, 0.5019607843137255, 0.5019607843137255
vb0[481]+076 TEXCOORD: 0.25517570972442627, 0.6606701612472534

vb0[482]+000 POSITION: 0.08764014393091202, 2.665951728820801, 0.08619844168424606
vb0[482]+012 NORMAL: 0.8997986912727356, -0.03351923078298569, 0.43501603603363037
vb0[482]+024 TANGENT: 0.9027038812637329, -0.03845292329788208, 0.42854058742523193, -1.0
vb0[482]+040 BLENDWEIGHTS: 1.0, 0.0, 0.0, 0.0
vb0[482]+056 BLENDINDICES: 0, 0, 0, 0
vb0[482]+072 COLOR: 1.0, 0.5019607843137255, 0.5019607843137255, 0.5019607843137255
vb0[482]+076 TEXCOORD: 0.252166748046875, 0.6411349773406982

vb0[483]+000 POSITION: 0.09010960161685944, 2.6722567081451416, 0.0812099352478981
vb0[483]+012 NORMAL: 0.9242472648620605, -0.009343579411506653, 0.3816799819469452
vb0[483]+024 TANGENT: 0.9234093427658081, -0.019867897033691406, 0.38330209255218506, -1.0
vb0[483]+040 BLENDWEIGHTS: 1.0, 0.0, 0.0, 0.0
vb0[483]+056 BLENDINDICES: 0, 0, 0, 0
vb0[483]+072 COLOR: 1.0, 0.5019607843137255, 0.5019607843137255, 0.5019607843137255
vb0[483]+076 TEXCOORD: 0.24044311046600342, 0.652556300163269

vb0[484]+000 POSITION: 0.08948776125907898, 2.6900951862335205, 0.08201245963573456
vb0[484]+012 NORMAL: 0.8958448767662048, 0.07593685388565063, 0.43783050775527954
vb0[484]+024 TANGENT: 0.8974758386611938, 0.06139218434691429, 0.4367702007293701, -1.0
vb0[484]+040 BLENDWEIGHTS: 1.0, 0.0, 0.0, 0.0
vb0[484]+056 BLENDINDICES: 0, 0, 0, 0
vb0[484]+072 COLOR: 1.0, 0.5019607843137255, 0.5019607843137255, 0.5019607843137255
vb0[484]+076 TEXCOORD: 0.25259721279144287, 0.6974954605102539

vb0[485]+000 POSITION: 0.08311808109283447, 2.6937954425811768, 0.09306321293115616
vb0[485]+012 NORMAL: 0.814508855342865, 0.13750438392162323, 0.5636202692985535
vb0[485]+024 TANGENT: 0.8195806741714478, 0.11470533162355423, 0.5613647103309631, -1.0
vb0[485]+040 BLENDWEIGHTS: 1.0, 0.0, 0.0, 0.0
vb0[485]+056 BLENDINDICES: 0, 0, 0, 0
vb0[485]+072 COLOR: 1.0, 0.5019607843137255, 0.5019607843137255, 0.5019607843137255
vb0[485]+076 TEXCOORD: 0.281765341758728, 0.7094000577926636

vb0[486]+000 POSITION: 0.0836605355143547, 2.7121832370758057, 0.08705614507198334
vb0[486]+012 NORMAL: 0.8089708089828491, 0.21306805312633514, 0.5478762984275818
vb0[486]+024 TANGENT: 0.811803936958313, 0.21119678020477295, 0.544399082660675, -1.0
vb0[486]+040 BLENDWEIGHTS: 1.0, 0.0, 0.0, 0.0
vb0[486]+056 BLENDINDICES: 0, 0, 0, 0
vb0[486]+072 COLOR: 1.0, 0.5019607843137255, 0.5019607843137255, 0.5019607843137255
vb0[486]+076 TEXCOORD: 0.27908313274383545, 0.7521456480026245

vb0[487]+000 POSITION: 0.07321209460496902, 2.7319726943969727, 0.09085248410701752
vb0[487]+012 NORMAL: 0.7047027945518494, 0.331921249628067, 0.6270743608474731
vb0[487]+024 TANGENT: 0.7038421034812927, 0.33014822006225586, 0.6289740204811096, -1.0
vb0[487]+040 BLENDWEIGHTS: 1.0, 0.0, 0.0, 0.0
vb0[487]+056 BLENDINDICES: 0, 0, 0, 0
vb0[487]+072 COLOR: 1.0, 0.5019607843137255, 0.5019607843137255, 0.5019607843137255
vb0[487]+076 TEXCOORD: 0.3125495910644531, 0.8036243915557861

vb0[488]+000 POSITION: 0.08374863117933273, 2.7274794578552246, 0.07885736972093582
vb0[488]+012 NORMAL: 0.8068674802780151, 0.28832393884658813, 0.5155912041664124
vb0[488]+024 TANGENT: 0.8092871904373169, 0.2844672203063965, 0.5139384269714355, -1.0
vb0[488]+040 BLENDWEIGHTS: 1.0, 0.0, 0.0, 0.0
vb0[488]+056 BLENDINDICES: 0, 0, 0, 0
vb0[488]+072 COLOR: 1.0, 0.5019607843137255, 0.5019607843137255, 0.5019607843137255
vb0[488]+076 TEXCOORD: 0.2786811590194702, 0.790472149848938

vb0[489]+000 POSITION: 0.06130193546414375, 2.73447322845459, 0.10066960752010345
vb0[489]+012 NORMAL: 0.5425271391868591, 0.35911989212036133, 0.7594058513641357
vb0[489]+024 TANGENT: 0.5538934469223022, 0.35547304153442383, 0.7528884410858154, -1.0
vb0[489]+040 BLENDWEIGHTS: 1.0, 0.0, 0.0, 0.0
vb0[489]+056 BLENDINDICES: 0, 0, 0, 0
vb0[489]+072 COLOR: 1.0, 0.5019607843137255, 0.5019607843137255, 0.5019607843137255
vb0[489]+076 TEXCOORD: 0.34985923767089844, 0.8094220161437988

vb0[490]+000 POSITION: 0.0440344512462616, 2.7364659309387207, 0.10971229523420334
vb0[490]+012 NORMAL: 0.3634093999862671, 0.3729782700538635, 0.8537100553512573
vb0[490]+024 TANGENT: 0.37443768978118896, 0.3702404499053955, 0.8501284718513489, -1.0
vb0[490]+040 BLENDWEIGHTS: 1.0, 0.0, 0.0, 0.0
vb0[490]+056 BLENDINDICES: 0, 0, 0, 0
vb0[490]+072 COLOR: 1.0, 0.5019607843137255, 0.5019607843137255, 0.5019607843137255
vb0[490]+076 TEXCOORD: 0.39612555503845215, 0.8118964433670044

vb0[491]+000 POSITION: 0.02145514450967312, 2.736672878265381, 0.11713492125272751
vb0[491]+012 NORMAL: 0.21289007365703583, 0.3817151188850403, 0.8994283080101013
vb0[491]+024 TANGENT: 0.21188686788082123, 0.38060614466667175, 0.9001348614692688, -1.0
vb0[491]+040 BLENDWEIGHTS: 1.0, 0.0, 0.0, 0.0
vb0[491]+056 BLENDINDICES: 0, 0, 0, 0
vb0[491]+072 COLOR: 1.0, 0.5019607843137255, 0.5019607843137255, 0.5019607843137255
vb0[491]+076 TEXCOORD: 0.4492887258529663, 0.8085789680480957

vb0[492]+000 POSITION: 0.09093329310417175, 2.706608772277832, 0.07569050788879395
vb0[492]+012 NORMAL: 0.8963453769683838, 0.14104124903678894, 0.42032405734062195
vb0[492]+024 TANGENT: 0.8970168232917786, 0.1387714147567749, 0.4196467697620392, -1.0
vb0[492]+040 BLENDWEIGHTS: 1.0, 0.0, 0.0, 0.0
vb0[492]+056 BLENDINDICES: 0, 0, 0, 0
vb0[492]+072 COLOR: 1.0, 0.5019607843137255, 0.5019607843137255, 0.5019607843137255
vb0[492]+076 TEXCOORD: 0.2507972717285156, 0.737549901008606

vb0[493]+000 POSITION: 0.09624424576759338, 2.700087785720825, 0.06423544138669968
vb0[493]+012 NORMAL: 0.9480743408203125, 0.07424550503492355, 0.30926159024238586
vb0[493]+024 TANGENT: 0.9480606913566589, 0.06971979141235352, 0.3103548288345337, -1.0
vb0[493]+040 BLENDWEIGHTS: 1.0, 0.0, 0.0, 0.0
vb0[493]+056 BLENDINDICES: 0, 0, 0, 0
vb0[493]+072 COLOR: 1.0, 0.5019607843137255, 0.5019607843137255, 0.5019607843137255
vb0[493]+076 TEXCOORD: 0.22179687023162842, 0.71756911277771

vb0[494]+000 POSITION: 0.0940861701965332, 2.685356616973877, 0.07133537530899048
vb0[494]+012 NORMAL: 0.9408859610557556, 0.01834595948457718, 0.3382261097431183
vb0[494]+024 TANGENT: 0.9411289691925049, 0.009170890785753727, 0.33792346715927124, -1.0
vb0[494]+040 BLENDWEIGHTS: 1.0, 0.0, 0.0, 0.0
vb0[494]+056 BLENDINDICES: 0, 0, 0, 0
vb0[494]+072 COLOR: 1.0, 0.5019607843137255, 0.5019607843137255, 0.5019607843137255
vb0[494]+076 TEXCOORD: 0.2259591817855835, 0.681365966796875

vb0[495]+000 POSITION: 0.09172399342060089, 2.722216844558716, 0.0673365443944931
vb0[495]+012 NORMAL: 0.8857685327529907, 0.21747548878192902, 0.4100225269794464
vb0[495]+024 TANGENT: 0.8926056623458862, 0.20971333980560303, 0.3990933895111084, -1.0
vb0[495]+040 BLENDWEIGHTS: 1.0, 0.0, 0.0, 0.0
vb0[495]+056 BLENDINDICES: 0, 0, 0, 0
vb0[495]+072 COLOR: 1.0, 0.5019607843137255, 0.5019607843137255, 0.5019607843137255
vb0[495]+076 TEXCOORD: 0.24901127815246582, 0.7772152423858643

vb0[496]+000 POSITION: 0.09720227122306824, 2.715283155441284, 0.05490613356232643
vb0[496]+012 NORMAL: 0.9508118629455566, 0.11719869077205658, 0.28674253821372986
vb0[496]+024 TANGENT: 0.9505473375320435, 0.12150131165981293, 0.28582701086997986, -1.0
vb0[496]+040 BLENDWEIGHTS: 1.0, 0.0, 0.0, 0.0
vb0[496]+056 BLENDINDICES: 0, 0, 0, 0
vb0[496]+072 COLOR: 1.0, 0.5019607843137255, 0.5019607843137255, 0.5019607843137255
vb0[496]+076 TEXCOORD: 0.2174696922302246, 0.7565990686416626

vb0[497]+000 POSITION: 0.09912029653787613, 2.6912267208099365, 0.053954269737005234
vb0[497]+012 NORMAL: 0.9756938815116882, 0.003281574696302414, 0.21911326050758362
vb0[497]+024 TANGENT: 0.97756028175354, -0.007821977138519287, 0.2105107456445694, -1.0
vb0[497]+040 BLENDWEIGHTS: 1.0, 0.0, 0.0, 0.0
vb0[497]+056 BLENDINDICES: 0, 0, 0, 0
vb0[497]+072 COLOR: 1.0, 0.5019607843137255, 0.5019607843137255, 0.5019607843137255
vb0[497]+076 TEXCOORD: 0.1919565200805664, 0.6898863315582275

vb0[498]+000 POSITION: 0.09743276983499527, 2.679678201675415, 0.05990457907319069
vb0[498]+012 NORMAL: 0.9695927500724792, -0.04329925402998924, 0.24086341261863708
vb0[498]+024 TANGENT: 0.972153902053833, -0.055553972721099854, 0.22766302525997162, -1.0
vb0[498]+040 BLENDWEIGHTS: 1.0, 0.0, 0.0, 0.0
vb0[498]+056 BLENDINDICES: 0, 0, 0, 0
vb0[498]+072 COLOR: 1.0, 0.5019607843137255, 0.5019607843137255, 0.5019607843137255
vb0[498]+076 TEXCOORD: 0.1959289312362671, 0.6615667343139648

vb0[499]+000 POSITION: 0.09911831468343735, 2.6748080253601074, 0.04722217842936516
vb0[499]+012 NORMAL: 0.983725368976593, -0.09238381683826447, 0.15410876274108887
vb0[499]+024 TANGENT: 0.9830471873283386, -0.0980767011642456, 0.15491701662540436, -1.0
vb0[499]+040 BLENDWEIGHTS: 1.0, 0.0, 0.0, 0.0
vb0[499]+056 BLENDINDICES: 0, 0, 0, 0
vb0[499]+072 COLOR: 1.0, 0.5019607843137255, 0.5019607843137255, 0.5019607843137255
vb0[499]+076 TEXCOORD: 0.16377639770507812, 0.6422357559204102

vb0[500]+000 POSITION: 0.10272213071584702, 2.695575475692749, 0.03238988667726517
vb0[500]+012 NORMAL: 0.9887712597846985, -0.02158854529261589, 0.14786875247955322
vb0[500]+024 TANGENT: 0.9886464476585388, -0.023119747638702393, 0.14847135543823242, -1.0
vb0[500]+040 BLENDWEIGHTS: 1.0, 0.0, 0.0, 0.0
vb0[500]+056 BLENDINDICES: 0, 0, 0, 0
vb0[500]+072 COLOR: 1.0, 0.5019607843137255, 0.5019607843137255, 0.5019607843137255
vb0[500]+076 TEXCOORD: 0.15052568912506104, 0.6905453205108643

vb0[501]+000 POSITION: 0.10215494781732559, 2.679802179336548, 0.030009757727384567
vb0[501]+012 NORMAL: 0.9864673018455505, -0.08441747725009918, 0.14055633544921875
vb0[501]+024 TANGENT: 0.9864755272865295, -0.08535195142030716, 0.1399327665567398, -1.0
vb0[501]+040 BLENDWEIGHTS: 1.0, 0.0, 0.0, 0.0
vb0[501]+056 BLENDINDICES: 0, 0, 0, 0
vb0[501]+072 COLOR: 1.0, 0.5019607843137255, 0.5019607843137255, 0.5019607843137255
vb0[501]+076 TEXCOORD: 0.12806344032287598, 0.6453312635421753

vb0[502]+000 POSITION: 0.09580732136964798, 2.666370391845703, 0.06123199313879013
vb0[502]+012 NORMAL: 0.9714949131011963, -0.11711616069078445, 0.2061103731393814
vb0[502]+024 TANGENT: 0.9712475538253784, -0.11844134330749512, 0.206518292427063, -1.0
vb0[502]+040 BLENDWEIGHTS: 1.0, 0.0, 0.0, 0.0
vb0[502]+056 BLENDINDICES: 0, 0, 0, 0
vb0[502]+072 COLOR: 1.0, 0.5019607843137255, 0.5019607843137255, 0.5019607843137255
vb0[502]+076 TEXCOORD: 0.19201278686523438, 0.6274030208587646

vb0[503]+000 POSITION: 0.10101785510778427, 2.7061479091644287, 0.04305240139365196
vb0[503]+012 NORMAL: 0.9781307578086853, 0.052693985402584076, 0.20120546221733093
vb0[503]+024 TANGENT: 0.9798573851585388, 0.047280073165893555, 0.19402098655700684, -1.0
vb0[503]+040 BLENDWEIGHTS: 1.0, 0.0, 0.0, 0.0
vb0[503]+056 BLENDINDICES: 0, 0, 0, 0
vb0[503]+072 COLOR: 1.0, 0.5019607843137255, 0.5019607843137255, 0.5019607843137255
vb0[503]+076 TEXCOORD: 0.18505024909973145, 0.7274774312973022

vb0[504]+000 POSITION: 0.09243077039718628, 2.6700761318206787, 0.07497788220643997
vb0[504]+012 NORMAL: 0.9518176913261414, -0.05925746262073517, 0.300884872674942
vb0[504]+024 TANGENT: 0.9478065371513367, -0.058269210159778595, 0.31347671151161194, -1.0
vb0[504]+040 BLENDWEIGHTS: 1.0, 0.0, 0.0, 0.0
vb0[504]+056 BLENDINDICES: 0, 0, 0, 0
vb0[504]+072 COLOR: 1.0, 0.5019607843137255, 0.5019607843137255, 0.5019607843137255
vb0[504]+076 TEXCOORD: 0.22456300258636475, 0.6443979740142822

vb0[505]+000 POSITION: 0.09159130603075027, 2.660815477371216, 0.07486074417829514
vb0[505]+012 NORMAL: 0.9549694061279297, -0.12814468145370483, 0.2676050364971161
vb0[505]+024 TANGENT: 0.9514113068580627, -0.12068592011928558, 0.2832866609096527, -1.0
vb0[505]+040 BLENDWEIGHTS: 1.0, 0.0, 0.0, 0.0
vb0[505]+056 BLENDINDICES: 0, 0, 0, 0
vb0[505]+072 COLOR: 1.0, 0.5019607843137255, 0.5019607843137255, 0.5019607843137255
vb0[505]+076 TEXCOORD: 0.220800518989563, 0.6209065914154053

vb0[506]+000 POSITION: 0.08973946422338486, 2.663588523864746, 0.08102595061063766
vb0[506]+012 NORMAL: 0.9312161207199097, -0.07512865215539932, 0.35664013028144836
vb0[506]+024 TANGENT: 0.9300233721733093, -0.0752267837524414, 0.35971853137016296, -1.0
vb0[506]+040 BLENDWEIGHTS: 1.0, 0.0, 0.0, 0.0
vb0[506]+056 BLENDINDICES: 0, 0, 0, 0
vb0[506]+072 COLOR: 1.0, 0.5019607843137255, 0.5019607843137255, 0.5019607843137255
vb0[506]+076 TEXCOORD: 0.23469603061676025, 0.6333596706390381

vb0[507]+000 POSITION: 0.10494348406791687, 2.6847622394561768, 0.012840560637414455
vb0[507]+012 NORMAL: 0.9889049530029297, -0.06841147691011429, 0.13185906410217285
vb0[507]+024 TANGENT: 0.9885970950126648, -0.07236707210540771, 0.13205623626708984, -1.0
vb0[507]+040 BLENDWEIGHTS: 1.0, 0.0, 0.0, 0.0
vb0[507]+056 BLENDINDICES: 0, 0, 0, 0
vb0[507]+072 COLOR: 1.0, 0.5019607843137255, 0.5019607843137255, 0.5019607843137255
vb0[507]+076 TEXCOORD: 0.09315872192382812, 0.6512932777404785

vb0[508]+000 POSITION: 0.08742856979370117, 2.660945177078247, 0.08613429218530655
vb0[508]+012 NORMAL: 0.9062898755073547, -0.0734892264008522, 0.41621866822242737
vb0[508]+024 TANGENT: 0.9083911180496216, -0.07117723673582077, 0.4120185375213623, -1.0
vb0[508]+040 BLENDWEIGHTS: 1.0, 0.0, 0.0, 0.0
vb0[508]+056 BLENDINDICES: 0, 0, 0, 0
vb0[508]+072 COLOR: 1.0, 0.5019607843137255, 0.5019607843137255, 0.5019607843137255
vb0[508]+076 TEXCOORD: 0.2496269941329956, 0.6276742219924927

vb0[509]+000 POSITION: 0.08920922875404358, 2.6570186614990234, 0.0804988369345665
vb0[509]+012 NORMAL: 0.9302847981452942, -0.15014326572418213, 0.3347044885158539
vb0[509]+024 TANGENT: 0.9323495626449585, -0.1362699270248413, 0.3348952531814575, -1.0
vb0[509]+040 BLENDWEIGHTS: 1.0, 0.0, 0.0, 0.0
vb0[509]+056 BLENDINDICES: 0, 0, 0, 0
vb0[509]+072 COLOR: 1.0, 0.5019607843137255, 0.5019607843137255, 0.5019607843137255
vb0[509]+076 TEXCOORD: 0.23278236389160156, 0.6154627799987793

vb0[510]+000 POSITION: 0.08449503034353256, 2.6565465927124023, 0.0912998840212822
vb0[510]+012 NORMAL: 0.8687102198600769, -0.15862403810024261, 0.46923452615737915
vb0[510]+024 TANGENT: 0.8662794232368469, -0.1271539330482483, 0.4831065237522125, -1.0
vb0[510]+040 BLENDWEIGHTS: 1.0, 0.0, 0.0, 0.0
vb0[510]+056 BLENDINDICES: 0, 0, 0, 0
vb0[510]+072 COLOR: 1.0, 0.5019607843137255, 0.5019607843137255, 0.25098039215686274
vb0[510]+076 TEXCOORD: 0.264224648475647, 0.6180881261825562

vb0[511]+000 POSITION: 0.08700307458639145, 2.6563897132873535, 0.08596514165401459
vb0[511]+012 NORMAL: 0.9013908505439758, -0.15385116636753082, 0.40475234389305115
vb0[511]+024 TANGENT: 0.9054020643234253, -0.13314461708068848, 0.40313735604286194, -1.0
vb0[511]+040 BLENDWEIGHTS: 1.0, 0.0, 0.0, 0.0
vb0[511]+056 BLENDINDICES: 0, 0, 0, 0
vb0[511]+072 COLOR: 1.0, 0.5019607843137255, 0.5019607843137255, 0.5019607843137255
vb0[511]+076 TEXCOORD: 0.24840939044952393, 0.6151185035705566

vb0[512]+000 POSITION: 0.08502615988254547, 2.645399808883667, 0.08569999784231186
vb0[512]+012 NORMAL: 0.8949132561683655, -0.18867190182209015, 0.4043923616409302
vb0[512]+024 TANGENT: 0.8879275918006897, -0.195668026804924, 0.4162914454936981, -1.0
vb0[512]+040 BLENDWEIGHTS: 1.0, 0.0, 0.0, 0.0
vb0[512]+056 BLENDINDICES: 0, 0, 0, 0
vb0[512]+072 COLOR: 1.0, 0.5019607843137255, 0.5019607843137255, 0.25098039215686274
vb0[512]+076 TEXCOORD: 0.2482251524925232, 0.5848246812820435

vb0[513]+000 POSITION: 0.08248284459114075, 2.645641326904297, 0.09049868583679199
vb0[513]+012 NORMAL: 0.7187035083770752, -0.2778837978839874, 0.637374222278595
vb0[513]+024 TANGENT: 0.772891640663147, -0.28019633889198303, 0.5693230032920837, -1.0
vb0[513]+040 BLENDWEIGHTS: 1.0, 0.0, 0.0, 0.0
vb0[513]+056 BLENDINDICES: 0, 0, 0, 0
vb0[513]+072 COLOR: 1.0, 0.5019607843137255, 0.5019607843137255, 0.0
vb0[513]+076 TEXCOORD: 0.26370447874069214, 0.5888396501541138

vb0[514]+000 POSITION: 0.08737163245677948, 2.6458349227905273, 0.08016054332256317
vb0[514]+012 NORMAL: 0.9229385852813721, -0.18757976591587067, 0.33615225553512573
vb0[514]+024 TANGENT: 0.9237860441207886, -0.1868027299642563, 0.3342515230178833, -1.0
vb0[514]+040 BLENDWEIGHTS: 1.0, 0.0, 0.0, 0.0
vb0[514]+056 BLENDINDICES: 0, 0, 0, 0
vb0[514]+072 COLOR: 1.0, 0.5019607843137255, 0.5019607843137255, 0.5019607843137255
vb0[514]+076 TEXCOORD: 0.2326565980911255, 0.582565188407898

vb0[515]+000 POSITION: 0.08045085519552231, 2.646543025970459, 0.09372536092996597
vb0[515]+012 NORMAL: 0.6684696078300476, -0.4643043577671051, 0.5810074806213379
vb0[515]+024 TANGENT: 0.6874063611030579, -0.44130221009254456, 0.5768231153488159, -1.0
vb0[515]+040 BLENDWEIGHTS: 1.0, 0.0, 0.0, 0.0
vb0[515]+056 BLENDINDICES: 0, 0, 0, 0
vb0[515]+072 COLOR: 1.0, 0.5019607843137255, 0.5019607843137255, 0.0
vb0[515]+076 TEXCOORD: 0.2752288579940796, 0.5935933589935303

vb0[516]+000 POSITION: 0.09760202467441559, 2.662529945373535, 0.04606931656599045
vb0[516]+012 NORMAL: 0.9773930907249451, -0.15059080719947815, 0.1484089344739914
vb0[516]+024 TANGENT: 0.9774972796440125, -0.1495983600616455, 0.14872610569000244, -1.0
vb0[516]+040 BLENDWEIGHTS: 1.0, 0.0, 0.0, 0.0
vb0[516]+056 BLENDINDICES: 0, 0, 0, 0
vb0[516]+072 COLOR: 1.0, 0.5019607843137255, 0.5019607843137255, 0.5019607843137255
vb0[516]+076 TEXCOORD: 0.15393531322479248, 0.6096687316894531

vb0[517]+000 POSITION: 0.10050593316555023, 2.664963960647583, 0.030153054744005203
vb0[517]+012 NORMAL: 0.9805811643600464, -0.151092067360878, 0.12502668797969818
vb0[517]+024 TANGENT: 0.9805224537849426, -0.1515253782272339, 0.12496317923069, -1.0
vb0[517]+040 BLENDWEIGHTS: 1.0, 0.0, 0.0, 0.0
vb0[517]+056 BLENDINDICES: 0, 0, 0, 0
vb0[517]+072 COLOR: 1.0, 0.5019607843137255, 0.5019607843137255, 0.5019607843137255
vb0[517]+076 TEXCOORD: 0.11645913124084473, 0.6059361696243286

vb0[518]+000 POSITION: 0.09864071011543274, 2.6497819423675537, 0.017802249640226364
vb0[518]+012 NORMAL: 0.9756401777267456, -0.19882309436798096, 0.09271286427974701
vb0[518]+024 TANGENT: 0.9757133722305298, -0.19831807911396027, 0.09302354604005814, -1.0
vb0[518]+040 BLENDWEIGHTS: 1.0, 0.0, 0.0, 0.0
vb0[518]+056 BLENDINDICES: 0, 0, 0, 0
vb0[518]+072 COLOR: 1.0, 0.5019607843137255, 0.5019607843137255, 0.5019607843137255
vb0[518]+076 TEXCOORD: 0.07138895988464355, 0.5603115558624268

vb0[519]+000 POSITION: 0.10252102464437485, 2.667151927947998, 0.014805130660533905
vb0[519]+012 NORMAL: 0.9822285771369934, -0.15049272775650024, 0.1121566891670227
vb0[519]+024 TANGENT: 0.982348620891571, -0.14999854564666748, 0.11176597326993942, -1.0
vb0[519]+040 BLENDWEIGHTS: 1.0, 0.0, 0.0, 0.0
vb0[519]+056 BLENDINDICES: 0, 0, 0, 0
vb0[519]+072 COLOR: 1.0, 0.5019607843137255, 0.5019607843137255, 0.5019607843137255
vb0[519]+076 TEXCOORD: 0.08270108699798584, 0.6036204099655151

vb0[520]+000 POSITION: 0.10581435263156891, 2.7034687995910645, 0.011021782644093037
vb0[520]+012 NORMAL: 0.989984393119812, -0.005990609060972929, 0.14105001091957092
vb0[520]+024 TANGENT: 0.9900637269020081, -0.007768749725073576, 0.1404043287038803, -1.0
vb0[520]+040 BLENDWEIGHTS: 1.0, 0.0, 0.0, 0.0
vb0[520]+056 BLENDINDICES: 0, 0, 0, 0
vb0[520]+072 COLOR: 1.0, 0.5019607843137255, 0.5019607843137255, 0.5019607843137255
vb0[520]+076 TEXCOORD: 0.10927175730466843, 0.7013208866119385

vb0[521]+000 POSITION: 0.10320273786783218, 2.718431234359741, 0.026472389698028564
vb0[521]+012 NORMAL: 0.9844575524330139, 0.04913773760199547, 0.1686086505651474
vb0[521]+024 TANGENT: 0.9844903349876404, 0.04924607649445534, 0.16838526725769043, -1.0
vb0[521]+040 BLENDWEIGHTS: 1.0, 0.0, 0.0, 0.0
vb0[521]+056 BLENDINDICES: 0, 0, 0, 0
vb0[521]+072 COLOR: 1.0, 0.5019607843137255, 0.5019607843137255, 0.5019607843137255
vb0[521]+076 TEXCOORD: 0.16352033615112305, 0.7538481950759888

vb0[522]+000 POSITION: 0.09895283728837967, 2.7297756671905518, 0.04203993082046509
vb0[522]+012 NORMAL: 0.9582380056381226, 0.12573634088039398, 0.25684690475463867
vb0[522]+024 TANGENT: 0.9567591547966003, 0.12792301177978516, 0.26124250888824463, -1.0
vb0[522]+040 BLENDWEIGHTS: 1.0, 0.0, 0.0, 0.0
vb0[522]+056 BLENDINDICES: 0, 0, 0, 0
vb0[522]+072 COLOR: 1.0, 0.5019607843137255, 0.5019607843137255, 0.5019607843137255
vb0[522]+076 TEXCOORD: 0.2072676420211792, 0.7937366962432861

vb0[523]+000 POSITION: 0.09303934872150421, 2.7375242710113525, 0.055283740162849426
vb0[523]+012 NORMAL: 0.8828347325325012, 0.24097000062465668, 0.4031579792499542
vb0[523]+024 TANGENT: 0.8981968760490417, 0.22133243083953857, 0.37980830669403076, -1.0
vb0[523]+040 BLENDWEIGHTS: 1.0, 0.0, 0.0, 0.0
vb0[523]+056 BLENDINDICES: 0, 0, 0, 0
vb0[523]+072 COLOR: 1.0, 0.5019607843137255, 0.5019607843137255, 0.5019607843137255
vb0[523]+076 TEXCOORD: 0.2443089485168457, 0.818295955657959

vb0[524]+000 POSITION: 0.0843065157532692, 2.743908643722534, 0.0675618126988411
vb0[524]+012 NORMAL: 0.8118255734443665, 0.3088234066963196, 0.4955475330352783
vb0[524]+024 TANGENT: 0.8136194944381714, 0.3075457513332367, 0.49339529871940613, -1.0
vb0[524]+040 BLENDWEIGHTS: 1.0, 0.0, 0.0, 0.0
vb0[524]+056 BLENDINDICES: 0, 0, 0, 0
vb0[524]+072 COLOR: 1.0, 0.5019607843137255, 0.5019607843137255, 0.5019607843137255
vb0[524]+076 TEXCOORD: 0.27691853046417236, 0.8384110927581787

vb0[525]+000 POSITION: 0.07339434325695038, 2.7490463256835938, 0.0802922397851944
vb0[525]+012 NORMAL: 0.7206313014030457, 0.35696640610694885, 0.5943614840507507
vb0[525]+024 TANGENT: 0.7191043496131897, 0.3575562536716461, 0.5958544611930847, -1.0
vb0[525]+040 BLENDWEIGHTS: 1.0, 0.0, 0.0, 0.0
vb0[525]+056 BLENDINDICES: 0, 0, 0, 0
vb0[525]+072 COLOR: 1.0, 0.5019607843137255, 0.5019607843137255, 0.5019607843137255
vb0[525]+076 TEXCOORD: 0.3111952543258667, 0.8551855087280273

vb0[526]+000 POSITION: 0.06154990941286087, 2.7527174949645996, 0.09032799303531647
vb0[526]+012 NORMAL: 0.5633097290992737, 0.39803946018218994, 0.7240487933158875
vb0[526]+024 TANGENT: 0.5744185447692871, 0.39623773097991943, 0.7162674069404602, -1.0
vb0[526]+040 BLENDWEIGHTS: 1.0, 0.0, 0.0, 0.0
vb0[526]+056 BLENDINDICES: 0, 0, 0, 0
vb0[526]+072 COLOR: 1.0, 0.5019607843137255, 0.5019607843137255, 0.5019607843137255
vb0[526]+076 TEXCOORD: 0.3487125635147095, 0.8636419773101807

vb0[527]+000 POSITION: 0.044218577444553375, 2.7554428577423096, 0.1001838967204094
vb0[527]+012 NORMAL: 0.37524086236953735, 0.426171213388443, 0.8231478929519653
vb0[527]+024 TANGENT: 0.3868027627468109, 0.42457225918769836, 0.818609893321991, -1.0
vb0[527]+040 BLENDWEIGHTS: 1.0, 0.0, 0.0, 0.0
vb0[527]+056 BLENDINDICES: 0, 0, 0, 0
vb0[527]+072 COLOR: 1.0, 0.5019607843137255, 0.5019607843137255, 0.5019607843137255
vb0[527]+076 TEXCOORD: 0.3952521085739136, 0.8684284687042236

vb0[528]+000 POSITION: 0.02111274190247059, 2.75675892829895, 0.10677456855773926
vb0[528]+012 NORMAL: 0.2050773948431015, 0.45221248269081116, 0.8680132627487183
vb0[528]+024 TANGENT: 0.2035617232322693, 0.4525064527988434, 0.868216872215271, -1.0
vb0[528]+040 BLENDWEIGHTS: 1.0, 0.0, 0.0, 0.0
vb0[528]+056 BLENDINDICES: 0, 0, 0, 0
vb0[528]+072 COLOR: 1.0, 0.5019607843137255, 0.5019607843137255, 0.5019607843137255
vb0[528]+076 TEXCOORD: 0.4500185251235962, 0.8686923980712891

vb0[529]+000 POSITION: 0.08268233388662338, 2.594252347946167, 0.028882300481200218
vb0[529]+012 NORMAL: 0.9463129043579102, -0.3232145309448242, -0.004909145645797253
vb0[529]+024 TANGENT: 0.9468188881874084, -0.32169607281684875, -0.006744145881384611, -1.0
vb0[529]+040 BLENDWEIGHTS: 1.0, 0.0, 0.0, 0.0
vb0[529]+056 BLENDINDICES: 0, 0, 0, 0
vb0[529]+072 COLOR: 1.0, 0.5019607843137255, 0.5019607843137255, 0.5019607843137255
vb0[529]+076 TEXCOORD: 0.1259317398071289, 0.39529263973236084
